provider,model,group,persona,run_id,scenario_id,scenario_label,scenario_theme,rate_decision_bps,target_rate_level,primary_concern,rationale,confidence,total_tokens,date,fed_funds,gdp_growth,pce_inflation,cpi_inflation,unemployment_rate,output_gap,inflation_expectation_5y,michigan_1y_expected_inflation,financial_stress_index,vix,epu_index,consumer_sentiment,treasury_spread_10y_2y,oil_price_growth,recession_dummy,election_year,president_party,political_pressure_index,chair_leaning
deepseek,deepseek-v4-flash,policy_persona,hawk,1,sc1,Scenario A,hot inflation with strong real activity,25,5.25,inflation,"With PCE inflation at 3.8% and CPI at 4.2%, both well above the 2% target, and 5-year inflation expectations elevated at 2.7%, price stability remains the primary concern. Strong GDP growth of 3.1% and a low unemployment rate of 3.8% indicate a robust economy that can withstand further tightening. Additionally, oil price growth of 8% poses upside risks to inflation. Therefore, a 25 basis point hike is warranted to reaffirm commitment to the inflation target.",0.8,1052,Scenario A,5.0,3.1,3.8,4.2,3.8,1.0,2.7,3.5,0.2,15,105,78,0.2,8,0,0,Democratic,0,centrist
deepseek,deepseek-v4-flash,policy_persona,hawk,2,sc1,Scenario A,hot inflation with strong real activity,25,5.25,inflation,"PCE inflation at 3.8% and CPI at 4.2% remain well above the 2% target, indicating persistent price pressures. The output gap of 1.0% suggests the economy is operating above potential, and unemployment at 3.8% is below natural estimates, warranting further tightening. Strong GDP growth at 3.1% supports a 25 basis point hike to anchor inflation expectations.",0.8,979,Scenario A,5.0,3.1,3.8,4.2,3.8,1.0,2.7,3.5,0.2,15,105,78,0.2,8,0,0,Democratic,0,centrist
deepseek,deepseek-v4-flash,policy_persona,hawk,3,sc1,Scenario A,hot inflation with strong real activity,25,5.25,inflation,"PCE inflation at 3.8% and CPI at 4.2% remain well above the 2% target, while unemployment is low at 3.8% and the output gap is positive at 1.0%, indicating a strong economy. Elevated inflation expectations (5-year at 2.7% and Michigan 1-year at 3.5%) further underscore the need for continued tightening to ensure price stability.",0.8,1076,Scenario A,5.0,3.1,3.8,4.2,3.8,1.0,2.7,3.5,0.2,15,105,78,0.2,8,0,0,Democratic,0,centrist
deepseek,deepseek-v4-flash,policy_persona,hawk,4,sc1,Scenario A,hot inflation with strong real activity,25,5.25,inflation,"PCE inflation at 3.8% and CPI at 4.2% remain well above the 2% target, while 5-year inflation expectations at 2.7% suggest de-anchoring risks. The unemployment rate at 3.8% is near historic lows and the output gap is positive at 1.0%, indicating the economy is above potential. Given the robust GDP growth of 3.1%, a modest rate hike is warranted to further tighten policy and ensure inflation returns to target.",0.85,1024,Scenario A,5.0,3.1,3.8,4.2,3.8,1.0,2.7,3.5,0.2,15,105,78,0.2,8,0,0,Democratic,0,centrist
deepseek,deepseek-v4-flash,policy_persona,hawk,5,sc1,Scenario A,hot inflation with strong real activity,25,5.25,inflation,"PCE inflation at 3.8% and CPI at 4.2% remain well above the 2% target, driven by strong GDP growth of 3.1% and a tight labor market with unemployment at 3.8%. The positive output gap of 1.0% and elevated inflation expectations further support a hawkish tilt to ensure price stability.",0.8,1021,Scenario A,5.0,3.1,3.8,4.2,3.8,1.0,2.7,3.5,0.2,15,105,78,0.2,8,0,0,Democratic,0,centrist
deepseek,deepseek-v4-flash,policy_persona,hawk,6,sc1,Scenario A,hot inflation with strong real activity,50,5.5,inflation,"PCE inflation at 3.8% and CPI at 4.2% remain well above the 2% target. Inflation expectations are elevated with the 5-year at 2.7% and Michigan 1-year at 3.5%. The output gap is positive at 1.0%, indicating above-potential growth. A 50 basis point hike is necessary to tighten financial conditions and anchor inflation expectations.",0.85,951,Scenario A,5.0,3.1,3.8,4.2,3.8,1.0,2.7,3.5,0.2,15,105,78,0.2,8,0,0,Democratic,0,centrist
deepseek,deepseek-v4-flash,policy_persona,hawk,7,sc1,Scenario A,hot inflation with strong real activity,50,5.5,inflation,"PCE inflation at 3.8% and CPI at 4.2% remain well above the 2% target, while 5-year inflation expectations have risen to 2.7%, indicating de-anchoring risks. Strong GDP growth of 3.1% and a low unemployment rate of 3.8% provide the economy with sufficient capacity to absorb further tightening. The positive output gap of 1.0% suggests demand is outpacing supply, reinforcing the need for a 50 basis point hike to bring inflation back under control.",0.8,1040,Scenario A,5.0,3.1,3.8,4.2,3.8,1.0,2.7,3.5,0.2,15,105,78,0.2,8,0,0,Democratic,0,centrist
deepseek,deepseek-v4-flash,policy_persona,hawk,8,sc1,Scenario A,hot inflation with strong real activity,25,5.25,inflation,"PCE inflation at 3.8% and CPI at 4.2% remain well above the 2% target, while the low unemployment rate of 3.8% and positive output gap of 1.0% indicate an overheating economy. Additionally, 5-year inflation expectations at 2.7% and Michigan 1-year expected inflation at 3.5% pose upside risks. A 25 bps hike is warranted to preempt further inflationary pressures and anchor expectations.",0.85,1036,Scenario A,5.0,3.1,3.8,4.2,3.8,1.0,2.7,3.5,0.2,15,105,78,0.2,8,0,0,Democratic,0,centrist
deepseek,deepseek-v4-flash,policy_persona,hawk,9,sc1,Scenario A,hot inflation with strong real activity,25,5.25,inflation,"PCE inflation at 3.8% and CPI at 4.2% remain well above the 2% target, while the unemployment rate is low at 3.8% and the output gap is positive at 1.0%, indicating a tight labor market and above-trend growth. Additionally, 5-year inflation expectations are elevated at 2.7%, and Michigan 1-year expected inflation is 3.5%, suggesting inflation is not yet anchored. A 25 basis point hike is warranted to further curb inflationary pressures and maintain credibility on price stability.",0.8,1048,Scenario A,5.0,3.1,3.8,4.2,3.8,1.0,2.7,3.5,0.2,15,105,78,0.2,8,0,0,Democratic,0,centrist
deepseek,deepseek-v4-flash,policy_persona,hawk,10,sc1,Scenario A,hot inflation with strong real activity,25,5.25,inflation,"PCE inflation at 3.8% and CPI at 4.2% remain well above the 2% target, while the unemployment rate is low at 3.8% and GDP growth is strong at 3.1%, indicating an overheating economy. Inflation expectations have edged up (5-year at 2.7%, Michigan 1-year at 3.5%), warranting a preemptive tightening to anchor them. A 25 basis point hike is appropriate to gradually reduce inflation without disrupting financial stability given the low stress index.",0.85,1126,Scenario A,5.0,3.1,3.8,4.2,3.8,1.0,2.7,3.5,0.2,15,105,78,0.2,8,0,0,Democratic,0,centrist
deepseek,deepseek-v4-flash,policy_persona,hawk,11,sc1,Scenario A,hot inflation with strong real activity,50,5.5,inflation,"PCE inflation at 3.8% and CPI at 4.2% remain well above the 2% target, while the output gap of 1.0% indicates an overheating economy. Strong GDP growth of 3.1% and a low unemployment rate of 3.8% suggest the labor market is tight, supporting aggressive policy action. Given elevated inflation expectations (Michigan 1-year at 3.5%), a 50 basis point hike is needed to anchor expectations and maintain price stability.",0.85,1028,Scenario A,5.0,3.1,3.8,4.2,3.8,1.0,2.7,3.5,0.2,15,105,78,0.2,8,0,0,Democratic,0,centrist
deepseek,deepseek-v4-flash,policy_persona,hawk,12,sc1,Scenario A,hot inflation with strong real activity,50,5.5,inflation,"PCE inflation at 3.8% and CPI at 4.2% remain well above the 2% target, with elevated inflation expectations (5-year 2.7%, Michigan 1-year 3.5%). Strong GDP growth of 3.1% and a positive output gap of 1.0% indicate an overheating economy, while unemployment at 3.8% is below sustainable levels. A 50-basis-point hike is warranted to preempt further inflationary pressures and anchor expectations.",0.85,1036,Scenario A,5.0,3.1,3.8,4.2,3.8,1.0,2.7,3.5,0.2,15,105,78,0.2,8,0,0,Democratic,0,centrist
deepseek,deepseek-v4-flash,policy_persona,hawk,13,sc1,Scenario A,hot inflation with strong real activity,25,5.25,inflation,"With PCE inflation at 3.8% and CPI at 4.2%, both well above the 2% target, and unemployment at 3.8% signaling a tight labor market, price stability remains the primary concern. Strong GDP growth of 3.1% and elevated inflation expectations (5-year at 2.7%) further support tightening. Additionally, rising oil prices (8%) pose upside inflation risks, justifying a 25-bps hike.",0.8,1129,Scenario A,5.0,3.1,3.8,4.2,3.8,1.0,2.7,3.5,0.2,15,105,78,0.2,8,0,0,Democratic,0,centrist
deepseek,deepseek-v4-flash,policy_persona,hawk,14,sc1,Scenario A,hot inflation with strong real activity,25,5.25,inflation,"PCE inflation at 3.8% and CPI at 4.2% remain well above the 2% target, while inflation expectations (both 5-year and Michigan 1-year) are elevated. The unemployment rate is low at 3.8% and the output gap is positive at 1.0%, indicating a tight labor market and above-potential growth, which could sustain inflationary pressures. Financial conditions are not restrictive enough, as the financial stress index is low and oil prices are rising. Therefore, a 25 basis point hike is warranted to bring inflation back to target.",0.85,1081,Scenario A,5.0,3.1,3.8,4.2,3.8,1.0,2.7,3.5,0.2,15,105,78,0.2,8,0,0,Democratic,0,centrist
deepseek,deepseek-v4-flash,policy_persona,hawk,15,sc1,Scenario A,hot inflation with strong real activity,25,5.25,inflation,"PCE inflation at 3.8% and CPI at 4.2% remain well above the 2% target, while the positive output gap of 1.0% indicates excess demand. Inflation expectations are elevated, with 5-year at 2.7% and Michigan 1-year at 3.5%. Despite low unemployment at 3.8%, strong GDP growth of 3.1% supports further tightening to anchor inflation expectations and achieve price stability.",0.8,936,Scenario A,5.0,3.1,3.8,4.2,3.8,1.0,2.7,3.5,0.2,15,105,78,0.2,8,0,0,Democratic,0,centrist
deepseek,deepseek-v4-flash,policy_persona,hawk,1,sc2,Scenario B,weak labor market with near-target inflation,0,5.0,inflation,"PCE inflation at 2.1% is near target, but CPI at 2.4% and Michigan 1-year expected inflation at 2.5% suggest persistent price pressures. With GDP growth of only 0.5% and unemployment at 6.0%, the economy is weak, but inflation risks remain elevated. Holding the rate supports maximum employment while maintaining vigilance on inflation.",0.7,1170,Scenario B,5.0,0.5,2.1,2.4,6.0,-1.5,2.1,2.5,0.5,20,125,65,-0.4,-6,0,0,Democratic,0,centrist
deepseek,deepseek-v4-flash,policy_persona,hawk,2,sc2,Scenario B,weak labor market with near-target inflation,0,5.0,inflation,"Inflation remains slightly above the 2% target with PCE at 2.1% and CPI at 2.4%, while unemployment is elevated at 6.0% and the output gap is negative at -1.5%. Financial stress is moderate with an FSI of 0.5, and the inverted yield curve (-0.4 pp) suggests caution. Holding rates allows further assessment of economic weakness while maintaining progress toward price stability.",0.8,1273,Scenario B,5.0,0.5,2.1,2.4,6.0,-1.5,2.1,2.5,0.5,20,125,65,-0.4,-6,0,0,Democratic,0,centrist
deepseek,deepseek-v4-flash,policy_persona,hawk,3,sc2,Scenario B,weak labor market with near-target inflation,0,5.0,balanced,"PCE inflation at 2.1% and CPI at 2.4% are near the 2% target, but unemployment at 6.0% and GDP growth of 0.5% signal a weak economy. Holding the rate supports maximum employment while monitoring inflation, given anchored expectations and a negative output gap.",0.7,1035,Scenario B,5.0,0.5,2.1,2.4,6.0,-1.5,2.1,2.5,0.5,20,125,65,-0.4,-6,0,0,Democratic,0,centrist
deepseek,deepseek-v4-flash,policy_persona,hawk,4,sc2,Scenario B,weak labor market with near-target inflation,0,5.0,inflation,"PCE inflation at 2.1% is near target but CPI at 2.4% and Michigan 1-year expected inflation at 2.5% indicate persistent upside risks. Unemployment at 6.0% and negative output gap reflect economic slack, but inflation concerns take precedence to anchor expectations. The 5-year inflation expectation remains at 2.1%, supporting a hold.",0.7,1122,Scenario B,5.0,0.5,2.1,2.4,6.0,-1.5,2.1,2.5,0.5,20,125,65,-0.4,-6,0,0,Democratic,0,centrist
deepseek,deepseek-v4-flash,policy_persona,hawk,5,sc2,Scenario B,weak labor market with near-target inflation,0,5.0,inflation,"PCE inflation at 2.1% remains slightly above the 2% target, and the 5-year inflation expectation is 2.1%, indicating persistent price pressures. However, the unemployment rate is elevated at 6.0% and the output gap is -1.5%, suggesting economic slack. Given the hawkish priority on price stability, maintaining the current rate is prudent to anchor inflation expectations while supporting maximum employment. The near-target inflation and weak growth balance caution against a cut.",0.7,1250,Scenario B,5.0,0.5,2.1,2.4,6.0,-1.5,2.1,2.5,0.5,20,125,65,-0.4,-6,0,0,Democratic,0,centrist
deepseek,deepseek-v4-flash,policy_persona,hawk,6,sc2,Scenario B,weak labor market with near-target inflation,0,5.0,inflation,"PCE inflation at 2.1% remains above the 2% target, while CPI is at 2.4%, indicating persistent price pressures. Although unemployment is high at 6.0% and GDP growth is weak at 0.5%, the negative output gap of -1.5% suggests slack that could help ease inflation over time. Holding rates steady allows for further assessment while maintaining restraint to ensure inflation returns to target.",0.8,1170,Scenario B,5.0,0.5,2.1,2.4,6.0,-1.5,2.1,2.5,0.5,20,125,65,-0.4,-6,0,0,Democratic,0,centrist
deepseek,deepseek-v4-flash,policy_persona,hawk,7,sc2,Scenario B,weak labor market with near-target inflation,0,5.0,inflation,"PCE inflation remains slightly above the 2% target at 2.1%, and CPI inflation is higher at 2.4%. Michigan 1-year expected inflation is 2.5%, indicating persistent inflation pressures. While GDP growth is weak at 0.5% and unemployment is elevated at 6.0%, the cautious approach is to hold rates steady to ensure inflation returns to target without prematurely easing policy.",0.7,1262,Scenario B,5.0,0.5,2.1,2.4,6.0,-1.5,2.1,2.5,0.5,20,125,65,-0.4,-6,0,0,Democratic,0,centrist
deepseek,deepseek-v4-flash,policy_persona,hawk,8,sc2,Scenario B,weak labor market with near-target inflation,0,5.0,inflation,PCE inflation at 2.1% is near target but CPI at 2.4% and Michigan 1-year expected inflation at 2.5% indicate upside risks. Unemployment at 6.0% is high but output gap negative suggests slack. Financial stress index low and recession dummy 0 support a hold to maintain price stability.,0.8,1076,Scenario B,5.0,0.5,2.1,2.4,6.0,-1.5,2.1,2.5,0.5,20,125,65,-0.4,-6,0,0,Democratic,0,centrist
deepseek,deepseek-v4-flash,policy_persona,hawk,9,sc2,Scenario B,weak labor market with near-target inflation,0,5.0,inflation,"PCE inflation at 2.1% remains above the 2% target, and CPI at 2.4% along with elevated Michigan 1-year expected inflation at 2.5% indicate persistent price pressures. Despite high unemployment at 6.0% and weak GDP growth of 0.5%, the output gap at -1.5% suggests economic slack. As a hawk prioritizing price stability, holding rates steady is prudent to ensure inflation returns to target without prematurely easing.",0.8,1198,Scenario B,5.0,0.5,2.1,2.4,6.0,-1.5,2.1,2.5,0.5,20,125,65,-0.4,-6,0,0,Democratic,0,centrist
deepseek,deepseek-v4-flash,policy_persona,hawk,10,sc2,Scenario B,weak labor market with near-target inflation,0,5.0,inflation,"PCE inflation at 2.1% is near target, but CPI at 2.4% and Michigan 1-year expected inflation at 2.5% signal persistent price pressures. Meanwhile, GDP growth at 0.5% and unemployment at 6.0% reflect economic weakness, and the negative output gap of -1.5% dampens the urgency to tighten. Given my hawkish priority on price stability, I choose to hold rates steady to monitor inflation dynamics without undermining employment.",0.75,1688,Scenario B,5.0,0.5,2.1,2.4,6.0,-1.5,2.1,2.5,0.5,20,125,65,-0.4,-6,0,0,Democratic,0,centrist
deepseek,deepseek-v4-flash,policy_persona,hawk,11,sc2,Scenario B,weak labor market with near-target inflation,0,5.0,balanced,"PCE inflation is at 2.1%, near target, but CPI at 2.4% and Michigan 1-year expected inflation at 2.5% suggest some upward pressure. Unemployment is at 6.0%, well above estimates of full employment, and GDP growth is weak at 0.5%, with a negative output gap of -1.5%. Holding rates allows further assessment while balancing inflation and employment risks.",0.8,1397,Scenario B,5.0,0.5,2.1,2.4,6.0,-1.5,2.1,2.5,0.5,20,125,65,-0.4,-6,0,0,Democratic,0,centrist
deepseek,deepseek-v4-flash,policy_persona,hawk,12,sc2,Scenario B,weak labor market with near-target inflation,0,5.0,inflation,"PCE inflation at 2.1% and CPI at 2.4% remain above the 2% target, while the unemployment rate is elevated at 6.0% and GDP growth is sluggish at 0.5%. The negative output gap suggests slack, but as a hawk, I prioritize price stability. Holding the rate allows more time to assess whether inflation will durably return to target without risking a recession.",0.7,1419,Scenario B,5.0,0.5,2.1,2.4,6.0,-1.5,2.1,2.5,0.5,20,125,65,-0.4,-6,0,0,Democratic,0,centrist
deepseek,deepseek-v4-flash,policy_persona,hawk,13,sc2,Scenario B,weak labor market with near-target inflation,-25,4.75,inflation,"PCE inflation at 2.1% remains slightly above the 2% target, while CPI inflation at 2.4% indicates persistent price pressures. However, the unemployment rate at 6.0% and GDP growth of only 0.5% signal economic weakness, and the negative output gap of -1.5% suggests slack. Given anchored inflation expectations and moderate financial stress, a modest 25 basis point cut balances the need to support maximum employment while maintaining credibility on price stability.",0.7,1617,Scenario B,5.0,0.5,2.1,2.4,6.0,-1.5,2.1,2.5,0.5,20,125,65,-0.4,-6,0,0,Democratic,0,centrist
deepseek,deepseek-v4-flash,policy_persona,hawk,14,sc2,Scenario B,weak labor market with near-target inflation,0,5.0,inflation,"PCE inflation at 2.1% remains above the 2% target, CPI inflation at 2.4% and Michigan 1-year expected inflation at 2.5% indicate persistent price pressures. Despite weak GDP growth of 0.5% and high unemployment at 6.0%, the output gap of -1.5% suggests slack, but inflation expectations are not yet anchored. Given the hawkish stance, holding the federal funds rate at 5.0% is necessary to ensure inflation returns sustainably to target.",0.7,1399,Scenario B,5.0,0.5,2.1,2.4,6.0,-1.5,2.1,2.5,0.5,20,125,65,-0.4,-6,0,0,Democratic,0,centrist
deepseek,deepseek-v4-flash,policy_persona,hawk,15,sc2,Scenario B,weak labor market with near-target inflation,0,5.0,inflation,"PCE inflation at 2.1% is near the 2% target, but CPI at 2.4% and Michigan 1-year expected inflation at 2.5% indicate persistent price pressures. GDP growth is weak at 0.5% and unemployment is elevated at 6.0%, yet the negative output gap (-1.5%) suggests slack. As a hawk, I prioritize price stability, so holding rates steady is prudent to ensure inflation remains anchored.",0.7,1327,Scenario B,5.0,0.5,2.1,2.4,6.0,-1.5,2.1,2.5,0.5,20,125,65,-0.4,-6,0,0,Democratic,0,centrist
deepseek,deepseek-v4-flash,policy_persona,hawk,1,sc3,Scenario C,mixed inflation-employment tradeoff,25,5.25,inflation,"PCE inflation at 3.1% and CPI at 3.4% remain well above the 2% target, while 5-year inflation expectations at 2.4% suggest some de-anchoring risk. Despite a slight negative output gap and unemployment at 4.9%, the labor market remains tight enough to support further tightening. A 25 basis point hike is warranted to reinforce commitment to price stability.",0.8,971,Scenario C,5.0,1.8,3.1,3.4,4.9,-0.5,2.4,3.0,0.4,18,115,70,-0.1,4,0,0,Democratic,0,centrist
deepseek,deepseek-v4-flash,policy_persona,hawk,2,sc3,Scenario C,mixed inflation-employment tradeoff,25,5.25,inflation,"PCE inflation remains elevated at 3.1%, well above the 2% target, and CPI inflation stands at 3.4%. Inflation expectations, such as the 5-year at 2.4% and Michigan 1-year at 3.0%, indicate persistent price pressures. While the output gap is negative at -0.5% and GDP growth is moderate at 1.8%, the unemployment rate at 4.9% suggests a still-tight labor market. To ensure price stability, a 25 basis point hike is warranted.",0.8,1063,Scenario C,5.0,1.8,3.1,3.4,4.9,-0.5,2.4,3.0,0.4,18,115,70,-0.1,4,0,0,Democratic,0,centrist
deepseek,deepseek-v4-flash,policy_persona,hawk,3,sc3,Scenario C,mixed inflation-employment tradeoff,25,5.25,inflation,"PCE inflation at 3.1% and CPI at 3.4% remain well above the 2% target, while 5-year inflation expectations at 2.4% and Michigan 1-year expectations at 3.0% indicate persistent inflationary pressures. The negative output gap of -0.5% and unemployment at 4.9% suggest some slack, but strong oil price growth of 4% could fuel further inflation. Given the low financial stress index of 0.4 and no imminent recession risk, a 25 basis point hike is warranted to ensure price stability.",0.7,1385,Scenario C,5.0,1.8,3.1,3.4,4.9,-0.5,2.4,3.0,0.4,18,115,70,-0.1,4,0,0,Democratic,0,centrist
deepseek,deepseek-v4-flash,policy_persona,hawk,4,sc3,Scenario C,mixed inflation-employment tradeoff,25,5.25,inflation,"PCE inflation at 3.1% remains well above the 2% target, while CPI inflation at 3.4% and elevated inflation expectations (5-year 2.4%, Michigan 1-year 3.0%) underscore persistent price pressures. Despite a negative output gap of -0.5% and moderate GDP growth of 1.8%, unemployment at 4.9% is still near historical lows, and financial stress is low (index 0.4), allowing continued tightening. A 25bp hike reinforces commitment to price stability without risking severe economic disruption.",0.7,1065,Scenario C,5.0,1.8,3.1,3.4,4.9,-0.5,2.4,3.0,0.4,18,115,70,-0.1,4,0,0,Democratic,0,centrist
deepseek,deepseek-v4-flash,policy_persona,hawk,5,sc3,Scenario C,mixed inflation-employment tradeoff,25,5.25,inflation,"PCE inflation at 3.1% and CPI at 3.4% remain above the 2% target, while 5-year inflation expectations at 2.4% and Michigan 1-year expected inflation at 3.0% signal persistent inflationary pressures. GDP growth is moderate at 1.8%, and the unemployment rate at 4.9% with a negative output gap of -0.5% suggest some economic slack, but restoring price stability is paramount. The yield curve inversion of -0.1 percentage points and financial stress index of 0.4 indicate manageable risks, so a 25 bps hike reinforces commitment to the 2% inflation goal.",0.7,1192,Scenario C,5.0,1.8,3.1,3.4,4.9,-0.5,2.4,3.0,0.4,18,115,70,-0.1,4,0,0,Democratic,0,centrist
deepseek,deepseek-v4-flash,policy_persona,hawk,6,sc3,Scenario C,mixed inflation-employment tradeoff,25,5.25,inflation,"PCE inflation at 3.1% and CPI at 3.4% remain well above the 2% target, while 5-year inflation expectations at 2.4% indicate persistent inflationary pressures. Unemployment at 4.9% is near the natural rate, and the output gap is slightly negative, suggesting some slack. A 25 bps hike reinforces commitment to price stability without derailing the labor market.",0.7,1026,Scenario C,5.0,1.8,3.1,3.4,4.9,-0.5,2.4,3.0,0.4,18,115,70,-0.1,4,0,0,Democratic,0,centrist
deepseek,deepseek-v4-flash,policy_persona,hawk,7,sc3,Scenario C,mixed inflation-employment tradeoff,25,5.25,inflation,"PCE inflation at 3.1% and CPI at 3.4% remain above the 2% target, while inflation expectations (5-year 2.4%, Michigan 1-year 3.0%) are elevated, necessitating further tightening. Despite a negative output gap of -0.5% and moderate GDP growth of 1.8%, the risk of entrenched inflation outweighs short-term employment concerns given unemployment at 4.9%. Financial conditions remain stable with a financial stress index of 0.4, supporting a measured rate hike.",0.75,1183,Scenario C,5.0,1.8,3.1,3.4,4.9,-0.5,2.4,3.0,0.4,18,115,70,-0.1,4,0,0,Democratic,0,centrist
deepseek,deepseek-v4-flash,policy_persona,hawk,8,sc3,Scenario C,mixed inflation-employment tradeoff,25,5.25,inflation,"PCE inflation at 3.1% and CPI at 3.4% remain well above the 2% target, while both 5-year and 1-year inflation expectations are elevated (2.4% and 3.0% respectively). Although the unemployment rate at 4.9% is near full employment and the output gap is slightly negative (-0.5%), persistent inflation risks require further tightening to ensure price stability.",0.7,1080,Scenario C,5.0,1.8,3.1,3.4,4.9,-0.5,2.4,3.0,0.4,18,115,70,-0.1,4,0,0,Democratic,0,centrist
deepseek,deepseek-v4-flash,policy_persona,hawk,9,sc3,Scenario C,mixed inflation-employment tradeoff,25,5.25,inflation,"PCE inflation at 3.1% and CPI at 3.4% remain well above the 2% target, while 5-year inflation expectations at 2.4% and Michigan 1-year expectations at 3.0% indicate persistent inflation pressures. Despite a negative output gap of -0.5% and unemployment at 4.9%, the risk of unanchored expectations demands further tightening. A 25-basis-point hike is warranted to continue returning inflation to target without overburdening employment.",0.8,1112,Scenario C,5.0,1.8,3.1,3.4,4.9,-0.5,2.4,3.0,0.4,18,115,70,-0.1,4,0,0,Democratic,0,centrist
deepseek,deepseek-v4-flash,policy_persona,hawk,10,sc3,Scenario C,mixed inflation-employment tradeoff,25,5.25,inflation,"PCE inflation at 3.1% and CPI at 3.4% remain well above the 2% target, while 5-year inflation expectations hover at 2.4% and Michigan 1-year expected inflation is 3.0%, indicating persistent inflation pressures. Despite moderate GDP growth of 1.8% and a slightly negative output gap of -0.5%, the need to anchor inflation expectations and bring inflation down takes precedence. A 25 basis point hike reinforces the commitment to price stability.",0.75,1106,Scenario C,5.0,1.8,3.1,3.4,4.9,-0.5,2.4,3.0,0.4,18,115,70,-0.1,4,0,0,Democratic,0,centrist
deepseek,deepseek-v4-flash,policy_persona,hawk,11,sc3,Scenario C,mixed inflation-employment tradeoff,25,5.25,inflation,"PCE inflation at 3.1% and CPI at 3.4% remain well above the 2% target, while the unemployment rate at 4.9% is near estimates of full employment. The negative output gap of -0.5% suggests some slack, but persistent inflation and elevated expectations (5-year at 2.4%, Michigan 1-year at 3.0%) require further tightening to anchor inflation. Therefore, a 25 basis point hike is warranted to reinforce commitment to price stability.",0.8,1004,Scenario C,5.0,1.8,3.1,3.4,4.9,-0.5,2.4,3.0,0.4,18,115,70,-0.1,4,0,0,Democratic,0,centrist
deepseek,deepseek-v4-flash,policy_persona,hawk,12,sc3,Scenario C,mixed inflation-employment tradeoff,25,5.25,inflation,"PCE inflation at 3.1% and CPI at 3.4% remain well above the 2% target, while 5-year inflation expectations at 2.4% and Michigan 1-year expectations at 3.0% indicate persistently elevated inflation psychology. Despite a slightly negative output gap of -0.5% and unemployment at 4.9%, the inflation momentum warrants further tightening to ensure price stability. The low financial stress index and VIX suggest stable conditions, supporting a measured rate increase.",0.85,1151,Scenario C,5.0,1.8,3.1,3.4,4.9,-0.5,2.4,3.0,0.4,18,115,70,-0.1,4,0,0,Democratic,0,centrist
deepseek,deepseek-v4-flash,policy_persona,hawk,13,sc3,Scenario C,mixed inflation-employment tradeoff,25,5.25,inflation,"PCE inflation at 3.1% and CPI at 3.4% remain well above the 2% target, while 5-year inflation expectations at 2.4% suggest elevated price pressures. The labor market shows slack with unemployment at 4.9%, reducing urgency for employment support. GDP growth of 1.8% and a negative output gap of -0.5% indicate moderate economic activity, but persistent inflation warrants a 25 bps hike to anchor expectations and ensure price stability.",0.7,1028,Scenario C,5.0,1.8,3.1,3.4,4.9,-0.5,2.4,3.0,0.4,18,115,70,-0.1,4,0,0,Democratic,0,centrist
deepseek,deepseek-v4-flash,policy_persona,hawk,14,sc3,Scenario C,mixed inflation-employment tradeoff,25,5.25,inflation,"PCE inflation remains at 3.1% and CPI at 3.4%, both well above the 2% target. Inflation expectations are elevated, with the 5-year at 2.4% and Michigan 1-year at 3.0%. Despite a slight negative output gap of -0.5%, the labor market remains tight with unemployment at 4.9%. To ensure price stability and anchor expectations, a rate increase is warranted.",0.8,1293,Scenario C,5.0,1.8,3.1,3.4,4.9,-0.5,2.4,3.0,0.4,18,115,70,-0.1,4,0,0,Democratic,0,centrist
deepseek,deepseek-v4-flash,policy_persona,hawk,15,sc3,Scenario C,mixed inflation-employment tradeoff,25,5.25,inflation,"PCE inflation at 3.1% and CPI at 3.4% remain well above the 2% target, while 5-year inflation expectations at 2.4% indicate de-anchoring risks. Despite a slightly negative output gap (-0.5%) and rising unemployment (4.9%), the financial stress index is low (0.4) and recession risk is absent. A 25 bps hike reinforces commitment to price stability.",0.7,996,Scenario C,5.0,1.8,3.1,3.4,4.9,-0.5,2.4,3.0,0.4,18,115,70,-0.1,4,0,0,Democratic,0,centrist
deepseek,deepseek-v4-flash,policy_persona,dove,1,sc1,Scenario A,hot inflation with strong real activity,0,5.0,balanced,"GDP growth is solid at 3.1% and unemployment is low at 3.8%, indicating a strong labor market. However, PCE inflation at 3.8% and CPI at 4.2% remain well above target, and inflation expectations are elevated. Given that the economy is operating above potential with a positive output gap, a hold allows further assessment of inflation persistence while supporting maximum employment.",0.7,1117,Scenario A,5.0,3.1,3.8,4.2,3.8,1.0,2.7,3.5,0.2,15,105,78,0.2,8,0,0,Democratic,0,centrist
deepseek,deepseek-v4-flash,policy_persona,dove,2,sc1,Scenario A,hot inflation with strong real activity,0,5.0,inflation,"With PCE inflation at 3.8% and CPI at 4.2%, both well above the 2% target, inflation remains the primary concern despite my dovish leaning. However, the unemployment rate is low at 3.8% and GDP growth is solid at 3.1%, indicating a strong labor market and economy. The positive output gap of 1.0% suggests the economy is operating above potential, supporting a hold decision to balance inflation and employment risks.",0.7,1104,Scenario A,5.0,3.1,3.8,4.2,3.8,1.0,2.7,3.5,0.2,15,105,78,0.2,8,0,0,Democratic,0,centrist
deepseek,deepseek-v4-flash,policy_persona,dove,3,sc1,Scenario A,hot inflation with strong real activity,0,5.0,balanced,"While PCE inflation at 3.8% and an output gap of 1.0% indicate the economy is running hot, the unemployment rate remains low at 3.8% and GDP growth is solid at 3.1%. As a dove prioritizing maximum employment, I see no immediate need to tighten, but given persistent inflation, a hold is appropriate to assess further developments.",0.8,2286,Scenario A,5.0,3.1,3.8,4.2,3.8,1.0,2.7,3.5,0.2,15,105,78,0.2,8,0,0,Democratic,0,centrist
deepseek,deepseek-v4-flash,policy_persona,dove,4,sc1,Scenario A,hot inflation with strong real activity,0,5.0,inflation,"Given PCE inflation at 3.8% and CPI at 4.2%, both well above the 2% target, while unemployment remains low at 3.8% and GDP growth is strong at 3.1%, maintaining the current rate balances the need to contain inflation without undermining the robust labor market. Financial stress is low (index 0.2), supporting a steady policy stance.",0.7,993,Scenario A,5.0,3.1,3.8,4.2,3.8,1.0,2.7,3.5,0.2,15,105,78,0.2,8,0,0,Democratic,0,centrist
deepseek,deepseek-v4-flash,policy_persona,dove,5,sc1,Scenario A,hot inflation with strong real activity,0,5.0,inflation,"Unemployment remains low at 3.8%, indicating maximum employment is near. However, PCE inflation at 3.8% and CPI at 4.2% are well above target, and 5-year inflation expectations at 2.7% suggest persistent price pressures. Given strong GDP growth of 3.1%, holding the rate steady allows time to assess if inflation moderates without risking labor market gains.",0.7,1450,Scenario A,5.0,3.1,3.8,4.2,3.8,1.0,2.7,3.5,0.2,15,105,78,0.2,8,0,0,Democratic,0,centrist
deepseek,deepseek-v4-flash,policy_persona,dove,6,sc1,Scenario A,hot inflation with strong real activity,0,5.0,balanced,"Given PCE inflation at 3.8% remains elevated but unemployment is low at 3.8% and GDP growth is strong at 3.1%, the committee decides to hold the rate steady. Inflation expectations at 2.7% indicate some anchoring, but the output gap at 1.0% suggests the economy is above potential. A hold balances the risks between supporting employment and controlling inflation.",0.6,1268,Scenario A,5.0,3.1,3.8,4.2,3.8,1.0,2.7,3.5,0.2,15,105,78,0.2,8,0,0,Democratic,0,centrist
deepseek,deepseek-v4-flash,policy_persona,dove,7,sc1,Scenario A,hot inflation with strong real activity,0,5.0,balanced,"GDP growth is solid at 3.1%, but PCE inflation is elevated at 3.8% and CPI at 4.2%. Unemployment remains low at 3.8%, and the output gap is positive at 1.0%, indicating a strong economy. As a dove, I prioritize maximum employment, but with inflation still above target and inflation expectations elevated, holding rates steady balances the dual mandate.",0.7,1263,Scenario A,5.0,3.1,3.8,4.2,3.8,1.0,2.7,3.5,0.2,15,105,78,0.2,8,0,0,Democratic,0,centrist
deepseek,deepseek-v4-flash,policy_persona,dove,8,sc1,Scenario A,hot inflation with strong real activity,0,5.0,inflation,"Despite strong labor market with 3.8% unemployment, PCE inflation at 3.8% and CPI at 4.2% remain well above target. GDP growth of 3.1% indicates solid demand. With inflation expectations elevated, maintaining current policy is prudent to avoid exacerbating price pressures while supporting continued employment gains.",0.7,1493,Scenario A,5.0,3.1,3.8,4.2,3.8,1.0,2.7,3.5,0.2,15,105,78,0.2,8,0,0,Democratic,0,centrist
deepseek,deepseek-v4-flash,policy_persona,dove,9,sc1,Scenario A,hot inflation with strong real activity,0,5.0,balanced,"Given GDP growth at 3.1% and unemployment at 3.8%, the economy is strong, but PCE inflation at 3.8% remains above target. The positive output gap of 1.0% suggests above-potential growth, supporting a hold. Balanced risks warrant maintaining current rates while monitoring data.",0.7,1287,Scenario A,5.0,3.1,3.8,4.2,3.8,1.0,2.7,3.5,0.2,15,105,78,0.2,8,0,0,Democratic,0,centrist
deepseek,deepseek-v4-flash,policy_persona,dove,10,sc1,Scenario A,hot inflation with strong real activity,0,5.0,inflation,"Despite low unemployment at 3.8% and solid GDP growth of 3.1%, PCE inflation remains elevated at 3.8% and CPI at 4.2%, while inflation expectations are above target (5-year 2.7%, Michigan 1-year 3.5%). As a dove, I prioritize maximum employment but see no immediate need to cut rates given the strong labor market; holding rates steady allows time to assess whether inflation will moderate without jeopardizing employment.",0.7,1093,Scenario A,5.0,3.1,3.8,4.2,3.8,1.0,2.7,3.5,0.2,15,105,78,0.2,8,0,0,Democratic,0,centrist
deepseek,deepseek-v4-flash,policy_persona,dove,11,sc1,Scenario A,hot inflation with strong real activity,0,5.0,balanced,"Given the current effective fed funds rate at 5.0%, strong GDP growth of 3.1%, and a low unemployment rate of 3.8%, the economy is operating above potential with a positive output gap of 1.0%. However, PCE inflation at 3.8% remains elevated, though financial conditions are stable with a low financial stress index of 0.2. As a dove, I prioritize maximum employment, which is near full, but I also recognize the need to allow past rate hikes to continue working. Therefore, holding the rate steady balances the risks.",0.7,1494,Scenario A,5.0,3.1,3.8,4.2,3.8,1.0,2.7,3.5,0.2,15,105,78,0.2,8,0,0,Democratic,0,centrist
deepseek,deepseek-v4-flash,policy_persona,dove,12,sc1,Scenario A,hot inflation with strong real activity,0,5.0,inflation,"PCE inflation at 3.8% remains above the 2% target, but the unemployment rate at 3.8% indicates a strong labor market. GDP growth is solid at 3.1%, and inflation expectations have risen to 3.5% on the Michigan survey. Holding rates balances the risks between supporting employment and curbing inflation, consistent with a dove stance.",0.7,1453,Scenario A,5.0,3.1,3.8,4.2,3.8,1.0,2.7,3.5,0.2,15,105,78,0.2,8,0,0,Democratic,0,centrist
deepseek,deepseek-v4-flash,policy_persona,dove,13,sc1,Scenario A,hot inflation with strong real activity,0,5.0,inflation,"Despite elevated PCE inflation at 3.8% and CPI at 4.2%, the unemployment rate remains low at 3.8% and GDP growth is robust at 3.1%, indicating a strong labor market. Financial stress is minimal with a VIX of 15, and 5-year inflation expectations at 2.7% are relatively anchored. Holding the rate allows continued support for maximum employment while monitoring inflation trends.",0.75,1302,Scenario A,5.0,3.1,3.8,4.2,3.8,1.0,2.7,3.5,0.2,15,105,78,0.2,8,0,0,Democratic,0,centrist
deepseek,deepseek-v4-flash,policy_persona,dove,14,sc1,Scenario A,hot inflation with strong real activity,0,5.0,inflation,"Despite headline inflation running well above target at 3.8% PCE and 4.2% CPI, the labor market remains strong with unemployment at 3.8% and GDP growth robust at 3.1%. Financial stress is low, which supports maintaining current policy to allow more time for elevated inflation to moderate without risking the employment gains. The decision to hold rates balances the need to contain inflation with the priority of sustaining maximum employment.",0.85,1016,Scenario A,5.0,3.1,3.8,4.2,3.8,1.0,2.7,3.5,0.2,15,105,78,0.2,8,0,0,Democratic,0,centrist
deepseek,deepseek-v4-flash,policy_persona,dove,15,sc1,Scenario A,hot inflation with strong real activity,0,5.0,balanced,"Unemployment remains low at 3.8%, signaling maximum employment, while GDP growth is strong at 3.1%. However, PCE inflation at 3.8% and CPI at 4.2% remain above target, and inflation expectations are elevated (5-year 2.7%, Michigan 1-year 3.5%). Maintaining the current rate allows inflation to moderate while supporting continued employment gains.",0.7,1236,Scenario A,5.0,3.1,3.8,4.2,3.8,1.0,2.7,3.5,0.2,15,105,78,0.2,8,0,0,Democratic,0,centrist
deepseek,deepseek-v4-flash,policy_persona,dove,1,sc2,Scenario B,weak labor market with near-target inflation,-50,4.5,unemployment,"Unemployment at 6.0% is well above full employment estimates, while GDP growth of only 0.5% signals economic weakness. PCE inflation at 2.1% is near target, and the negative output gap of -1.5% confirms slack. A 50 basis point cut is warranted to support employment and growth without risking significant inflation.",0.85,921,Scenario B,5.0,0.5,2.1,2.4,6.0,-1.5,2.1,2.5,0.5,20,125,65,-0.4,-6,0,0,Democratic,0,centrist
deepseek,deepseek-v4-flash,policy_persona,dove,2,sc2,Scenario B,weak labor market with near-target inflation,-25,4.75,unemployment,"Given the high unemployment rate of 6.0%, weak GDP growth of 0.5%, and a negative output gap of -1.5%, a rate cut is warranted to support maximum employment. While PCE inflation at 2.1% is near target, the softening economy and elevated labor slack justify easing. This 25 basis point reduction balances employment needs with inflation stability.",0.7,1031,Scenario B,5.0,0.5,2.1,2.4,6.0,-1.5,2.1,2.5,0.5,20,125,65,-0.4,-6,0,0,Democratic,0,centrist
deepseek,deepseek-v4-flash,policy_persona,dove,3,sc2,Scenario B,weak labor market with near-target inflation,-50,4.5,unemployment,"The unemployment rate at 6.0% is elevated, and the negative output gap of -1.5% indicates economic slack, necessitating accommodative policy. PCE inflation at 2.1% is near target, while CPI at 2.4% is slightly above but not concerning. Financial stress remains moderate, but the inverted yield curve suggests recession risks. A 50 bps cut prioritizes maximum employment.",0.85,983,Scenario B,5.0,0.5,2.1,2.4,6.0,-1.5,2.1,2.5,0.5,20,125,65,-0.4,-6,0,0,Democratic,0,centrist
deepseek,deepseek-v4-flash,policy_persona,dove,4,sc2,Scenario B,weak labor market with near-target inflation,-25,4.75,unemployment,"Given the elevated unemployment rate of 6.0% and weak GDP growth of 0.5%, combined with a negative output gap of -1.5% and inflation near the target at 2.1% PCE, a rate cut is warranted to support maximum employment. Financial conditions remain stable, allowing for this adjustment.",0.8,1310,Scenario B,5.0,0.5,2.1,2.4,6.0,-1.5,2.1,2.5,0.5,20,125,65,-0.4,-6,0,0,Democratic,0,centrist
deepseek,deepseek-v4-flash,policy_persona,dove,5,sc2,Scenario B,weak labor market with near-target inflation,-25,4.75,unemployment,"Given the weak GDP growth of 0.5% and high unemployment at 6.0%, along with a negative output gap of -1.5%, easing is warranted to support labor market recovery. PCE inflation at 2.1% is on target, and the inverted yield curve (-0.4pp) signals economic concerns, reinforcing the need for a rate cut. This decision balances employment objectives with price stability.",0.7,1079,Scenario B,5.0,0.5,2.1,2.4,6.0,-1.5,2.1,2.5,0.5,20,125,65,-0.4,-6,0,0,Democratic,0,centrist
deepseek,deepseek-v4-flash,policy_persona,dove,6,sc2,Scenario B,weak labor market with near-target inflation,-25,4.75,unemployment,"Given the elevated unemployment rate of 6.0% and very weak GDP growth of 0.5%, a rate cut is needed to support maximum employment. PCE inflation at 2.1% is near target, and the negative output gap of -1.5% indicates economic slack, reducing immediate inflation concerns. The cut aims to provide stimulus without risking financial instability, as the financial stress index remains moderate at 0.5.",0.75,993,Scenario B,5.0,0.5,2.1,2.4,6.0,-1.5,2.1,2.5,0.5,20,125,65,-0.4,-6,0,0,Democratic,0,centrist
deepseek,deepseek-v4-flash,policy_persona,dove,7,sc2,Scenario B,weak labor market with near-target inflation,-25,4.75,unemployment,"The unemployment rate at 6.0% and GDP growth at only 0.5% indicate significant economic slack, justifying a rate cut to support maximum employment. PCE inflation at 2.1% and 5-year inflation expectations at 2.1% are near target, with negative oil price growth suggesting further disinflation. The negative output gap of -1.5% and inverted yield curve underscore weak demand. A 25bp cut eases policy while maintaining vigilance on price stability.",0.7,1058,Scenario B,5.0,0.5,2.1,2.4,6.0,-1.5,2.1,2.5,0.5,20,125,65,-0.4,-6,0,0,Democratic,0,centrist
deepseek,deepseek-v4-flash,policy_persona,dove,8,sc2,Scenario B,weak labor market with near-target inflation,-50,4.5,unemployment,"The unemployment rate at 6.0% is well above full employment, and the output gap is -1.5%, indicating significant slack. GDP growth is only 0.5%, while PCE inflation at 2.1% is near target. The inverted yield curve and moderate financial stress further support easing to boost economic activity.",0.75,934,Scenario B,5.0,0.5,2.1,2.4,6.0,-1.5,2.1,2.5,0.5,20,125,65,-0.4,-6,0,0,Democratic,0,centrist
deepseek,deepseek-v4-flash,policy_persona,dove,9,sc2,Scenario B,weak labor market with near-target inflation,-50,4.5,unemployment,"Unemployment at 6.0% is well above estimates of full employment, and GDP growth of only 0.5% suggests weak economic momentum. The negative output gap of -1.5% further confirms slack. Inflation at 2.1% (PCE) is near target, allowing room for accommodation. A 50 basis point cut aims to support job creation and boost aggregate demand.",0.85,943,Scenario B,5.0,0.5,2.1,2.4,6.0,-1.5,2.1,2.5,0.5,20,125,65,-0.4,-6,0,0,Democratic,0,centrist
deepseek,deepseek-v4-flash,policy_persona,dove,10,sc2,Scenario B,weak labor market with near-target inflation,-25,4.75,unemployment,"The unemployment rate has risen to 6.0%, well above estimates of full employment, while GDP growth is sluggish at 0.5%. PCE inflation is at 2.1%, near target, and the output gap remains negative at -1.5%, indicating economic slack. To support maximum employment and mitigate downside risks, a 25 basis point cut is appropriate.",0.7,985,Scenario B,5.0,0.5,2.1,2.4,6.0,-1.5,2.1,2.5,0.5,20,125,65,-0.4,-6,0,0,Democratic,0,centrist
deepseek,deepseek-v4-flash,policy_persona,dove,11,sc2,Scenario B,weak labor market with near-target inflation,-50,4.5,unemployment,"GDP growth is very weak at 0.5%, while the unemployment rate has risen to 6.0%, well above estimates of full employment. The output gap of -1.5% indicates significant economic slack, and PCE inflation at 2.1% remains near target, allowing room for accommodative policy. A 50-basis-point cut aims to support labor market recovery and mitigate recession risks signaled by the inverted yield curve.",0.75,1001,Scenario B,5.0,0.5,2.1,2.4,6.0,-1.5,2.1,2.5,0.5,20,125,65,-0.4,-6,0,0,Democratic,0,centrist
deepseek,deepseek-v4-flash,policy_persona,dove,12,sc2,Scenario B,weak labor market with near-target inflation,-50,4.5,unemployment,"Unemployment at 6.0% is well above full employment, GDP growth is weak at 0.5%, and the output gap of -1.5% indicates significant slack. PCE inflation at 2.1% is near target, allowing for an aggressive cut to support labor markets. The negative 10Y-2Y spread signals recession risk, reinforcing the need for easing.",0.85,1001,Scenario B,5.0,0.5,2.1,2.4,6.0,-1.5,2.1,2.5,0.5,20,125,65,-0.4,-6,0,0,Democratic,0,centrist
deepseek,deepseek-v4-flash,policy_persona,dove,13,sc2,Scenario B,weak labor market with near-target inflation,-25,4.75,unemployment,"The unemployment rate at 6.0% and GDP growth of only 0.5% indicate a weakening labor market and economic slowdown. PCE inflation at 2.1% is near target, and the negative output gap of -1.5% suggests slack, allowing room for easing. A 25 bps cut supports maximum employment while maintaining price stability.",0.7,1209,Scenario B,5.0,0.5,2.1,2.4,6.0,-1.5,2.1,2.5,0.5,20,125,65,-0.4,-6,0,0,Democratic,0,centrist
deepseek,deepseek-v4-flash,policy_persona,dove,14,sc2,Scenario B,weak labor market with near-target inflation,-50,4.5,unemployment,"The unemployment rate is elevated at 6.0%, significantly above estimates of full employment, while GDP growth is weak at 0.5% and the output gap is -1.5%, indicating substantial slack. PCE inflation is at 2.1%, near target, allowing focus on employment. A 50 bps cut aims to stimulate economic activity and reduce labor market slack.",0.75,1035,Scenario B,5.0,0.5,2.1,2.4,6.0,-1.5,2.1,2.5,0.5,20,125,65,-0.4,-6,0,0,Democratic,0,centrist
deepseek,deepseek-v4-flash,policy_persona,dove,15,sc2,Scenario B,weak labor market with near-target inflation,-25,4.75,unemployment,"Unemployment at 6.0% is well above full employment, while GDP growth of only 0.5% and a negative output gap of -1.5% signal significant economic slack. PCE inflation at 2.1% is at target, and inflation expectations remain well-anchored, allowing for accommodative policy. A 25 basis point cut supports maximum employment without fueling inflationary pressures.",0.8,1087,Scenario B,5.0,0.5,2.1,2.4,6.0,-1.5,2.1,2.5,0.5,20,125,65,-0.4,-6,0,0,Democratic,0,centrist
deepseek,deepseek-v4-flash,policy_persona,dove,1,sc3,Scenario C,mixed inflation-employment tradeoff,-25,4.75,unemployment,"The unemployment rate at 4.9% indicates significant labor market slack, warranting accommodative policy to support employment. While PCE inflation remains elevated at 3.1%, the negative output gap of -0.5% suggests weak demand, and the inverted yield curve signals recession risk. A rate cut aims to bolster economic activity and bring inflation gradually toward target, balancing the dual mandate with a focus on maximum employment.",0.7,905,Scenario C,5.0,1.8,3.1,3.4,4.9,-0.5,2.4,3.0,0.4,18,115,70,-0.1,4,0,0,Democratic,0,centrist
deepseek,deepseek-v4-flash,policy_persona,dove,2,sc3,Scenario C,mixed inflation-employment tradeoff,-25,4.75,unemployment,"Given unemployment at 4.9% and a negative output gap of -0.5%, along with inflation expectations remaining anchored, a modest rate cut supports maximum employment while still monitoring inflation at 3.1%. The financial stress index is low at 0.4, and consumer sentiment is moderate at 70. This action balances the dual mandate with a dovish tilt.",0.7,1079,Scenario C,5.0,1.8,3.1,3.4,4.9,-0.5,2.4,3.0,0.4,18,115,70,-0.1,4,0,0,Democratic,0,centrist
deepseek,deepseek-v4-flash,policy_persona,dove,3,sc3,Scenario C,mixed inflation-employment tradeoff,-25,4.75,unemployment,"With unemployment at 4.9% and a negative output gap of -0.5%, labor market slack supports a rate cut to bolster employment. While PCE inflation at 3.1% remains above target, 5-year inflation expectations at 2.4% are well-anchored, and the financial stress index of 0.4 indicates stable conditions. GDP growth of 1.8% is moderate, but the negative yield spread (-0.1 pp) suggests downside risks.",0.7,1090,Scenario C,5.0,1.8,3.1,3.4,4.9,-0.5,2.4,3.0,0.4,18,115,70,-0.1,4,0,0,Democratic,0,centrist
deepseek,deepseek-v4-flash,policy_persona,dove,4,sc3,Scenario C,mixed inflation-employment tradeoff,-25,4.75,unemployment,"Given the elevated unemployment rate of 4.9% and negative output gap of -0.5%, easing policy supports maximum employment. While PCE inflation at 3.1% remains above target, anchored five-year inflation expectations at 2.4% provide room for a measured cut. A 25 bps reduction balances labor market support with ongoing inflation concerns.",0.7,989,Scenario C,5.0,1.8,3.1,3.4,4.9,-0.5,2.4,3.0,0.4,18,115,70,-0.1,4,0,0,Democratic,0,centrist
deepseek,deepseek-v4-flash,policy_persona,dove,5,sc3,Scenario C,mixed inflation-employment tradeoff,-25,4.75,unemployment,"With GDP growth at 1.8% and a negative output gap of -0.5%, the economy is operating below potential. The unemployment rate of 4.9% is elevated, prompting action to support maximum employment. Although PCE inflation at 3.1% remains above target, easing monetary policy is appropriate to mitigate downside risks to the labor market. The decision reflects a balanced approach but prioritizes employment given the dovish stance.",0.7,1044,Scenario C,5.0,1.8,3.1,3.4,4.9,-0.5,2.4,3.0,0.4,18,115,70,-0.1,4,0,0,Democratic,0,centrist
deepseek,deepseek-v4-flash,policy_persona,dove,6,sc3,Scenario C,mixed inflation-employment tradeoff,-25,4.75,unemployment,"With GDP growth at 1.8% and a negative output gap of -0.5%, the economy is operating below potential, while the unemployment rate at 4.9% signals labor market slack. PCE inflation at 3.1% is above target but decelerating, and inflation expectations remain well-anchored. A 25 bps cut supports maximum employment without jeopardizing price stability.",0.7,954,Scenario C,5.0,1.8,3.1,3.4,4.9,-0.5,2.4,3.0,0.4,18,115,70,-0.1,4,0,0,Democratic,0,centrist
deepseek,deepseek-v4-flash,policy_persona,dove,7,sc3,Scenario C,mixed inflation-employment tradeoff,-25,4.75,unemployment,"The unemployment rate at 4.9% is elevated relative to full employment, and the negative output gap of -0.5% indicates slack in the economy. GDP growth is modest at 1.8%, suggesting weaker demand. While PCE inflation at 3.1% remains above target, softening labor market conditions and stable inflation expectations support a rate cut to bolster employment.",0.7,1045,Scenario C,5.0,1.8,3.1,3.4,4.9,-0.5,2.4,3.0,0.4,18,115,70,-0.1,4,0,0,Democratic,0,centrist
deepseek,deepseek-v4-flash,policy_persona,dove,8,sc3,Scenario C,mixed inflation-employment tradeoff,-25,4.75,unemployment,"Unemployment at 4.9% with a negative output gap of -0.5% suggests slack in the labor market, while PCE inflation remains elevated at 3.1% but 5-year inflation expectations are anchored at 2.4%. The inverted yield curve and moderate financial stress support a cautious rate cut to bolster employment without unduly fueling inflation.",0.7,1086,Scenario C,5.0,1.8,3.1,3.4,4.9,-0.5,2.4,3.0,0.4,18,115,70,-0.1,4,0,0,Democratic,0,centrist
deepseek,deepseek-v4-flash,policy_persona,dove,9,sc3,Scenario C,mixed inflation-employment tradeoff,-25,4.75,unemployment,"Given the elevated unemployment rate of 4.9% and the negative output gap of -0.5%, there is significant slack in the labor market. While PCE inflation at 3.1% remains above target, the financial stress index is low (0.4) and inflation expectations are anchored, allowing for a modest rate cut to support employment without destabilizing inflation. The current rate reduction aims to foster maximum employment while maintaining price stability.",0.7,1175,Scenario C,5.0,1.8,3.1,3.4,4.9,-0.5,2.4,3.0,0.4,18,115,70,-0.1,4,0,0,Democratic,0,centrist
deepseek,deepseek-v4-flash,policy_persona,dove,10,sc3,Scenario C,mixed inflation-employment tradeoff,-25,4.75,unemployment,"Unemployment at 4.9% is elevated, well above the natural rate, and the output gap of -0.5% indicates slack in the economy. While PCE inflation at 3.1% remains above target, it has moderated, and inflation expectations are anchored around 2.4%. Financial stress is low (0.4), allowing for a cautious cut to support maximum employment without risking destabilization.",0.7,952,Scenario C,5.0,1.8,3.1,3.4,4.9,-0.5,2.4,3.0,0.4,18,115,70,-0.1,4,0,0,Democratic,0,centrist
deepseek,deepseek-v4-flash,policy_persona,dove,11,sc3,Scenario C,mixed inflation-employment tradeoff,-25,4.75,unemployment,"Unemployment at 4.9% indicates labor market slack above potential, while the negative output gap of -0.5% suggests economic weakness. Although PCE inflation at 3.1% remains above target, anchored inflation expectations and modest GDP growth of 1.8% support a cautious easing to support maximum employment. Financial conditions are stable, allowing a measured rate cut.",0.7,1146,Scenario C,5.0,1.8,3.1,3.4,4.9,-0.5,2.4,3.0,0.4,18,115,70,-0.1,4,0,0,Democratic,0,centrist
deepseek,deepseek-v4-flash,policy_persona,dove,12,sc3,Scenario C,mixed inflation-employment tradeoff,-25,4.75,unemployment,"The unemployment rate at 4.9% and output gap at -0.5% indicate labor market slack, warranting a rate cut to support maximum employment. While PCE inflation at 3.1% remains above target, inflation expectations are anchored and financial stress is moderate. A modest cut balances the dual mandate.",0.7,1124,Scenario C,5.0,1.8,3.1,3.4,4.9,-0.5,2.4,3.0,0.4,18,115,70,-0.1,4,0,0,Democratic,0,centrist
deepseek,deepseek-v4-flash,policy_persona,dove,13,sc3,Scenario C,mixed inflation-employment tradeoff,-25,4.75,unemployment,"Given the elevated unemployment rate of 4.9% and a negative output gap of -0.5%, I prioritize supporting maximum employment. While PCE inflation at 3.1% remains above target, the 5-year inflation expectation of 2.4% suggests anchored expectations, allowing for a modest rate cut. The financial stress index at 0.4 and VIX at 18 indicate stable conditions, reducing risks of excessive easing. A 25 basis point cut balances the dual mandate, providing stimulus without significantly jeopardizing price stability.",0.75,856,Scenario C,5.0,1.8,3.1,3.4,4.9,-0.5,2.4,3.0,0.4,18,115,70,-0.1,4,0,0,Democratic,0,centrist
deepseek,deepseek-v4-flash,policy_persona,dove,14,sc3,Scenario C,mixed inflation-employment tradeoff,-25,4.75,unemployment,"With unemployment at 4.9% and a negative output gap of -0.5%, there is significant slack in the labor market, warranting accommodative policy. Although PCE inflation stands at 3.1%, above target, inflation expectations remain anchored around 2.4% to 3.0%, suggesting transitory pressures. GDP growth of 1.8% is moderate, and cutting rates supports maximum employment without immediate inflation risks.",0.7,1000,Scenario C,5.0,1.8,3.1,3.4,4.9,-0.5,2.4,3.0,0.4,18,115,70,-0.1,4,0,0,Democratic,0,centrist
deepseek,deepseek-v4-flash,policy_persona,dove,15,sc3,Scenario C,mixed inflation-employment tradeoff,-25,4.75,unemployment,"The unemployment rate at 4.9% and a negative output gap of -0.5% indicate slack in the labor market, warranting accommodative policy to support maximum employment. While PCE inflation remains elevated at 3.1%, inflation expectations are well-anchored at 2.4% over 5 years, and financial stress is low at 0.4, suggesting the economy can absorb a modest rate cut. A 25 basis point reduction balances the dual mandate by easing financial conditions without stoking inflationary pressures.",0.7,1088,Scenario C,5.0,1.8,3.1,3.4,4.9,-0.5,2.4,3.0,0.4,18,115,70,-0.1,4,0,0,Democratic,0,centrist
deepseek,deepseek-v4-flash,policy_persona,centrist,1,sc1,Scenario A,hot inflation with strong real activity,25,5.25,inflation,"PCE inflation at 3.8% and CPI at 4.2% remain well above target, while unemployment at 3.8% indicates a tight labor market. GDP growth is strong at 3.1% and output gap positive, suggesting the economy can absorb further tightening. Inflation expectations remain elevated (5-year at 2.7%), and oil price growth adds upward pressure. A modest rate increase is warranted to ensure inflation returns to target without undermining the strong labor market.",0.7,1367,Scenario A,5.0,3.1,3.8,4.2,3.8,1.0,2.7,3.5,0.2,15,105,78,0.2,8,0,0,Democratic,0,centrist
deepseek,deepseek-v4-flash,policy_persona,centrist,2,sc1,Scenario A,hot inflation with strong real activity,25,5.25,inflation,"PCE inflation at 3.8% and CPI at 4.2% remain well above target, while unemployment at 3.8% is near historic lows, indicating a tight labor market. Output gap positive at 1.0% suggests above-potential growth, and oil price growth of 8% adds further inflationary pressure. Therefore, a 25bp hike is warranted to bring inflation down without abrupt disruption.",0.7,1078,Scenario A,5.0,3.1,3.8,4.2,3.8,1.0,2.7,3.5,0.2,15,105,78,0.2,8,0,0,Democratic,0,centrist
deepseek,deepseek-v4-flash,policy_persona,centrist,3,sc1,Scenario A,hot inflation with strong real activity,25,5.25,inflation,"PCE inflation at 3.8% remains well above the 2% target, while the unemployment rate at 3.8% is low and GDP growth of 3.1% indicates strong demand. The positive output gap of 1.0% and elevated 5-year inflation expectation of 2.7% suggest persistent inflationary pressures. A modest rate increase is warranted to ensure price stability without overly dampening employment.",0.7,1291,Scenario A,5.0,3.1,3.8,4.2,3.8,1.0,2.7,3.5,0.2,15,105,78,0.2,8,0,0,Democratic,0,centrist
deepseek,deepseek-v4-flash,policy_persona,centrist,4,sc1,Scenario A,hot inflation with strong real activity,25,5.25,inflation,"PCE inflation at 3.8% and CPI at 4.2% remain well above the 2% target, while the unemployment rate at 3.8% and positive output gap of 1.0% indicate a strong economy with limited slack. Inflation expectations, such as the Michigan 1-year expected inflation at 3.5%, are elevated, warranting further tightening to anchor expectations. The financial stress index is low at 0.2, and the VIX at 15 suggests stable markets, allowing for a gradual rate increase.",0.8,1031,Scenario A,5.0,3.1,3.8,4.2,3.8,1.0,2.7,3.5,0.2,15,105,78,0.2,8,0,0,Democratic,0,centrist
deepseek,deepseek-v4-flash,policy_persona,centrist,5,sc1,Scenario A,hot inflation with strong real activity,25,5.25,inflation,"PCE inflation at 3.8% remains well above the 2% target, and inflation expectations (5-year at 2.7%, Michigan 1-year at 3.5%) are elevated, indicating persistent price pressures. Despite low unemployment (3.8%) and strong GDP growth (3.1%), the positive output gap (1.0%) suggests the economy is overheating, warranting a modest tightening to anchor inflation. Financial stress is low (index 0.2), so the hike is manageable without destabilizing markets.",0.7,1322,Scenario A,5.0,3.1,3.8,4.2,3.8,1.0,2.7,3.5,0.2,15,105,78,0.2,8,0,0,Democratic,0,centrist
deepseek,deepseek-v4-flash,policy_persona,centrist,6,sc1,Scenario A,hot inflation with strong real activity,25,5.25,inflation,"PCE inflation at 3.8% and CPI at 4.2% are well above the 2% target, while the unemployment rate at 3.8% indicates a tight labor market. GDP growth of 3.1% and a positive output gap of 1.0% suggest the economy is operating above potential, adding upward pressure on prices. Additionally, 5-year inflation expectations at 2.7% remain elevated, warranting a modest rate hike to ensure price stability.",0.75,1303,Scenario A,5.0,3.1,3.8,4.2,3.8,1.0,2.7,3.5,0.2,15,105,78,0.2,8,0,0,Democratic,0,centrist
deepseek,deepseek-v4-flash,policy_persona,centrist,7,sc1,Scenario A,hot inflation with strong real activity,25,5.25,inflation,"PCE inflation remains high at 3.8% and CPI at 4.2%, well above target, and 5-year inflation expectations are elevated at 2.7%. Strong GDP growth of 3.1% and a low unemployment rate of 3.8% suggest the economy can absorb a modest tightening. To anchor inflation expectations and ensure price stability, a 25 bps hike is appropriate.",0.7,1348,Scenario A,5.0,3.1,3.8,4.2,3.8,1.0,2.7,3.5,0.2,15,105,78,0.2,8,0,0,Democratic,0,centrist
deepseek,deepseek-v4-flash,policy_persona,centrist,8,sc1,Scenario A,hot inflation with strong real activity,25,5.25,inflation,"PCE inflation at 3.8% and CPI at 4.2% remain well above target, while unemployment at 3.8% and strong GDP growth of 3.1% indicate a tight labor market and overheating economy. Inflation expectations (5-year 2.7%, Michigan 1-year 3.5%) are elevated, warranting a moderate rate hike to curb price pressures without destabilizing growth. Financial stress remains low, supporting a measured tightening.",0.75,1019,Scenario A,5.0,3.1,3.8,4.2,3.8,1.0,2.7,3.5,0.2,15,105,78,0.2,8,0,0,Democratic,0,centrist
deepseek,deepseek-v4-flash,policy_persona,centrist,9,sc1,Scenario A,hot inflation with strong real activity,25,5.25,inflation,"PCE inflation at 3.8% and CPI at 4.2% remain well above target. The output gap of 1.0% indicates an overheating economy, while unemployment at 3.8% is below estimates of natural rate. Keeping rates steady would risk entrenching inflation, so a 25 bps hike is warranted.",0.8,1091,Scenario A,5.0,3.1,3.8,4.2,3.8,1.0,2.7,3.5,0.2,15,105,78,0.2,8,0,0,Democratic,0,centrist
deepseek,deepseek-v4-flash,policy_persona,centrist,10,sc1,Scenario A,hot inflation with strong real activity,25,5.25,inflation,"Given PCE inflation at 3.8% and CPI at 4.2%, both well above the 2% target, and strong GDP growth of 3.1% with a positive output gap of 1.0%, a 25 bps hike is warranted to gradually cool demand. The unemployment rate remains low at 3.8%, and financial stress is minimal at 0.2, allowing focus on price stability.",0.7,1083,Scenario A,5.0,3.1,3.8,4.2,3.8,1.0,2.7,3.5,0.2,15,105,78,0.2,8,0,0,Democratic,0,centrist
deepseek,deepseek-v4-flash,policy_persona,centrist,11,sc1,Scenario A,hot inflation with strong real activity,25,5.25,inflation,"PCE inflation at 3.8% and CPI at 4.2% remain well above the 2% target, while the unemployment rate is low at 3.8% and the output gap is positive at 1.0%, indicating an overheating economy. Additionally, 5-year inflation expectations at 2.7% and Michigan 1-year expected inflation at 3.5% suggest inflation is becoming entrenched. A modest 25 bps hike aims to curb inflation while maintaining maximum employment and financial stability, given the low financial stress index of 0.2.",0.7,1063,Scenario A,5.0,3.1,3.8,4.2,3.8,1.0,2.7,3.5,0.2,15,105,78,0.2,8,0,0,Democratic,0,centrist
deepseek,deepseek-v4-flash,policy_persona,centrist,12,sc1,Scenario A,hot inflation with strong real activity,25,5.25,inflation,"PCE inflation at 3.8% and CPI at 4.2% remain well above target, while unemployment is at 3.8%, indicating a tight labor market. GDP growth of 3.1% and a positive output gap of 1.0% suggest the economy is running hot. Inflation expectations are elevated at 2.7% (5-year) and 3.5% (Michigan 1-year), warranting a modest tightening to prevent de-anchoring. Financial conditions remain benign, allowing for a measured rate increase.",0.7,1187,Scenario A,5.0,3.1,3.8,4.2,3.8,1.0,2.7,3.5,0.2,15,105,78,0.2,8,0,0,Democratic,0,centrist
deepseek,deepseek-v4-flash,policy_persona,centrist,13,sc1,Scenario A,hot inflation with strong real activity,25,5.25,inflation,"PCE inflation at 3.8% and CPI at 4.2% remain well above the 2% target, while unemployment at 3.8% indicates a tight labor market. The positive output gap of 1.0% suggests the economy is above potential, supporting further rate increases. Additionally, elevated inflation expectations (5-year at 2.7%) warrant continued tightening to anchor expectations.",0.7,1346,Scenario A,5.0,3.1,3.8,4.2,3.8,1.0,2.7,3.5,0.2,15,105,78,0.2,8,0,0,Democratic,0,centrist
deepseek,deepseek-v4-flash,policy_persona,centrist,14,sc1,Scenario A,hot inflation with strong real activity,25,5.25,inflation,"PCE inflation at 3.8% remains well above the 2% target, unemployment is low at 3.8%, and the output gap is positive at 1.0%, indicating potential overheating. Additionally, Michigan 1-year expected inflation is elevated at 3.5%, suggesting inflation expectations are becoming unanchored. A modest 25 bps hike is prudent to gradually tighten policy and bring inflation down while supporting maximum employment.",0.8,1208,Scenario A,5.0,3.1,3.8,4.2,3.8,1.0,2.7,3.5,0.2,15,105,78,0.2,8,0,0,Democratic,0,centrist
deepseek,deepseek-v4-flash,policy_persona,centrist,15,sc1,Scenario A,hot inflation with strong real activity,25,5.25,inflation,"PCE inflation at 3.8% and CPI at 4.2% remain well above the 2% target, while the unemployment rate is low at 3.8% and the output gap is positive at 1.0%, indicating a tight labor market and above-potential growth. Additionally, 5-year inflation expectations at 2.7% suggest some de-anchoring. A 25 basis point hike is warranted to further restrain inflationary pressures.",0.7,1160,Scenario A,5.0,3.1,3.8,4.2,3.8,1.0,2.7,3.5,0.2,15,105,78,0.2,8,0,0,Democratic,0,centrist
deepseek,deepseek-v4-flash,policy_persona,centrist,1,sc2,Scenario B,weak labor market with near-target inflation,-25,4.75,balanced,"With PCE inflation at 2.1% near target but unemployment at 6.0% and GDP growth at only 0.5%, the economy shows significant slack. The negative output gap of -1.5% warrants support for maximum employment, while anchored inflation expectations allow for easing. Financial stress is moderate, and a 25 bps cut balances price stability and employment objectives.",0.8,1225,Scenario B,5.0,0.5,2.1,2.4,6.0,-1.5,2.1,2.5,0.5,20,125,65,-0.4,-6,0,0,Democratic,0,centrist
deepseek,deepseek-v4-flash,policy_persona,centrist,2,sc2,Scenario B,weak labor market with near-target inflation,-25,4.75,balanced,"The unemployment rate at 6.0% signals significant labor market slack, while PCE inflation at 2.1% is near the target. GDP growth is weak at 0.5% and the output gap is -1.5%, indicating below-potential output. A 25 basis point cut aims to support maximum employment without stoking inflation, balancing both mandates.",0.75,1090,Scenario B,5.0,0.5,2.1,2.4,6.0,-1.5,2.1,2.5,0.5,20,125,65,-0.4,-6,0,0,Democratic,0,centrist
deepseek,deepseek-v4-flash,policy_persona,centrist,3,sc2,Scenario B,weak labor market with near-target inflation,-25,4.75,unemployment,"GDP growth is very low at 0.5% and unemployment is elevated at 6.0%, signaling economic weakness. The output gap is negative at -1.5%, indicating slack. PCE inflation at 2.1% is near target, allowing for a modest rate cut to support employment. The inverted yield curve and moderate financial stress index suggest caution, but a 25 bps cut helps balance risks.",0.7,1400,Scenario B,5.0,0.5,2.1,2.4,6.0,-1.5,2.1,2.5,0.5,20,125,65,-0.4,-6,0,0,Democratic,0,centrist
deepseek,deepseek-v4-flash,policy_persona,centrist,4,sc2,Scenario B,weak labor market with near-target inflation,-25,4.75,unemployment,"Unemployment at 6.0% indicates significant labor market slack, while PCE inflation at 2.1% is near target. GDP growth of only 0.5% and a negative output gap of -1.5% suggest weak economic activity. A modest rate cut of 25 basis points aims to support maximum employment without exacerbating financial stability concerns, as the financial stress index remains moderate at 0.5.",0.7,1321,Scenario B,5.0,0.5,2.1,2.4,6.0,-1.5,2.1,2.5,0.5,20,125,65,-0.4,-6,0,0,Democratic,0,centrist
deepseek,deepseek-v4-flash,policy_persona,centrist,5,sc2,Scenario B,weak labor market with near-target inflation,-25,4.75,unemployment,"GDP growth is very low at 0.5% and the unemployment rate is elevated at 6.0%, indicating significant economic slack. PCE inflation at 2.1% is on target, so price pressures are contained. The inverted yield curve suggests recession risk, but the recession dummy is 0. A 25 bps cut aims to support employment while maintaining near-term price stability.",0.7,1241,Scenario B,5.0,0.5,2.1,2.4,6.0,-1.5,2.1,2.5,0.5,20,125,65,-0.4,-6,0,0,Democratic,0,centrist
deepseek,deepseek-v4-flash,policy_persona,centrist,6,sc2,Scenario B,weak labor market with near-target inflation,-25,4.75,unemployment,"The unemployment rate at 6.0% is significantly above the natural rate, and GDP growth is only 0.5%, indicating a weak economy. While PCE inflation at 2.1% is near target, the negative output gap of -1.5% suggests slack. A 25 basis point cut aims to support employment without undermining price stability, given that inflation expectations remain anchored around 2.1%.",0.75,959,Scenario B,5.0,0.5,2.1,2.4,6.0,-1.5,2.1,2.5,0.5,20,125,65,-0.4,-6,0,0,Democratic,0,centrist
deepseek,deepseek-v4-flash,policy_persona,centrist,7,sc2,Scenario B,weak labor market with near-target inflation,-25,4.75,unemployment,"The unemployment rate is elevated at 6.0% and GDP growth is very low at 0.5%, indicating significant slack. PCE inflation near 2.1% is close to target, allowing room for easing. The inverted yield curve (10Y-2Y spread at -0.4%) signals recession risk, supporting a rate cut to stimulate the economy.",0.7,1483,Scenario B,5.0,0.5,2.1,2.4,6.0,-1.5,2.1,2.5,0.5,20,125,65,-0.4,-6,0,0,Democratic,0,centrist
deepseek,deepseek-v4-flash,policy_persona,centrist,8,sc2,Scenario B,weak labor market with near-target inflation,-25,4.75,unemployment,"Given GDP growth at only 0.5% and unemployment at 6.0%, the economy shows significant slack with an output gap of -1.5%. PCE inflation at 2.1% is near target, allowing room to support employment. A 25 basis point cut aims to stimulate growth without fueling inflation, balancing the dual mandate.",0.7,962,Scenario B,5.0,0.5,2.1,2.4,6.0,-1.5,2.1,2.5,0.5,20,125,65,-0.4,-6,0,0,Democratic,0,centrist
deepseek,deepseek-v4-flash,policy_persona,centrist,9,sc2,Scenario B,weak labor market with near-target inflation,-25,4.75,unemployment,"GDP growth is weak at 0.5% and the unemployment rate is elevated at 6.0%, indicating significant slack and a need to support maximum employment. PCE inflation at 2.1% is near the target, and inflation expectations are well-anchored, allowing room for a rate cut. The inverted yield curve (-0.4 percentage points) and moderate financial stress index (0.5) also suggest a cautious easing stance.",0.75,1120,Scenario B,5.0,0.5,2.1,2.4,6.0,-1.5,2.1,2.5,0.5,20,125,65,-0.4,-6,0,0,Democratic,0,centrist
deepseek,deepseek-v4-flash,policy_persona,centrist,10,sc2,Scenario B,weak labor market with near-target inflation,-25,4.75,balanced,"With unemployment at 6.0% and GDP growth at only 0.5%, the economy shows significant slack. PCE inflation at 2.1% is close to target, but CPI at 2.4% and Michigan 1-year expected inflation at 2.5% warrant caution. The financial stress index at 0.5 and VIX at 20 indicate moderate market conditions, not requiring immediate action. A modest 25 bps cut aims to support employment without risking a rebound in inflation.",0.7,1531,Scenario B,5.0,0.5,2.1,2.4,6.0,-1.5,2.1,2.5,0.5,20,125,65,-0.4,-6,0,0,Democratic,0,centrist
deepseek,deepseek-v4-flash,policy_persona,centrist,11,sc2,Scenario B,weak labor market with near-target inflation,-25,4.75,unemployment,"GDP growth is very low at 0.5% and the unemployment rate is elevated at 6.0%, indicating significant slack. PCE inflation at 2.1% is near target, allowing room for easing. The negative output gap of -1.5% further supports a rate cut to stimulate the economy.",0.7,1027,Scenario B,5.0,0.5,2.1,2.4,6.0,-1.5,2.1,2.5,0.5,20,125,65,-0.4,-6,0,0,Democratic,0,centrist
deepseek,deepseek-v4-flash,policy_persona,centrist,12,sc2,Scenario B,weak labor market with near-target inflation,-25,4.75,unemployment,"GDP growth is very weak at 0.5%, and the unemployment rate has risen to 6.0%, well above the natural rate. PCE inflation at 2.1% is near target, and the output gap of -1.5% indicates slack. A 25bp cut supports maximum employment while inflation remains contained.",0.8,1051,Scenario B,5.0,0.5,2.1,2.4,6.0,-1.5,2.1,2.5,0.5,20,125,65,-0.4,-6,0,0,Democratic,0,centrist
deepseek,deepseek-v4-flash,policy_persona,centrist,13,sc2,Scenario B,weak labor market with near-target inflation,-25,4.75,unemployment,"GDP growth is weak at 0.5% and unemployment is elevated at 6.0%, while PCE inflation is at 2.1% near target. The inverted yield curve signals recession risk. A 25 basis point cut supports maximum employment without risking inflation de-anchoring.",0.7,1264,Scenario B,5.0,0.5,2.1,2.4,6.0,-1.5,2.1,2.5,0.5,20,125,65,-0.4,-6,0,0,Democratic,0,centrist
deepseek,deepseek-v4-flash,policy_persona,centrist,14,sc2,Scenario B,weak labor market with near-target inflation,-25,4.75,unemployment,"GDP growth at 0.5% and unemployment at 6.0% indicate economic weakness, warranting a rate cut. PCE inflation at 2.1% is near target, allowing room for easing. The inverted 10Y-2Y spread signals recession risk, supporting a modest cut to preempt further slowdown.",0.75,1441,Scenario B,5.0,0.5,2.1,2.4,6.0,-1.5,2.1,2.5,0.5,20,125,65,-0.4,-6,0,0,Democratic,0,centrist
deepseek,deepseek-v4-flash,policy_persona,centrist,15,sc2,Scenario B,weak labor market with near-target inflation,-25,4.75,unemployment,"GDP growth is weak at 0.5% and the unemployment rate is elevated at 6.0%, indicating significant slack in the economy. PCE inflation at 2.1% is near target, and the output gap of -1.5% suggests room for further easing without stoking inflation. The financial stress index at 0.5 remains moderate, so a 25 bps cut supports employment while maintaining price stability.",0.8,1086,Scenario B,5.0,0.5,2.1,2.4,6.0,-1.5,2.1,2.5,0.5,20,125,65,-0.4,-6,0,0,Democratic,0,centrist
deepseek,deepseek-v4-flash,policy_persona,centrist,1,sc3,Scenario C,mixed inflation-employment tradeoff,0,5.0,balanced,"PCE inflation at 3.1% remains above the 2% target, while the unemployment rate has risen to 4.9% and the output gap is -0.5%, indicating economic slack. GDP growth is moderate at 1.8%, and financial stress is low. Balancing these factors, maintaining the current rate is appropriate.",0.7,918,Scenario C,5.0,1.8,3.1,3.4,4.9,-0.5,2.4,3.0,0.4,18,115,70,-0.1,4,0,0,Democratic,0,centrist
deepseek,deepseek-v4-flash,policy_persona,centrist,2,sc3,Scenario C,mixed inflation-employment tradeoff,0,5.0,balanced,"Inflation, as measured by PCE at 3.1% and CPI at 3.4%, remains above the 2% target, while the unemployment rate has risen to 4.9% and the output gap is slightly negative at -0.5%, indicating some economic slack. The financial stress index is low at 0.4, and the 10Y-2Y Treasury spread is slightly negative at -0.1 percentage points, suggesting manageable financial stability risks. Given the balance between persistent inflation and softening labor market conditions, holding the rate steady is prudent to assess further data.",0.75,1396,Scenario C,5.0,1.8,3.1,3.4,4.9,-0.5,2.4,3.0,0.4,18,115,70,-0.1,4,0,0,Democratic,0,centrist
deepseek,deepseek-v4-flash,policy_persona,centrist,3,sc3,Scenario C,mixed inflation-employment tradeoff,0,5.0,balanced,"PCE inflation at 3.1% remains above the 2% target, but the unemployment rate at 4.9% and negative output gap of -0.5% indicate some economic slack. Financial stress is low with index at 0.4, supporting a hold. Given the centrist approach, maintaining the current rate balances inflation concerns with the softening labor market.",0.7,1382,Scenario C,5.0,1.8,3.1,3.4,4.9,-0.5,2.4,3.0,0.4,18,115,70,-0.1,4,0,0,Democratic,0,centrist
deepseek,deepseek-v4-flash,policy_persona,centrist,4,sc3,Scenario C,mixed inflation-employment tradeoff,0,5.0,balanced,"PCE inflation at 3.1% remains above the 2% target, but unemployment at 4.9% is near the natural rate and the output gap is slightly negative at -0.5%. Financial stress index at 0.4 indicates low market stress, and the 5-year inflation expectation at 2.4% suggests anchored expectations. With balanced risks, maintaining the current federal funds rate at 5.0% is appropriate.",0.75,1131,Scenario C,5.0,1.8,3.1,3.4,4.9,-0.5,2.4,3.0,0.4,18,115,70,-0.1,4,0,0,Democratic,0,centrist
deepseek,deepseek-v4-flash,policy_persona,centrist,5,sc3,Scenario C,mixed inflation-employment tradeoff,0,5.0,balanced,"Given PCE inflation at 3.1% and CPI at 3.4%, inflation remains above target but is moderating. GDP growth of 1.8% and an unemployment rate of 4.9% indicate a balanced labor market, while the output gap of -0.5% suggests slight slack. Financial stress is low (index 0.4), so holding rates allows further assessment of inflation progress without hindering growth.",0.7,988,Scenario C,5.0,1.8,3.1,3.4,4.9,-0.5,2.4,3.0,0.4,18,115,70,-0.1,4,0,0,Democratic,0,centrist
deepseek,deepseek-v4-flash,policy_persona,centrist,6,sc3,Scenario C,mixed inflation-employment tradeoff,0,5.0,balanced,"PCE inflation at 3.1% remains above the 2% target, while unemployment at 4.9% and a negative output gap of -0.5% signal some economic slack. The financial stress index is low at 0.4, and GDP growth at 1.8% is moderate. Holding the rate allows further monitoring of inflation and labor market developments without prematurely tightening or easing.",0.7,1099,Scenario C,5.0,1.8,3.1,3.4,4.9,-0.5,2.4,3.0,0.4,18,115,70,-0.1,4,0,0,Democratic,0,centrist
deepseek,deepseek-v4-flash,policy_persona,centrist,7,sc3,Scenario C,mixed inflation-employment tradeoff,0,5.0,balanced,"GDP growth at 1.8% is modest, while PCE inflation at 3.1% remains above target but has been slowing. The unemployment rate of 4.9% is slightly elevated, and the negative output gap of -0.5% indicates some economic slack. Given these mixed signals, holding the rate steady allows more time to assess the evolving balance between inflation and employment risks.",0.7,1254,Scenario C,5.0,1.8,3.1,3.4,4.9,-0.5,2.4,3.0,0.4,18,115,70,-0.1,4,0,0,Democratic,0,centrist
deepseek,deepseek-v4-flash,policy_persona,centrist,8,sc3,Scenario C,mixed inflation-employment tradeoff,0,5.0,balanced,"Given PCE inflation at 3.1% remains above the 2% target but is moderating, while the unemployment rate at 4.9% suggests some slack with a negative output gap of -0.5%. Financial stress is low at 0.4, supporting a steady policy. Holding the rate at 5.00% balances the dual mandate without exacerbating risks.",0.75,1468,Scenario C,5.0,1.8,3.1,3.4,4.9,-0.5,2.4,3.0,0.4,18,115,70,-0.1,4,0,0,Democratic,0,centrist
deepseek,deepseek-v4-flash,policy_persona,centrist,9,sc3,Scenario C,mixed inflation-employment tradeoff,0,5.0,balanced,"PCE inflation at 3.1% remains above target, but unemployment at 4.9% and a negative output gap of -0.5% indicate economic slack. GDP growth of 1.8% is moderate, and financial stress index at 0.4 is manageable. Holding rates allows further assessment of inflation trends while supporting employment.",0.7,997,Scenario C,5.0,1.8,3.1,3.4,4.9,-0.5,2.4,3.0,0.4,18,115,70,-0.1,4,0,0,Democratic,0,centrist
deepseek,deepseek-v4-flash,policy_persona,centrist,10,sc3,Scenario C,mixed inflation-employment tradeoff,-25,4.75,balanced,"Given GDP growth at 1.8% and a negative output gap of -0.5%, the economy is operating below potential, warranting support for employment. However, PCE inflation at 3.1% and the unemployment rate at 4.9% suggest persistent inflationary pressures and rising slack, balancing the need for a modest rate cut while remaining vigilant. The 5-year inflation expectation at 2.4% is anchored but above target, and the financial stress index remains low, supporting a cautious easing.",0.7,1140,Scenario C,5.0,1.8,3.1,3.4,4.9,-0.5,2.4,3.0,0.4,18,115,70,-0.1,4,0,0,Democratic,0,centrist
deepseek,deepseek-v4-flash,policy_persona,centrist,11,sc3,Scenario C,mixed inflation-employment tradeoff,0,5.0,balanced,"With PCE inflation at 3.1% still above target but unemployment at 4.9% showing some slack, the current rate level is appropriate. GDP growth of 1.8% and a negative output gap of -0.5% suggest moderate economic activity without overheating. Keeping rates unchanged allows further assessment of inflation trends and labor market conditions.",0.7,1264,Scenario C,5.0,1.8,3.1,3.4,4.9,-0.5,2.4,3.0,0.4,18,115,70,-0.1,4,0,0,Democratic,0,centrist
deepseek,deepseek-v4-flash,policy_persona,centrist,12,sc3,Scenario C,mixed inflation-employment tradeoff,0,5.0,inflation,"Inflation remains above target at 3.1% PCE and 3.4% CPI, while unemployment is 4.9% and output gap is -0.5%, indicating some slack. Financial stress index is low at 0.4. Holding rates steady allows time to assess further progress on inflation without tightening excessively given moderate GDP growth.",0.75,1281,Scenario C,5.0,1.8,3.1,3.4,4.9,-0.5,2.4,3.0,0.4,18,115,70,-0.1,4,0,0,Democratic,0,centrist
deepseek,deepseek-v4-flash,policy_persona,centrist,13,sc3,Scenario C,mixed inflation-employment tradeoff,0,5.0,balanced,"PCE inflation at 3.1% remains above the 2% target, but the unemployment rate at 4.9% and a slightly negative output gap of -0.5% suggest no overheating. GDP growth of 1.8% is moderate, and financial conditions are stable. Thus, holding the rate balances inflation and employment risks.",0.7,1131,Scenario C,5.0,1.8,3.1,3.4,4.9,-0.5,2.4,3.0,0.4,18,115,70,-0.1,4,0,0,Democratic,0,centrist
deepseek,deepseek-v4-flash,policy_persona,centrist,14,sc3,Scenario C,mixed inflation-employment tradeoff,0,5.0,balanced,"PCE inflation at 3.1% remains above target, but unemployment at 4.9% indicates slack. Negative output gap of -0.5% suggests room for growth without overheating. Financial stress is low at 0.4, supporting a hold. Given these mixed signals, maintaining the current rate balances inflation and employment concerns.",0.7,1448,Scenario C,5.0,1.8,3.1,3.4,4.9,-0.5,2.4,3.0,0.4,18,115,70,-0.1,4,0,0,Democratic,0,centrist
deepseek,deepseek-v4-flash,policy_persona,centrist,15,sc3,Scenario C,mixed inflation-employment tradeoff,0,5.0,balanced,"PCE inflation at 3.1% remains above the 2% target, while unemployment at 4.9% is moderate with a negative output gap of -0.5% indicating slack. Inflation expectations are slightly elevated (5-year at 2.4%), and the financial stress index is low at 0.4. Given the balanced risks, holding the rate steady allows time to assess incoming data.",0.7,1464,Scenario C,5.0,1.8,3.1,3.4,4.9,-0.5,2.4,3.0,0.4,18,115,70,-0.1,4,0,0,Democratic,0,centrist
deepseek,deepseek-v4-flash,no_persona,none,1,sc1,Scenario A,hot inflation with strong real activity,25,5.25,inflation,"PCE inflation at 3.8% remains well above the 2% target, while the unemployment rate at 3.8% indicates a tight labor market. GDP growth of 3.1% and a positive output gap of 1.0% suggest the economy is operating above potential, adding to inflationary pressures. Michigan 1-year expected inflation at 3.5% signals elevated near-term expectations. A modest 25 basis point hike is warranted to continue tightening monetary policy and bring inflation down.",0.8,1770,Scenario A,5.0,3.1,3.8,4.2,3.8,1.0,2.7,3.5,0.2,15,105,78,0.2,8,0,0,Democratic,0,centrist
deepseek,deepseek-v4-flash,no_persona,none,2,sc1,Scenario A,hot inflation with strong real activity,25,5.25,inflation,"PCE inflation at 3.8% remains well above the 2% target, while unemployment at 3.8% is low and the output gap is positive at 1.0%, indicating an overheating economy. Inflation expectations are elevated, with the Michigan 1-year expected inflation at 3.5%, suggesting risks of de-anchoring. A 25 bps hike is warranted to preempt further inflationary pressures and maintain credibility.",0.8,1162,Scenario A,5.0,3.1,3.8,4.2,3.8,1.0,2.7,3.5,0.2,15,105,78,0.2,8,0,0,Democratic,0,centrist
deepseek,deepseek-v4-flash,no_persona,none,3,sc1,Scenario A,hot inflation with strong real activity,25,5.25,inflation,"PCE inflation at 3.8% and CPI at 4.2% remain well above the 2% target, while the unemployment rate at 3.8% and a positive output gap of 1.0% indicate a strong economy with potential overheating. Elevated inflation expectations, such as the Michigan 1-year expected inflation at 3.5%, further justify a tightening to anchor expectations. A 25 basis point hike is appropriate to gradually reduce inflationary pressures without undue disruption to financial conditions.",0.85,952,Scenario A,5.0,3.1,3.8,4.2,3.8,1.0,2.7,3.5,0.2,15,105,78,0.2,8,0,0,Democratic,0,centrist
deepseek,deepseek-v4-flash,no_persona,none,4,sc1,Scenario A,hot inflation with strong real activity,25,5.25,inflation,"With PCE inflation at 3.8% and CPI at 4.2%, both well above the 2% target, and the unemployment rate at 3.8% indicating a tight labor market, a modest rate hike is warranted to ensure inflation expectations remain anchored. The positive output gap of 1.0% and rising oil price growth of 8% suggest persistent inflationary pressures, supporting a 25 basis point increase.",0.8,1373,Scenario A,5.0,3.1,3.8,4.2,3.8,1.0,2.7,3.5,0.2,15,105,78,0.2,8,0,0,Democratic,0,centrist
deepseek,deepseek-v4-flash,no_persona,none,5,sc1,Scenario A,hot inflation with strong real activity,25,5.25,inflation,"PCE inflation at 3.8% and CPI at 4.2% remain well above the 2% target, while the unemployment rate at 3.8% and output gap at 1.0% indicate a strong labor market and above-potential growth. Additionally, Michigan 1-year expected inflation at 3.5% suggests elevated inflation expectations. A 25 basis point hike is warranted to continue tightening monetary policy and mitigate inflation pressures.",0.85,962,Scenario A,5.0,3.1,3.8,4.2,3.8,1.0,2.7,3.5,0.2,15,105,78,0.2,8,0,0,Democratic,0,centrist
deepseek,deepseek-v4-flash,no_persona,none,6,sc1,Scenario A,hot inflation with strong real activity,25,5.25,inflation,"PCE inflation at 3.8% and CPI at 4.2% remain well above the 2% target. The unemployment rate is low at 3.8% and the output gap is positive at 1.0%, indicating an overheating economy. Elevated inflation expectations (5-year at 2.7%) warrant further tightening to anchor expectations. A 25 bps hike is prudent to continue disinflation without disrupting financial stability.",0.85,1219,Scenario A,5.0,3.1,3.8,4.2,3.8,1.0,2.7,3.5,0.2,15,105,78,0.2,8,0,0,Democratic,0,centrist
deepseek,deepseek-v4-flash,no_persona,none,7,sc1,Scenario A,hot inflation with strong real activity,25,5.25,inflation,"PCE inflation at 3.8% and CPI at 4.2% remain well above target, while the unemployment rate at 3.8% and output gap of 1.0% indicate a tight labor market and above-potential growth. These factors necessitate a 25 bps hike to further restrain demand and anchor inflation expectations. The low financial stress index and recession dummy support continued normalization.",0.7,1079,Scenario A,5.0,3.1,3.8,4.2,3.8,1.0,2.7,3.5,0.2,15,105,78,0.2,8,0,0,Democratic,0,centrist
deepseek,deepseek-v4-flash,no_persona,none,8,sc1,Scenario A,hot inflation with strong real activity,25,5.25,inflation,"PCE inflation at 3.8% and CPI at 4.2% remain well above the 2% target, while GDP growth of 3.1% and unemployment at 3.8% indicate an overheating economy. Additionally, oil price growth of 8% adds upward pressure on prices. The positive output gap of 1.0% suggests the economy is operating above potential, warranting a modest rate hike to preemptively curb inflationary pressures.",0.85,1132,Scenario A,5.0,3.1,3.8,4.2,3.8,1.0,2.7,3.5,0.2,15,105,78,0.2,8,0,0,Democratic,0,centrist
deepseek,deepseek-v4-flash,no_persona,none,9,sc1,Scenario A,hot inflation with strong real activity,25,5.25,inflation,"PCE inflation at 3.8% and CPI at 4.2% remain well above target. GDP growth of 3.1% and a positive output gap of 1.0% indicate the economy is operating above potential, while unemployment at 3.8% is low. Additionally, 1-year inflation expectations at 3.5% and 8% oil price growth add upside risks. A 25 bps hike is warranted to further restrain demand and bring inflation back to target.",0.8,1398,Scenario A,5.0,3.1,3.8,4.2,3.8,1.0,2.7,3.5,0.2,15,105,78,0.2,8,0,0,Democratic,0,centrist
deepseek,deepseek-v4-flash,no_persona,none,10,sc1,Scenario A,hot inflation with strong real activity,25,5.25,inflation,"PCE inflation at 3.8% and CPI at 4.2% remain well above the 2% target, indicating persistent price pressures. With unemployment at 3.8% and a positive output gap of 1.0%, the economy is operating above potential, supporting further tightening. Elevated inflation expectations (5-year at 2.7%, Michigan 1-year at 3.5%) also warrant action to anchor them. A 25 bps hike aims to gradually reduce inflation without abrupt disruption.",0.8,1060,Scenario A,5.0,3.1,3.8,4.2,3.8,1.0,2.7,3.5,0.2,15,105,78,0.2,8,0,0,Democratic,0,centrist
deepseek,deepseek-v4-flash,no_persona,none,11,sc1,Scenario A,hot inflation with strong real activity,25,5.25,inflation,"PCE inflation at 3.8% and CPI at 4.2% remain well above the 2% target. GDP growth of 3.1% and a positive output gap of 1.0% indicate the economy is operating above potential, while the unemployment rate at 3.8% signals a tight labor market. Additionally, oil price growth of 8% poses an upside risk to inflation. These factors warrant a 25 basis point increase in the federal funds rate to ensure inflation returns to target.",0.8,1344,Scenario A,5.0,3.1,3.8,4.2,3.8,1.0,2.7,3.5,0.2,15,105,78,0.2,8,0,0,Democratic,0,centrist
deepseek,deepseek-v4-flash,no_persona,none,12,sc1,Scenario A,hot inflation with strong real activity,25,5.25,inflation,"PCE inflation at 3.8% and CPI at 4.2% remain well above the 2% target, while GDP growth of 3.1% and unemployment at 3.8% indicate a strong economy. Elevated inflation expectations (5-year at 2.7%, Michigan 1-year at 3.5%) warrant further tightening to anchor expectations. The positive output gap of 1.0% suggests demand-pull pressures, and low financial stress supports a measured hike.",0.85,1021,Scenario A,5.0,3.1,3.8,4.2,3.8,1.0,2.7,3.5,0.2,15,105,78,0.2,8,0,0,Democratic,0,centrist
deepseek,deepseek-v4-flash,no_persona,none,13,sc1,Scenario A,hot inflation with strong real activity,25,5.25,inflation,"PCE inflation at 3.8% and CPI at 4.2% remain well above the 2% target, while the output gap is positive at 1.0% and the unemployment rate is low at 3.8%, indicating an overheating economy. Rising oil prices (8% growth) add inflationary pressure, and 5-year inflation expectations at 2.7% suggest unanchored expectations. A 25 basis point hike is warranted to gradually tighten policy without risking financial stability.",0.8,1008,Scenario A,5.0,3.1,3.8,4.2,3.8,1.0,2.7,3.5,0.2,15,105,78,0.2,8,0,0,Democratic,0,centrist
deepseek,deepseek-v4-flash,no_persona,none,14,sc1,Scenario A,hot inflation with strong real activity,25,5.25,inflation,"PCE inflation at 3.8% and CPI at 4.2% remain well above the 2% target, while the unemployment rate of 3.8% and GDP growth of 3.1% indicate a strong economy with no slack. Additionally, Michigan 1-year expected inflation at 3.5% suggests elevated short-term inflation expectations. A 25 basis point hike is warranted to gradually tighten policy and anchor inflation expectations.",0.8,1068,Scenario A,5.0,3.1,3.8,4.2,3.8,1.0,2.7,3.5,0.2,15,105,78,0.2,8,0,0,Democratic,0,centrist
deepseek,deepseek-v4-flash,no_persona,none,15,sc1,Scenario A,hot inflation with strong real activity,25,5.25,inflation,"PCE inflation at 3.8% and CPI at 4.2% remain well above target, while the positive output gap of 1.0% indicates an overheating economy. Strong GDP growth of 3.1% and low unemployment of 3.8% support further tightening to preempt inflation expectations from becoming unanchored. A 25-basis-point hike is a measured step to gradually bring inflation down without disrupting financial stability, as the financial stress index and VIX remain low.",0.8,1218,Scenario A,5.0,3.1,3.8,4.2,3.8,1.0,2.7,3.5,0.2,15,105,78,0.2,8,0,0,Democratic,0,centrist
deepseek,deepseek-v4-flash,no_persona,none,1,sc2,Scenario B,weak labor market with near-target inflation,-25,4.75,unemployment,"GDP growth is sluggish at 0.5% and the unemployment rate is elevated at 6.0%, indicating labor market weakness. The negative output gap of -1.5% suggests economic slack. Meanwhile, PCE inflation at 2.1% is near target, allowing room for easing. A 25 bps cut aims to support growth without stoking inflationary pressures.",0.7,925,Scenario B,5.0,0.5,2.1,2.4,6.0,-1.5,2.1,2.5,0.5,20,125,65,-0.4,-6,0,0,Democratic,0,centrist
deepseek,deepseek-v4-flash,no_persona,none,2,sc2,Scenario B,weak labor market with near-target inflation,-25,4.75,unemployment,"GDP growth at 0.5% is very weak, and the unemployment rate at 6.0% indicates significant slack. The negative output gap of -1.5% suggests the economy is operating below potential, while PCE inflation at 2.1% is near target, leaving room for easing. A 25 basis point cut will support employment without stoking inflation.",0.7,1227,Scenario B,5.0,0.5,2.1,2.4,6.0,-1.5,2.1,2.5,0.5,20,125,65,-0.4,-6,0,0,Democratic,0,centrist
deepseek,deepseek-v4-flash,no_persona,none,3,sc2,Scenario B,weak labor market with near-target inflation,-25,4.75,unemployment,"GDP growth is near stall-speed at 0.5% and the unemployment rate has risen to 6.0%, signaling significant labor market slack. The negative output gap of -1.5% confirms below-potential activity. With PCE inflation at 2.1% and CPI at 2.4%, inflation remains near target and does not constrain easing. Therefore, a 25 bps cut is warranted to support employment and growth without stoking inflation pressures.",0.7,996,Scenario B,5.0,0.5,2.1,2.4,6.0,-1.5,2.1,2.5,0.5,20,125,65,-0.4,-6,0,0,Democratic,0,centrist
deepseek,deepseek-v4-flash,no_persona,none,4,sc2,Scenario B,weak labor market with near-target inflation,-25,4.75,unemployment,"Given the weak GDP growth of 0.5%, elevated unemployment at 6.0%, and a negative output gap of -1.5%, easing is warranted to support the economy. PCE inflation at 2.1% is close to target, allowing room for a rate cut. The financial stress index remains moderate, and the inverted yield curve signals downside risks. Therefore, a 25 basis point cut is appropriate to preempt further weakness.",0.7,1423,Scenario B,5.0,0.5,2.1,2.4,6.0,-1.5,2.1,2.5,0.5,20,125,65,-0.4,-6,0,0,Democratic,0,centrist
deepseek,deepseek-v4-flash,no_persona,none,5,sc2,Scenario B,weak labor market with near-target inflation,-25,4.75,unemployment,"GDP growth is weak at 0.5%, and the unemployment rate is elevated at 6.0%, indicating slack in the economy. PCE inflation at 2.1% is near target, allowing room for easing. The inverted yield curve (-0.4 pp) signals recession risk, further supporting a rate cut to stimulate growth.",0.8,1003,Scenario B,5.0,0.5,2.1,2.4,6.0,-1.5,2.1,2.5,0.5,20,125,65,-0.4,-6,0,0,Democratic,0,centrist
deepseek,deepseek-v4-flash,no_persona,none,6,sc2,Scenario B,weak labor market with near-target inflation,-25,4.75,unemployment,"The economy is experiencing very weak GDP growth of 0.5% and an unemployment rate of 6.0%, indicating significant slack. PCE inflation is at 2.1%, near target, and the negative output gap of -1.5% suggests disinflationary pressures. A 25 basis point cut supports employment without undermining price stability.",0.8,1216,Scenario B,5.0,0.5,2.1,2.4,6.0,-1.5,2.1,2.5,0.5,20,125,65,-0.4,-6,0,0,Democratic,0,centrist
deepseek,deepseek-v4-flash,no_persona,none,7,sc2,Scenario B,weak labor market with near-target inflation,-25,4.75,unemployment,"With unemployment at 6.0% and GDP growth at only 0.5%, the economy is operating below potential, as indicated by a negative output gap of -1.5%. PCE inflation at 2.1% is near target, allowing room for easing. The inverted yield curve suggests recession risks, though the recession dummy is zero. A 25 basis point cut aims to support employment without stoking inflation.",0.7,984,Scenario B,5.0,0.5,2.1,2.4,6.0,-1.5,2.1,2.5,0.5,20,125,65,-0.4,-6,0,0,Democratic,0,centrist
deepseek,deepseek-v4-flash,no_persona,none,8,sc2,Scenario B,weak labor market with near-target inflation,-25,4.75,unemployment,"GDP growth is very weak at 0.5%, the unemployment rate is elevated at 6.0%, and the output gap is negative at -1.5%, indicating significant slack. PCE inflation at 2.1% is near target, allowing for policy easing. A 25 basis point cut aims to support economic activity without fueling inflation.",0.7,1160,Scenario B,5.0,0.5,2.1,2.4,6.0,-1.5,2.1,2.5,0.5,20,125,65,-0.4,-6,0,0,Democratic,0,centrist
deepseek,deepseek-v4-flash,no_persona,none,9,sc2,Scenario B,weak labor market with near-target inflation,-25,4.75,unemployment,"The unemployment rate at 6.0% and negative output gap of -1.5% signal economic slack, while GDP growth is only 0.5%. PCE inflation at 2.1% is close to target, allowing for a modest rate cut. The inverted yield curve (-0.4 pp) and moderate financial stress index (0.5) do not demand aggressive action. A 25 bps cut balances supporting employment while keeping inflation expectations anchored.",0.8,1035,Scenario B,5.0,0.5,2.1,2.4,6.0,-1.5,2.1,2.5,0.5,20,125,65,-0.4,-6,0,0,Democratic,0,centrist
deepseek,deepseek-v4-flash,no_persona,none,10,sc2,Scenario B,weak labor market with near-target inflation,-25,4.75,unemployment,"GDP growth is very weak at 0.5%, and the unemployment rate has risen to 6.0%, indicating significant slack in the labor market. With a negative output gap of -1.5%, there is little inflationary pressure, and PCE inflation at 2.1% is near the target. To support economic activity and employment, a 25 basis point cut is warranted.",0.7,1088,Scenario B,5.0,0.5,2.1,2.4,6.0,-1.5,2.1,2.5,0.5,20,125,65,-0.4,-6,0,0,Democratic,0,centrist
deepseek,deepseek-v4-flash,no_persona,none,11,sc2,Scenario B,weak labor market with near-target inflation,-25,4.75,unemployment,"GDP growth is extremely weak at 0.5%, while unemployment has risen to 6.0% and the output gap is -1.5%, indicating significant slack. Inflation is near target at 2.1% PCE, allowing room for a rate cut to support employment. The modest cut balances the need to stimulate the economy without fueling inflation.",0.7,922,Scenario B,5.0,0.5,2.1,2.4,6.0,-1.5,2.1,2.5,0.5,20,125,65,-0.4,-6,0,0,Democratic,0,centrist
deepseek,deepseek-v4-flash,no_persona,none,12,sc2,Scenario B,weak labor market with near-target inflation,-25,4.75,unemployment,"GDP growth is very weak at 0.5% and the unemployment rate is elevated at 6.0%. The negative output gap of -1.5% indicates significant economic slack. PCE inflation at 2.1% is close to target, allowing for an accommodative policy. A rate cut will help support employment and aggregate demand.",0.75,1619,Scenario B,5.0,0.5,2.1,2.4,6.0,-1.5,2.1,2.5,0.5,20,125,65,-0.4,-6,0,0,Democratic,0,centrist
deepseek,deepseek-v4-flash,no_persona,none,13,sc2,Scenario B,weak labor market with near-target inflation,-25,4.75,unemployment,"The unemployment rate at 6.0% is elevated, and GDP growth is a weak 0.5%, indicating significant economic slack with a negative output gap of -1.5%. PCE inflation at 2.1% is near target, while the inverted yield curve and low consumer sentiment signal downside risks. A modest rate cut supports employment without stoking inflation.",0.75,1495,Scenario B,5.0,0.5,2.1,2.4,6.0,-1.5,2.1,2.5,0.5,20,125,65,-0.4,-6,0,0,Democratic,0,centrist
deepseek,deepseek-v4-flash,no_persona,none,14,sc2,Scenario B,weak labor market with near-target inflation,-25,4.75,unemployment,"GDP growth is very weak at 0.5% and the unemployment rate has risen to 6.0%, signaling a softening labor market. The output gap is -1.5%, indicating slack in the economy, while PCE inflation at 2.1% remains near target. A 25 basis point cut aims to support economic activity and employment without overstimulating inflation.",0.8,956,Scenario B,5.0,0.5,2.1,2.4,6.0,-1.5,2.1,2.5,0.5,20,125,65,-0.4,-6,0,0,Democratic,0,centrist
deepseek,deepseek-v4-flash,no_persona,none,15,sc2,Scenario B,weak labor market with near-target inflation,-25,4.75,unemployment,"The economy is experiencing weak GDP growth at 0.5% and high unemployment at 6.0%, with a negative output gap of -1.5%. PCE inflation at 2.1% is near target, allowing room for easing. The inverted yield curve and low consumer sentiment suggest downside risks. A 25 basis point cut supports employment without stoking inflation.",0.7,1285,Scenario B,5.0,0.5,2.1,2.4,6.0,-1.5,2.1,2.5,0.5,20,125,65,-0.4,-6,0,0,Democratic,0,centrist
deepseek,deepseek-v4-flash,no_persona,none,1,sc3,Scenario C,mixed inflation-employment tradeoff,0,5.0,balanced,"GDP growth is moderate at 1.8% with a negative output gap of -0.5%, suggesting some economic slack. However, PCE inflation remains elevated at 3.1% and inflation expectations are above target, with the Michigan 1-year expected inflation at 3.0%. The yield curve is slightly inverted, indicating caution. Given balanced risks, holding the rate is appropriate to maintain pressure on inflation while supporting growth.",0.8,1395,Scenario C,5.0,1.8,3.1,3.4,4.9,-0.5,2.4,3.0,0.4,18,115,70,-0.1,4,0,0,Democratic,0,centrist
deepseek,deepseek-v4-flash,no_persona,none,2,sc3,Scenario C,mixed inflation-employment tradeoff,0,5.0,inflation,"Inflation remains elevated with PCE at 3.1% and CPI at 3.4%, both above the 2% target, while the output gap is negative at -0.5% and the unemployment rate has risen to 4.9%. The inverted yield curve (10Y-2Y spread at -0.1 pp) signals recession risks, but the recession dummy is 0. Holding the rate at 5.0% allows us to maintain restrictive policy while monitoring further data.",0.8,1335,Scenario C,5.0,1.8,3.1,3.4,4.9,-0.5,2.4,3.0,0.4,18,115,70,-0.1,4,0,0,Democratic,0,centrist
deepseek,deepseek-v4-flash,no_persona,none,3,sc3,Scenario C,mixed inflation-employment tradeoff,0,5.0,inflation,"PCE inflation at 3.1% and CPI at 3.4% remain above the 2% target, while the unemployment rate has risen to 4.9% and the output gap is -0.5%, indicating economic slack. Despite elevated inflation expectations (5-year at 2.4%, Michigan 1-year at 3.0%), holding the rate steady allows the Committee to assess incoming data without exacerbating growth concerns.",0.7,1617,Scenario C,5.0,1.8,3.1,3.4,4.9,-0.5,2.4,3.0,0.4,18,115,70,-0.1,4,0,0,Democratic,0,centrist
deepseek,deepseek-v4-flash,no_persona,none,4,sc3,Scenario C,mixed inflation-employment tradeoff,0,5.0,inflation,"PCE inflation at 3.1% remains above the 2% target, while the output gap of -0.5% indicates economic slack. Unemployment at 4.9% is moderate, and 5-year inflation expectations at 2.4% are anchored. Holding the rate allows monitoring of further data before adjusting policy.",0.7,1297,Scenario C,5.0,1.8,3.1,3.4,4.9,-0.5,2.4,3.0,0.4,18,115,70,-0.1,4,0,0,Democratic,0,centrist
deepseek,deepseek-v4-flash,no_persona,none,5,sc3,Scenario C,mixed inflation-employment tradeoff,0,5.0,inflation,"PCE inflation at 3.1% remains above the 2% target, while the unemployment rate has risen to 4.9% and the output gap is negative, indicating economic slack. Inflation expectations are elevated, with the 5-year at 2.4% and Michigan 1-year at 3.0%. The inverted yield curve (-0.1 pp) suggests recession risk, but the recession dummy is 0, so a hold allows for further observation.",0.7,1476,Scenario C,5.0,1.8,3.1,3.4,4.9,-0.5,2.4,3.0,0.4,18,115,70,-0.1,4,0,0,Democratic,0,centrist
deepseek,deepseek-v4-flash,no_persona,none,6,sc3,Scenario C,mixed inflation-employment tradeoff,0,5.0,inflation,"PCE inflation at 3.1% and CPI at 3.4% remain above the 2% target, while 5-year inflation expectations at 2.4% indicate anchoring. Unemployment at 4.9% and a negative output gap of -0.5% show some slack, but financial stress is low and recession risk is nil. Holding rates steady balances inflation concerns with moderating growth.",0.7,1082,Scenario C,5.0,1.8,3.1,3.4,4.9,-0.5,2.4,3.0,0.4,18,115,70,-0.1,4,0,0,Democratic,0,centrist
deepseek,deepseek-v4-flash,no_persona,none,7,sc3,Scenario C,mixed inflation-employment tradeoff,0,5.0,inflation,"PCE inflation at 3.1% remains above the 2% target, and inflation expectations are elevated at 2.4% (5-year) and 3.0% (1-year). Meanwhile, the unemployment rate has risen to 4.9% and the output gap is negative at -0.5%, indicating some economic softening. However, given that inflation is still persistent, maintaining the current rate is prudent to allow further disinflation without prematurely loosening policy.",0.7,1532,Scenario C,5.0,1.8,3.1,3.4,4.9,-0.5,2.4,3.0,0.4,18,115,70,-0.1,4,0,0,Democratic,0,centrist
deepseek,deepseek-v4-flash,no_persona,none,8,sc3,Scenario C,mixed inflation-employment tradeoff,0,5.0,inflation,"With PCE inflation at 3.1% and CPI at 3.4%, both above target, and inflation expectations slightly elevated (2.4% 5-year, 3.0% Michigan 1-year), holding rates at current level allows further disinflation without risking a recession. The negative output gap (-0.5%) and rising unemployment (4.9%) suggest the economy is cooling, but financial stress is moderate (0.4) and the yield curve inversion (-0.1 pp) signals caution. A hold balances inflation risks with growth concerns.",0.75,1353,Scenario C,5.0,1.8,3.1,3.4,4.9,-0.5,2.4,3.0,0.4,18,115,70,-0.1,4,0,0,Democratic,0,centrist
deepseek,deepseek-v4-flash,no_persona,none,9,sc3,Scenario C,mixed inflation-employment tradeoff,0,5.0,inflation,"PCE inflation at 3.1% remains above the 2% target, while 5-year inflation expectations at 2.4% indicate persistent price pressures. However, the unemployment rate has risen to 4.9% and the output gap is negative at -0.5%, suggesting economic slack. Given mixed signals, holding the rate steady allows time to assess incoming data without risking further economic slowdown.",0.7,1052,Scenario C,5.0,1.8,3.1,3.4,4.9,-0.5,2.4,3.0,0.4,18,115,70,-0.1,4,0,0,Democratic,0,centrist
deepseek,deepseek-v4-flash,no_persona,none,10,sc3,Scenario C,mixed inflation-employment tradeoff,0,5.0,inflation,"PCE inflation remains elevated at 3.1%, well above the 2% target, while CPI is 3.4%. The unemployment rate at 4.9% is slightly above estimates of natural rate, and the output gap at -0.5% indicates modest slack. Inflation expectations remain anchored near 2.4% for 5-year, but Michigan 1-year expected inflation is 3.0%. Given these mixed signals, holding the rate steady allows further assessment of economic trends.",0.7,1138,Scenario C,5.0,1.8,3.1,3.4,4.9,-0.5,2.4,3.0,0.4,18,115,70,-0.1,4,0,0,Democratic,0,centrist
deepseek,deepseek-v4-flash,no_persona,none,11,sc3,Scenario C,mixed inflation-employment tradeoff,0,5.0,balanced,"PCE inflation at 3.1% remains above the 2% target, but the output gap is negative at -0.5% and unemployment has risen to 4.9%, indicating some labor market slack. Five-year inflation expectations are well anchored at 2.4%, and financial stress is moderate with an index of 0.4. Given these mixed signals, maintaining the current target rate is prudent to allow further data while monitoring both inflation and employment risks.",0.75,1547,Scenario C,5.0,1.8,3.1,3.4,4.9,-0.5,2.4,3.0,0.4,18,115,70,-0.1,4,0,0,Democratic,0,centrist
deepseek,deepseek-v4-flash,no_persona,none,12,sc3,Scenario C,mixed inflation-employment tradeoff,0,5.0,inflation,"PCE inflation at 3.1% remains above the 2% target, while the unemployment rate has risen to 4.9%, indicating some labor market softening. The negative output gap of -0.5% suggests economic slack, but inflation expectations (5-year at 2.4% and Michigan 1-year at 3.0%) are still elevated. Given these mixed signals, maintaining the current rate allows further assessment of inflation trends without risking a premature easing.",0.7,980,Scenario C,5.0,1.8,3.1,3.4,4.9,-0.5,2.4,3.0,0.4,18,115,70,-0.1,4,0,0,Democratic,0,centrist
deepseek,deepseek-v4-flash,no_persona,none,13,sc3,Scenario C,mixed inflation-employment tradeoff,0,5.0,inflation,"PCE inflation at 3.1% remains above the 2% target, warranting a hold to ensure continued progress. The unemployment rate at 4.9% and output gap at -0.5% indicate some slack, but financial stress is low at 0.4, supporting steady policy. Further tightening is not needed, while premature easing risks reigniting inflation.",0.7,1302,Scenario C,5.0,1.8,3.1,3.4,4.9,-0.5,2.4,3.0,0.4,18,115,70,-0.1,4,0,0,Democratic,0,centrist
deepseek,deepseek-v4-flash,no_persona,none,14,sc3,Scenario C,mixed inflation-employment tradeoff,0,5.0,inflation,"PCE inflation at 3.1% remains above the 2% target, while the unemployment rate has risen to 4.9% with a negative output gap indicating slack. Financial stress is low and inflation expectations are somewhat elevated, but the economy shows no recession signal. Given the high inflation and uncertainty, holding the rate steady is prudent to assess further data.",0.7,1434,Scenario C,5.0,1.8,3.1,3.4,4.9,-0.5,2.4,3.0,0.4,18,115,70,-0.1,4,0,0,Democratic,0,centrist
deepseek,deepseek-v4-flash,no_persona,none,15,sc3,Scenario C,mixed inflation-employment tradeoff,0,5.0,inflation,"PCE inflation remains elevated at 3.1%, above the 2% target, while the unemployment rate at 4.9% and GDP growth of 1.8% suggest a moderate economy. The negative output gap of -0.5% and a stable financial stress index of 0.4 indicate no immediate need for adjustment. Holding the rate allows further assessment of inflation trends without disrupting economic stability.",0.7,1300,Scenario C,5.0,1.8,3.1,3.4,4.9,-0.5,2.4,3.0,0.4,18,115,70,-0.1,4,0,0,Democratic,0,centrist
deepseek,deepseek-v4-flash,placebo,placebo,1,sc1,Scenario A,hot inflation with strong real activity,25,5.25,inflation,"PCE inflation at 3.8% and CPI inflation at 4.2% remain well above the 2% target, while GDP growth of 3.1% and unemployment at 3.8% indicate a strong economy that can tolerate further tightening. Additionally, oil price growth of 8% poses upside risks to inflation. A 25 bps hike is warranted to gradually bring inflation down.",0.7,1009,Scenario A,5.0,3.1,3.8,4.2,3.8,1.0,2.7,3.5,0.2,15,105,78,0.2,8,0,0,Democratic,0,centrist
deepseek,deepseek-v4-flash,placebo,placebo,2,sc1,Scenario A,hot inflation with strong real activity,25,5.25,inflation,"PCE inflation at 3.8% and CPI at 4.2% remain well above the 2% target, while the unemployment rate at 3.8% signals a tight labor market. GDP growth of 3.1% and elevated inflation expectations (Michigan 1-year at 3.5%) suggest persistent price pressures. A modest rate hike is warranted to anchor expectations and prevent overheating, despite strong growth and low financial stress.",0.7,996,Scenario A,5.0,3.1,3.8,4.2,3.8,1.0,2.7,3.5,0.2,15,105,78,0.2,8,0,0,Democratic,0,centrist
deepseek,deepseek-v4-flash,placebo,placebo,3,sc1,Scenario A,hot inflation with strong real activity,25,5.25,inflation,"PCE inflation at 3.8% and CPI at 4.2% remain well above the 2% target, while the unemployment rate is low at 3.8% and GDP growth is solid at 3.1%, indicating the economy can withstand further tightening. The output gap is positive, and inflation expectations are elevated, suggesting persistent inflationary pressure. Therefore, a modest rate increase is appropriate to curb inflation.",0.7,1328,Scenario A,5.0,3.1,3.8,4.2,3.8,1.0,2.7,3.5,0.2,15,105,78,0.2,8,0,0,Democratic,0,centrist
deepseek,deepseek-v4-flash,placebo,placebo,4,sc1,Scenario A,hot inflation with strong real activity,25,5.25,inflation,"PCE inflation at 3.8% and CPI at 4.2% remain well above the 2% target, while GDP growth of 3.1% and unemployment at 3.8% indicate a strong economy with no immediate recession risk. Additionally, 5-year inflation expectations at 2.7% suggest persistent inflation pressures. A modest rate hike is warranted to preempt further inflation.",0.7,1111,Scenario A,5.0,3.1,3.8,4.2,3.8,1.0,2.7,3.5,0.2,15,105,78,0.2,8,0,0,Democratic,0,centrist
deepseek,deepseek-v4-flash,placebo,placebo,5,sc1,Scenario A,hot inflation with strong real activity,25,5.25,inflation,"PCE inflation at 3.8% and CPI at 4.2% remain well above target, while GDP growth of 3.1% and a positive output gap of 1.0% indicate a strong economy. Low unemployment at 3.8% and rising inflation expectations (5-year at 2.7%) warrant a modest rate hike to preempt further inflationary pressures. Financial conditions are stable, supporting a gradual tightening approach.",0.75,1063,Scenario A,5.0,3.1,3.8,4.2,3.8,1.0,2.7,3.5,0.2,15,105,78,0.2,8,0,0,Democratic,0,centrist
deepseek,deepseek-v4-flash,placebo,placebo,6,sc1,Scenario A,hot inflation with strong real activity,25,5.25,inflation,"PCE inflation at 3.8% and CPI at 4.2% remain well above the 2% target, while unemployment at 3.8% and GDP growth at 3.1% indicate a strong economy with a positive output gap of 1.0%. Continued tightening is warranted to anchor inflation expectations, which are elevated at 2.7% and 3.5%.",0.7,993,Scenario A,5.0,3.1,3.8,4.2,3.8,1.0,2.7,3.5,0.2,15,105,78,0.2,8,0,0,Democratic,0,centrist
deepseek,deepseek-v4-flash,placebo,placebo,7,sc1,Scenario A,hot inflation with strong real activity,25,5.25,inflation,"PCE inflation at 3.8% and CPI inflation at 4.2% remain well above the 2% target, while GDP growth of 3.1% and a low unemployment rate of 3.8% suggest the economy can absorb further tightening. Elevated inflation expectations, with the Michigan 1-year expected inflation at 3.5%, reinforce the need to preemptively tighten to prevent de-anchoring. A 25 basis point hike is warranted to gradually bring inflation back to target while balancing the risk of over-tightening.",0.75,1064,Scenario A,5.0,3.1,3.8,4.2,3.8,1.0,2.7,3.5,0.2,15,105,78,0.2,8,0,0,Democratic,0,centrist
deepseek,deepseek-v4-flash,placebo,placebo,8,sc1,Scenario A,hot inflation with strong real activity,25,5.25,inflation,"PCE inflation at 3.8% and CPI at 4.2% remain well above the 2% target, while the unemployment rate is low at 3.8% and the output gap is positive at 1.0%, suggesting an overheating economy. Elevated inflation expectations (5-year at 2.7% and Michigan 1-year at 3.5%) further support tightening. Given strong GDP growth of 3.1% and no recession signals, a 25 basis point hike is warranted to gradually curb inflationary pressures.",0.75,1027,Scenario A,5.0,3.1,3.8,4.2,3.8,1.0,2.7,3.5,0.2,15,105,78,0.2,8,0,0,Democratic,0,centrist
deepseek,deepseek-v4-flash,placebo,placebo,9,sc1,Scenario A,hot inflation with strong real activity,25,5.25,inflation,"PCE inflation at 3.8% and CPI at 4.2% remain well above the 2% target. The unemployment rate is very low at 3.8%, and GDP growth is strong at 3.1%, suggesting the economy can tolerate tighter policy. Elevated inflation expectations, such as the Michigan 1-year expected inflation at 3.5%, reinforce the need for a modest rate increase to anchor expectations. A 25 basis point hike is a measured step to gradually reduce inflationary pressures without disrupting financial stability.",0.7,941,Scenario A,5.0,3.1,3.8,4.2,3.8,1.0,2.7,3.5,0.2,15,105,78,0.2,8,0,0,Democratic,0,centrist
deepseek,deepseek-v4-flash,placebo,placebo,10,sc1,Scenario A,hot inflation with strong real activity,25,5.25,inflation,"Given PCE inflation at 3.8% well above target, low unemployment at 3.8%, strong GDP growth of 3.1%, and elevated 5-year inflation expectations at 2.7%, a rate hike is warranted to contain inflationary pressures.",0.7,949,Scenario A,5.0,3.1,3.8,4.2,3.8,1.0,2.7,3.5,0.2,15,105,78,0.2,8,0,0,Democratic,0,centrist
deepseek,deepseek-v4-flash,placebo,placebo,11,sc1,Scenario A,hot inflation with strong real activity,25,5.25,inflation,"PCE inflation at 3.8% and CPI at 4.2% remain well above the 2% target. The unemployment rate is low at 3.8%, and GDP growth is robust at 3.1%, indicating a strong economy. These conditions, along with elevated inflation expectations (5-year at 2.7%), suggest that further tightening is necessary to ensure price stability.",0.6,1623,Scenario A,5.0,3.1,3.8,4.2,3.8,1.0,2.7,3.5,0.2,15,105,78,0.2,8,0,0,Democratic,0,centrist
deepseek,deepseek-v4-flash,placebo,placebo,12,sc1,Scenario A,hot inflation with strong real activity,25,5.25,inflation,"PCE inflation at 3.8% and CPI inflation at 4.2% remain well above target, while unemployment is low at 3.8% and GDP growth is strong at 3.1%, indicating an overheating economy. A modest rate hike is warranted to anchor inflation expectations and ensure price stability.",0.7,966,Scenario A,5.0,3.1,3.8,4.2,3.8,1.0,2.7,3.5,0.2,15,105,78,0.2,8,0,0,Democratic,0,centrist
deepseek,deepseek-v4-flash,placebo,placebo,13,sc1,Scenario A,hot inflation with strong real activity,0,5.0,inflation,"PCE inflation at 3.8% remains well above the 2% target, while unemployment is low at 3.8% and GDP growth is solid at 3.1%. The output gap is positive at 1.0%, indicating the economy is operating above potential. Given these conditions, maintaining the current rate is prudent to assess the impact of previous hikes on inflation while supporting the strong labor market.",0.7,1671,Scenario A,5.0,3.1,3.8,4.2,3.8,1.0,2.7,3.5,0.2,15,105,78,0.2,8,0,0,Democratic,0,centrist
deepseek,deepseek-v4-flash,placebo,placebo,14,sc1,Scenario A,hot inflation with strong real activity,25,5.25,inflation,"Given PCE inflation at 3.8% and CPI at 4.2%, both well above the 2% target, and with unemployment low at 3.8% and GDP growth strong at 3.1%, inflationary pressures persist. Additionally, 5-year inflation expectations at 2.7% suggest de-anchoring risks. A 25 basis point hike is warranted to maintain credibility and guide inflation back to target.",0.7,1188,Scenario A,5.0,3.1,3.8,4.2,3.8,1.0,2.7,3.5,0.2,15,105,78,0.2,8,0,0,Democratic,0,centrist
deepseek,deepseek-v4-flash,placebo,placebo,15,sc1,Scenario A,hot inflation with strong real activity,25,5.25,inflation,"GDP growth is robust at 3.1% and the output gap is positive at 1.0%, indicating above-potential activity. PCE inflation at 3.8% and CPI at 4.2% remain well above the 2% target. The unemployment rate at 3.8% is historically low, contributing to tight labor markets. Thus, a 25 basis point hike is appropriate to curb inflationary pressures.",0.7,1151,Scenario A,5.0,3.1,3.8,4.2,3.8,1.0,2.7,3.5,0.2,15,105,78,0.2,8,0,0,Democratic,0,centrist
deepseek,deepseek-v4-flash,placebo,placebo,1,sc2,Scenario B,weak labor market with near-target inflation,-25,4.75,unemployment,"Given weak GDP growth of 0.5%, high unemployment at 6.0%, a negative output gap of -1.5%, and PCE inflation at 2.1% near target, a rate cut is appropriate to support economic activity and reduce labor market slack.",0.7,1177,Scenario B,5.0,0.5,2.1,2.4,6.0,-1.5,2.1,2.5,0.5,20,125,65,-0.4,-6,0,0,Democratic,0,centrist
deepseek,deepseek-v4-flash,placebo,placebo,2,sc2,Scenario B,weak labor market with near-target inflation,-25,4.75,unemployment,"GDP growth is very weak at 0.5% and unemployment is elevated at 6.0%, indicating significant slack. PCE inflation at 2.1% is near target, and the output gap is negative at -1.5%, suggesting room for easing without overheating. A 25 bps cut supports employment and growth while maintaining inflation containment.",0.7,1113,Scenario B,5.0,0.5,2.1,2.4,6.0,-1.5,2.1,2.5,0.5,20,125,65,-0.4,-6,0,0,Democratic,0,centrist
deepseek,deepseek-v4-flash,placebo,placebo,3,sc2,Scenario B,weak labor market with near-target inflation,-25,4.75,unemployment,"The unemployment rate at 6.0% is elevated, and GDP growth at 0.5% is very weak, indicating significant economic slack as reflected by a negative output gap of -1.5%. PCE inflation is at 2.1%, close to target, and inflation expectations remain anchored. A 25 basis point cut supports employment without risking a surge in inflation.",0.7,945,Scenario B,5.0,0.5,2.1,2.4,6.0,-1.5,2.1,2.5,0.5,20,125,65,-0.4,-6,0,0,Democratic,0,centrist
deepseek,deepseek-v4-flash,placebo,placebo,4,sc2,Scenario B,weak labor market with near-target inflation,-25,4.75,unemployment,"Unemployment at 6.0% is elevated, and GDP growth of 0.5% indicates economic weakness. PCE inflation at 2.1% is near target, and a negative output gap of -1.5% suggests slack. A 25 basis point cut supports employment while keeping inflation expectations anchored.",0.7,1041,Scenario B,5.0,0.5,2.1,2.4,6.0,-1.5,2.1,2.5,0.5,20,125,65,-0.4,-6,0,0,Democratic,0,centrist
deepseek,deepseek-v4-flash,placebo,placebo,5,sc2,Scenario B,weak labor market with near-target inflation,-25,4.75,unemployment,"GDP growth is weak at 0.5% and unemployment is elevated at 6.0%, suggesting slack. PCE inflation at 2.1% is near target, while the negative output gap of -1.5% indicates room for stimulus. A 25 bp cut aims to support employment without stoking inflation.",0.7,1008,Scenario B,5.0,0.5,2.1,2.4,6.0,-1.5,2.1,2.5,0.5,20,125,65,-0.4,-6,0,0,Democratic,0,centrist
deepseek,deepseek-v4-flash,placebo,placebo,6,sc2,Scenario B,weak labor market with near-target inflation,-25,4.75,unemployment,"Given weak GDP growth of 0.5% and high unemployment at 6.0%, the economy appears to be operating below potential, as indicated by a negative output gap of -1.5%. Inflation measures are close to target, with PCE inflation at 2.1% and CPI at 2.4%, but the inverted yield curve and low consumer sentiment suggest downside risks. A modest rate cut is appropriate to support employment without fueling inflation.",0.75,2131,Scenario B,5.0,0.5,2.1,2.4,6.0,-1.5,2.1,2.5,0.5,20,125,65,-0.4,-6,0,0,Democratic,0,centrist
deepseek,deepseek-v4-flash,placebo,placebo,7,sc2,Scenario B,weak labor market with near-target inflation,-25,4.75,unemployment,"Given the weak GDP growth of 0.5% and elevated unemployment at 6.0%, combined with an output gap of -1.5% indicating slack, a modest rate cut seems appropriate to support economic activity. PCE inflation at 2.1% remains close to target, allowing room for easing.",0.7,1412,Scenario B,5.0,0.5,2.1,2.4,6.0,-1.5,2.1,2.5,0.5,20,125,65,-0.4,-6,0,0,Democratic,0,centrist
deepseek,deepseek-v4-flash,placebo,placebo,8,sc2,Scenario B,weak labor market with near-target inflation,-25,4.75,unemployment,"Given GDP growth of only 0.5% and an unemployment rate of 6.0%, the economy is underperforming. PCE inflation at 2.1% is at target, and the negative output gap of -1.5% suggests slack. A 25 basis point cut supports employment without fueling inflation.",0.7,1009,Scenario B,5.0,0.5,2.1,2.4,6.0,-1.5,2.1,2.5,0.5,20,125,65,-0.4,-6,0,0,Democratic,0,centrist
deepseek,deepseek-v4-flash,placebo,placebo,9,sc2,Scenario B,weak labor market with near-target inflation,-25,4.75,unemployment,"Given GDP growth of only 0.5%, a 6.0% unemployment rate, and a negative output gap of -1.5%, the economy shows significant slack. Inflation is near target at 2.1% PCE, allowing room for easing. A 25 basis point cut aims to support employment and growth without fueling inflation.",0.7,906,Scenario B,5.0,0.5,2.1,2.4,6.0,-1.5,2.1,2.5,0.5,20,125,65,-0.4,-6,0,0,Democratic,0,centrist
deepseek,deepseek-v4-flash,placebo,placebo,10,sc2,Scenario B,weak labor market with near-target inflation,-25,4.75,unemployment,"GDP growth at 0.5% is very weak, and the unemployment rate at 6.0% is elevated, signaling economic slack. PCE inflation at 2.1% is near target, and the output gap is -1.5%, suggesting room for accommodative policy. A 25 bps cut aims to support employment without stoking inflation.",0.7,903,Scenario B,5.0,0.5,2.1,2.4,6.0,-1.5,2.1,2.5,0.5,20,125,65,-0.4,-6,0,0,Democratic,0,centrist
deepseek,deepseek-v4-flash,placebo,placebo,11,sc2,Scenario B,weak labor market with near-target inflation,-25,4.75,unemployment,"GDP growth is weak at 0.5%, unemployment is elevated at 6.0%, and the output gap is negative at -1.5%, indicating economic slack. PCE inflation at 2.1% is near target, allowing for monetary easing to support employment.",0.75,996,Scenario B,5.0,0.5,2.1,2.4,6.0,-1.5,2.1,2.5,0.5,20,125,65,-0.4,-6,0,0,Democratic,0,centrist
deepseek,deepseek-v4-flash,placebo,placebo,12,sc2,Scenario B,weak labor market with near-target inflation,-25,4.75,unemployment,"GDP growth is very weak at 0.5%, while the unemployment rate has risen to 6.0% and the output gap is -1.5%, indicating slack. PCE inflation is at 2.1%, which is near target, allowing room for a cut to support employment. A 25 basis point reduction helps address labor market weakness without fueling inflation.",0.7,982,Scenario B,5.0,0.5,2.1,2.4,6.0,-1.5,2.1,2.5,0.5,20,125,65,-0.4,-6,0,0,Democratic,0,centrist
deepseek,deepseek-v4-flash,placebo,placebo,13,sc2,Scenario B,weak labor market with near-target inflation,-25,4.75,unemployment,"GDP growth is very low at 0.5%, unemployment is elevated at 6.0%, and the output gap is negative at -1.5%, indicating slack in the economy. PCE inflation is at 2.1%, close to target, so inflation is not a pressing concern. A 25 basis point cut aims to support economic activity and reduce unemployment without overstimulating.",0.7,1272,Scenario B,5.0,0.5,2.1,2.4,6.0,-1.5,2.1,2.5,0.5,20,125,65,-0.4,-6,0,0,Democratic,0,centrist
deepseek,deepseek-v4-flash,placebo,placebo,14,sc2,Scenario B,weak labor market with near-target inflation,-25,4.75,unemployment,"GDP growth is very low at 0.5% and unemployment is high at 6.0%, indicating economic weakness. PCE inflation at 2.1% is near target, allowing for rate cuts. The negative output gap of -1.5% suggests slack in the economy, supporting accommodative policy.",0.6,967,Scenario B,5.0,0.5,2.1,2.4,6.0,-1.5,2.1,2.5,0.5,20,125,65,-0.4,-6,0,0,Democratic,0,centrist
deepseek,deepseek-v4-flash,placebo,placebo,15,sc2,Scenario B,weak labor market with near-target inflation,-25,4.75,unemployment,"The unemployment rate is elevated at 6.0%, and GDP growth is weak at 0.5%. The negative output gap of -1.5% indicates slack in the economy. Meanwhile, PCE inflation at 2.1% is near target, allowing room for a measured rate cut to support the labor market.",0.7,966,Scenario B,5.0,0.5,2.1,2.4,6.0,-1.5,2.1,2.5,0.5,20,125,65,-0.4,-6,0,0,Democratic,0,centrist
deepseek,deepseek-v4-flash,placebo,placebo,1,sc3,Scenario C,mixed inflation-employment tradeoff,0,5.0,inflation,"PCE inflation remains at 3.1%, above the target, while the unemployment rate is 4.9% and GDP growth is moderate at 1.8%. The negative output gap of -0.5% suggests some economic slack, but inflation expectations are still elevated, warranting a hold on rates.",0.6,944,Scenario C,5.0,1.8,3.1,3.4,4.9,-0.5,2.4,3.0,0.4,18,115,70,-0.1,4,0,0,Democratic,0,centrist
deepseek,deepseek-v4-flash,placebo,placebo,2,sc3,Scenario C,mixed inflation-employment tradeoff,0,5.0,inflation,"PCE inflation at 3.1% remains above the 2% target, while CPI inflation is at 3.4%. However, the unemployment rate at 4.9% and a negative output gap of -0.5% suggest economic slack. Financial stress is moderate with an index of 0.4, and inflation expectations are relatively anchored at 2.4% for 5-year. Holding the rate allows for further observation of inflation dynamics without tightening prematurely.",0.7,1025,Scenario C,5.0,1.8,3.1,3.4,4.9,-0.5,2.4,3.0,0.4,18,115,70,-0.1,4,0,0,Democratic,0,centrist
deepseek,deepseek-v4-flash,placebo,placebo,3,sc3,Scenario C,mixed inflation-employment tradeoff,0,5.0,inflation,"PCE inflation remains at 3.1%, above the 2% target, while unemployment is at 4.9% near full employment. GDP growth is moderate at 1.8% and the financial stress index is low at 0.4, indicating stable conditions. Given persistent inflation, holding the rate steady is prudent.",0.7,1475,Scenario C,5.0,1.8,3.1,3.4,4.9,-0.5,2.4,3.0,0.4,18,115,70,-0.1,4,0,0,Democratic,0,centrist
deepseek,deepseek-v4-flash,placebo,placebo,4,sc3,Scenario C,mixed inflation-employment tradeoff,0,5.0,inflation,"PCE inflation at 3.1% remains above the 2% target, while the unemployment rate is at 4.9% and output gap is negative at -0.5%, suggesting some slack. GDP growth is modest at 1.8%, and the inverted yield curve signals caution. Holding rates allows time to assess inflation persistence without disrupting growth.",0.7,1058,Scenario C,5.0,1.8,3.1,3.4,4.9,-0.5,2.4,3.0,0.4,18,115,70,-0.1,4,0,0,Democratic,0,centrist
deepseek,deepseek-v4-flash,placebo,placebo,5,sc3,Scenario C,mixed inflation-employment tradeoff,0,5.0,balanced,"PCE inflation at 3.1% remains above the 2% target, but GDP growth is moderate at 1.8% and the unemployment rate at 4.9% suggests a softening labor market. The negative output gap of -0.5% indicates economic slack, reducing immediate inflationary pressures. Given the balanced mix of moderate growth, high inflation, and rising unemployment, holding the rate steady is appropriate to assess evolving conditions.",0.7,1143,Scenario C,5.0,1.8,3.1,3.4,4.9,-0.5,2.4,3.0,0.4,18,115,70,-0.1,4,0,0,Democratic,0,centrist
deepseek,deepseek-v4-flash,placebo,placebo,6,sc3,Scenario C,mixed inflation-employment tradeoff,0,5.0,balanced,"PCE inflation remains elevated at 3.1% above the 2% target, while the unemployment rate has risen to 4.9% and the output gap is negative at -0.5%, indicating slack. Five-year inflation expectations are at 2.4%, suggesting some de-anchoring risk but financial stress is moderate. Given these mixed signals, holding the rate at 5.00% allows further observation.",0.7,1074,Scenario C,5.0,1.8,3.1,3.4,4.9,-0.5,2.4,3.0,0.4,18,115,70,-0.1,4,0,0,Democratic,0,centrist
deepseek,deepseek-v4-flash,placebo,placebo,7,sc3,Scenario C,mixed inflation-employment tradeoff,0,5.0,inflation,"PCE inflation at 3.1% and CPI at 3.4% remain above the 2% target, while unemployment at 4.9% and a negative output gap of -0.5% indicate some economic slack. The 5-year inflation expectation at 2.4% suggests anchored but elevated expectations. Given these mixed signals, maintaining the current rate is prudent to balance inflation and growth risks.",0.7,1000,Scenario C,5.0,1.8,3.1,3.4,4.9,-0.5,2.4,3.0,0.4,18,115,70,-0.1,4,0,0,Democratic,0,centrist
deepseek,deepseek-v4-flash,placebo,placebo,8,sc3,Scenario C,mixed inflation-employment tradeoff,0,5.0,balanced,"Given PCE inflation at 3.1% remains above target, but unemployment at 4.9% and a negative output gap of -0.5% indicate economic slack, while GDP growth is moderate at 1.8%, the committee decides to hold rates steady to balance inflation and employment objectives.",0.7,1279,Scenario C,5.0,1.8,3.1,3.4,4.9,-0.5,2.4,3.0,0.4,18,115,70,-0.1,4,0,0,Democratic,0,centrist
deepseek,deepseek-v4-flash,placebo,placebo,9,sc3,Scenario C,mixed inflation-employment tradeoff,0,5.0,inflation,"PCE inflation at 3.1% and CPI at 3.4% remain above the 2% target, while the unemployment rate at 4.9% and GDP growth at 1.8% suggest a balanced economy. The output gap is slightly negative (-0.5%), but inflation expectations (Michigan 1-year at 3.0%) and the 10Y-2Y spread (-0.1pp) indicate modest inflation risk. Given no immediate financial stress (index 0.4) and no recession signal, holding rates steady is prudent to assess further disinflation progress.",0.7,1094,Scenario C,5.0,1.8,3.1,3.4,4.9,-0.5,2.4,3.0,0.4,18,115,70,-0.1,4,0,0,Democratic,0,centrist
deepseek,deepseek-v4-flash,placebo,placebo,10,sc3,Scenario C,mixed inflation-employment tradeoff,0,5.0,balanced,"PCE inflation at 3.1% remains above the 2% target, while the unemployment rate at 4.9% suggests some labor market slack. GDP growth is moderate at 1.8%, and the financial stress index is low at 0.4, indicating stable markets. Given the mixed signals between inflation and employment, holding the rate steady balances the risks.",0.7,1213,Scenario C,5.0,1.8,3.1,3.4,4.9,-0.5,2.4,3.0,0.4,18,115,70,-0.1,4,0,0,Democratic,0,centrist
deepseek,deepseek-v4-flash,placebo,placebo,11,sc3,Scenario C,mixed inflation-employment tradeoff,0,5.0,balanced,"With PCE inflation at 3.1% above target but unemployment at 4.9% and output gap negative, the economy shows mixed signals. GDP growth is moderate at 1.8%. Given the uncertainty, holding rates allows time to assess incoming data.",0.7,1622,Scenario C,5.0,1.8,3.1,3.4,4.9,-0.5,2.4,3.0,0.4,18,115,70,-0.1,4,0,0,Democratic,0,centrist
deepseek,deepseek-v4-flash,placebo,placebo,12,sc3,Scenario C,mixed inflation-employment tradeoff,0,5.0,balanced,"Given PCE inflation of 3.1% remains above the 2% target but the negative output gap of -0.5% indicates economic slack, and GDP growth of 1.8% is moderate, while unemployment at 4.9% is slightly elevated, a hold is appropriate to balance inflation and employment risks. Inflation expectations are near target, and financial stress is low.",0.7,1354,Scenario C,5.0,1.8,3.1,3.4,4.9,-0.5,2.4,3.0,0.4,18,115,70,-0.1,4,0,0,Democratic,0,centrist
deepseek,deepseek-v4-flash,placebo,placebo,13,sc3,Scenario C,mixed inflation-employment tradeoff,0,5.0,balanced,"PCE inflation at 3.1% remains above the 2% target, but the output gap of -0.5% indicates some economic slack. Unemployment at 4.9% is near full employment estimates, and GDP growth is modest at 1.8%. Financial conditions are stable with a low financial stress index, and the inverted yield curve warrants caution. Given these mixed signals, maintaining the current rate is prudent.",0.7,1131,Scenario C,5.0,1.8,3.1,3.4,4.9,-0.5,2.4,3.0,0.4,18,115,70,-0.1,4,0,0,Democratic,0,centrist
deepseek,deepseek-v4-flash,placebo,placebo,14,sc3,Scenario C,mixed inflation-employment tradeoff,0,5.0,balanced,"Given PCE inflation at 3.1% still above the 2% target but with a negative output gap of -0.5% and unemployment at 4.9%, the economy is near potential with moderate growth. The inverted yield curve suggests some recession risk, but overall conditions do not warrant a change. Holding rates steady balances inflation and employment concerns.",0.7,1473,Scenario C,5.0,1.8,3.1,3.4,4.9,-0.5,2.4,3.0,0.4,18,115,70,-0.1,4,0,0,Democratic,0,centrist
deepseek,deepseek-v4-flash,placebo,placebo,15,sc3,Scenario C,mixed inflation-employment tradeoff,0,5.0,inflation,"PCE inflation remains elevated at 3.1%, above the 2% target, while unemployment at 4.9% is near full employment. The negative output gap of -0.5% suggests some slack, but inflation expectations (5-year at 2.4%) are not fully anchored. Given these mixed signals, holding the rate maintains current policy stance without risking further inflation or economic slowdown.",0.7,1130,Scenario C,5.0,1.8,3.1,3.4,4.9,-0.5,2.4,3.0,0.4,18,115,70,-0.1,4,0,0,Democratic,0,centrist
qwen,qwen-plus,policy_persona,hawk,1,sc1,Scenario A,hot inflation with strong real activity,25,5.25,inflation,"PCE inflation remains elevated at 3.8% and CPI at 4.2%, both well above the 2% target; 5-year inflation expectations (2.7%) and Michigan 1-year expectations (3.5%) signal persistent inflationary psychology; strong GDP growth (3.1%) and a positive output gap (1.0%) indicate demand pressures continue to fuel price increases; with unemployment low at 3.8% and financial stress minimal (0.2), there is no compelling reason to pause or ease policy.",0.92,780,Scenario A,5.0,3.1,3.8,4.2,3.8,1.0,2.7,3.5,0.2,15,105,78,0.2,8,0,0,Democratic,0,centrist
qwen,qwen-plus,policy_persona,hawk,2,sc1,Scenario A,hot inflation with strong real activity,25,5.25,inflation,"PCE inflation remains elevated at 3.8% and CPI at 4.2%, both well above the 2% target; 5-year inflation expectations (2.7%) and Michigan 1-year expectations (3.5%) signal persistent inflationary pressures; strong GDP growth (3.1%) and a positive output gap (1.0%) confirm demand-side overheating; while unemployment is low (3.8%), it does not justify accommodation given inflation risks dominate.",0.92,767,Scenario A,5.0,3.1,3.8,4.2,3.8,1.0,2.7,3.5,0.2,15,105,78,0.2,8,0,0,Democratic,0,centrist
qwen,qwen-plus,policy_persona,hawk,3,sc1,Scenario A,hot inflation with strong real activity,25,5.25,inflation,"PCE inflation remains elevated at 3.8% and CPI at 4.2%, both well above the 2% target; 5-year inflation expectations (2.7%) and Michigan 1-year expected inflation (3.5%) show persistent upside inflationary anchoring risks; strong GDP growth (3.1%) and a positive output gap (1.0%) indicate demand pressures remain intact, leaving little justification for easing despite unemployment being low at 3.8%.",0.87,768,Scenario A,5.0,3.1,3.8,4.2,3.8,1.0,2.7,3.5,0.2,15,105,78,0.2,8,0,0,Democratic,0,centrist
qwen,qwen-plus,policy_persona,hawk,4,sc1,Scenario A,hot inflation with strong real activity,25,5.25,inflation,"PCE inflation remains elevated at 3.8% and CPI at 4.2%, both well above the 2% target; 5-year inflation expectations (2.7%) and Michigan 1-year expectations (3.5%) signal persistent upside inflation risks; strong GDP growth (3.1%) and a positive output gap (1.0%) confirm demand pressures are sustaining price increases; with financial stress low (0.2) and recession risk absent (recession dummy = 0), the balance of risks strongly favors further tightening to anchor expectations.",0.92,783,Scenario A,5.0,3.1,3.8,4.2,3.8,1.0,2.7,3.5,0.2,15,105,78,0.2,8,0,0,Democratic,0,centrist
qwen,qwen-plus,policy_persona,hawk,5,sc1,Scenario A,hot inflation with strong real activity,25,5.25,inflation,"PCE inflation remains elevated at 3.8% and CPI inflation is even higher at 4.2%, both well above the 2% target. Short-term inflation expectations are stubbornly high—Michigan 1-year expected inflation stands at 3.5%, and 5-year breakeven expectations are 2.7%, signaling de-anchoring risks. GDP growth is robust at 3.1% and the output gap is positive at 1.0%, indicating demand pressures persist. With unemployment low at 3.8% and financial stress minimal (stress index = 0.2), there is no compelling reason to ease policy; instead, further tightening is warranted to re-anchor expectations and curb demand-driven price pressures.",0.92,819,Scenario A,5.0,3.1,3.8,4.2,3.8,1.0,2.7,3.5,0.2,15,105,78,0.2,8,0,0,Democratic,0,centrist
qwen,qwen-plus,policy_persona,hawk,6,sc1,Scenario A,hot inflation with strong real activity,25,5.25,inflation,"PCE inflation remains elevated at 3.8% and CPI at 4.2%, both well above the 2% target; 5-year inflation expectations (2.7%) and Michigan 1-year expectations (3.5%) signal persistent inflationary pressures; strong GDP growth (3.1%) and a positive output gap (1.0%) confirm demand-side overheating; although unemployment is low at 3.8%, it remains consistent with maximum employment and does not offset the clear inflation risks.",0.92,773,Scenario A,5.0,3.1,3.8,4.2,3.8,1.0,2.7,3.5,0.2,15,105,78,0.2,8,0,0,Democratic,0,centrist
qwen,qwen-plus,policy_persona,hawk,7,sc1,Scenario A,hot inflation with strong real activity,25,5.25,inflation,"PCE inflation remains elevated at 3.8% and CPI at 4.2%, both well above the 2% target, while 5-year inflation expectations (2.7%) and Michigan 1-year expectations (3.5%) signal persistent inflationary pressures. Strong GDP growth (3.1%) and a positive output gap (1.0%) confirm demand-side overheating. Although unemployment is low (3.8%), it remains consistent with maximum employment and does not offset the clear inflation risk. Oil price growth (8%) adds further upside pressure to core and headline inflation.",0.92,789,Scenario A,5.0,3.1,3.8,4.2,3.8,1.0,2.7,3.5,0.2,15,105,78,0.2,8,0,0,Democratic,0,centrist
qwen,qwen-plus,policy_persona,hawk,8,sc1,Scenario A,hot inflation with strong real activity,25,5.25,inflation,"PCE inflation remains elevated at 3.8% and CPI at 4.2%, both well above the 2% target, while 5-year inflation expectations (2.7%) and Michigan 1-year expectations (3.5%) signal persistent inflationary pressures. Strong GDP growth (3.1%) and a positive output gap (1.0%) confirm demand-side overheating. Although unemployment is low (3.8%), it remains consistent with maximum employment and does not offset the clear inflation risk. Oil price growth (8%) adds further upside pressure to core and headline inflation.",0.92,789,Scenario A,5.0,3.1,3.8,4.2,3.8,1.0,2.7,3.5,0.2,15,105,78,0.2,8,0,0,Democratic,0,centrist
qwen,qwen-plus,policy_persona,hawk,9,sc1,Scenario A,hot inflation with strong real activity,25,5.25,inflation,"PCE inflation remains elevated at 3.8% and CPI at 4.2%, both well above the 2% target, while 5-year inflation expectations (2.7%) and Michigan 1-year expectations (3.5%) signal persistent inflationary pressures. GDP growth is robust at 3.1% and the output gap is positive at 1.0%, indicating an overheated economy with ample demand-side pressure. Oil price growth surged to 8%, adding further upside risk to headline inflation. Although unemployment is low at 3.8%, it remains consistent with maximum employment and does not justify policy accommodation.",0.92,797,Scenario A,5.0,3.1,3.8,4.2,3.8,1.0,2.7,3.5,0.2,15,105,78,0.2,8,0,0,Democratic,0,centrist
qwen,qwen-plus,policy_persona,hawk,10,sc1,Scenario A,hot inflation with strong real activity,25,5.25,inflation,"PCE inflation remains elevated at 3.8% and CPI at 4.2%, both well above the 2% target; 5-year inflation expectations (2.7%) and Michigan 1-year expectations (3.5%) signal persistent inflationary pressures; strong GDP growth (3.1%) and a positive output gap (1.0%) confirm demand-side overheating; with unemployment low at 3.8% and financial stress minimal (0.2), there is ample room to tighten further without jeopardizing employment or stability.",0.92,780,Scenario A,5.0,3.1,3.8,4.2,3.8,1.0,2.7,3.5,0.2,15,105,78,0.2,8,0,0,Democratic,0,centrist
qwen,qwen-plus,policy_persona,hawk,11,sc1,Scenario A,hot inflation with strong real activity,25,5.25,inflation,"PCE inflation remains elevated at 3.8% and CPI at 4.2%, both well above the 2% target; 5-year inflation expectations (2.7%) and Michigan 1-year expectations (3.5%) signal persistent inflationary pressures; strong GDP growth (3.1%) and a positive output gap (1.0%) confirm demand-side overheating; while unemployment is low at 3.8%, it remains consistent with maximum employment and does not offset the clear inflation risks.",0.92,773,Scenario A,5.0,3.1,3.8,4.2,3.8,1.0,2.7,3.5,0.2,15,105,78,0.2,8,0,0,Democratic,0,centrist
qwen,qwen-plus,policy_persona,hawk,12,sc1,Scenario A,hot inflation with strong real activity,25,5.25,inflation,"PCE inflation remains elevated at 3.8% and CPI at 4.2%, both well above the 2% target; 5-year inflation expectations (2.7%) and Michigan 1-year expected inflation (3.5%) signal persistent inflationary pressures; strong GDP growth (3.1%) and a positive output gap (1.0%) confirm demand-side overheating; while unemployment is low at 3.8%, it does not justify accommodation given the clear inflation overshoot.",0.92,771,Scenario A,5.0,3.1,3.8,4.2,3.8,1.0,2.7,3.5,0.2,15,105,78,0.2,8,0,0,Democratic,0,centrist
qwen,qwen-plus,policy_persona,hawk,13,sc1,Scenario A,hot inflation with strong real activity,25,5.25,inflation,"PCE inflation remains elevated at 3.8% and CPI at 4.2%, both well above the 2% target; 5-year inflation expectations (2.7%) and Michigan 1-year expectations (3.5%) signal persistent inflationary pressures; strong GDP growth (3.1%) and a positive output gap (1.0%) confirm demand-side overheating; although unemployment is low at 3.8%, it remains consistent with maximum employment and does not justify accommodation.",0.87,770,Scenario A,5.0,3.1,3.8,4.2,3.8,1.0,2.7,3.5,0.2,15,105,78,0.2,8,0,0,Democratic,0,centrist
qwen,qwen-plus,policy_persona,hawk,14,sc1,Scenario A,hot inflation with strong real activity,25,5.25,inflation,"PCE inflation remains elevated at 3.8% and CPI inflation is even higher at 4.2%, both well above the 2% target. Short-term inflation expectations are stubbornly high—Michigan 1-year expected inflation stands at 3.5%, and 5-year breakeven expectations are 2.7%, signaling de-anchoring risks. GDP growth is robust at 3.1% and the output gap is positive at 1.0%, indicating demand pressures persist. With unemployment low at 3.8% and financial stress minimal (stress index = 0.2), there is no compelling reason to ease policy; instead, further tightening is warranted to re-anchor expectations and curb demand-driven price pressures.",0.92,819,Scenario A,5.0,3.1,3.8,4.2,3.8,1.0,2.7,3.5,0.2,15,105,78,0.2,8,0,0,Democratic,0,centrist
qwen,qwen-plus,policy_persona,hawk,15,sc1,Scenario A,hot inflation with strong real activity,25,5.25,inflation,"PCE inflation remains elevated at 3.8% and CPI at 4.2%, both well above the 2% target, while 5-year inflation expectations (2.7%) and Michigan 1-year expectations (3.5%) signal persistent inflationary pressures. Strong GDP growth (3.1%) and a positive output gap (1.0%) confirm demand-side overheating. Although unemployment is low at 3.8%, it remains consistent with maximum employment, so further tightening is warranted to anchor expectations without jeopardizing labor market stability.",0.87,781,Scenario A,5.0,3.1,3.8,4.2,3.8,1.0,2.7,3.5,0.2,15,105,78,0.2,8,0,0,Democratic,0,centrist
qwen,qwen-plus,policy_persona,hawk,1,sc2,Scenario B,weak labor market with near-target inflation,-25,4.75,inflation,"PCE inflation remains slightly above target at 2.1%, CPI is higher at 2.4%, and near-term inflation expectations (Michigan 1-year at 2.5%) exceed the 2% goal — indicating persistent upside pressure. Although GDP growth is weak (0.5%) and unemployment elevated (6.0%), the output gap is modestly negative (-1.5%) and financial stress remains low (0.5), allowing room for cautious easing without jeopardizing price stability. The 10Y-2Y spread is inverted (-0.4 pts), signaling recession risk, but the recession dummy is 0 and oil prices are falling (-6%), reducing cost-push pressures.",0.82,811,Scenario B,5.0,0.5,2.1,2.4,6.0,-1.5,2.1,2.5,0.5,20,125,65,-0.4,-6,0,0,Democratic,0,centrist
qwen,qwen-plus,policy_persona,hawk,2,sc2,Scenario B,weak labor market with near-target inflation,-25,4.75,inflation,"While PCE inflation (2.1%) and 5-year inflation expectations (2.1%) are near target, CPI inflation remains elevated at 2.4% and Michigan 1-year expected inflation stands at 2.5%, signaling persistent upside inflationary pressures. GDP growth is weak (0.5%) and the output gap is negative (-1.5%), but unemployment is above the natural rate (6.0%), suggesting slack exists—yet inflation expectations remain unanchored at the one-year horizon. The flat yield curve (10Y-2Y spread at -0.4) and low financial stress index (0.5) reduce near-term financial stability risks, allowing a modest cut to address slowing growth without compromising the inflation mandate.",0.82,822,Scenario B,5.0,0.5,2.1,2.4,6.0,-1.5,2.1,2.5,0.5,20,125,65,-0.4,-6,0,0,Democratic,0,centrist
qwen,qwen-plus,policy_persona,hawk,3,sc2,Scenario B,weak labor market with near-target inflation,-25,4.75,inflation,"While PCE inflation (2.1%) and 5-year inflation expectations (2.1%) are near target, CPI inflation remains elevated at 2.4% and Michigan 1-year expected inflation stands at 2.5%, signaling persistent upside inflationary pressures. GDP growth is weak (0.5%) and the output gap is negative (-1.5%), but unemployment (6.0%) is above the natural rate estimate, reducing urgency for accommodation. Given my hawkish priority on anchoring long-term inflation expectations, a modest 25 bps cut balances prudence against premature easing — especially as financial stress (0.5) and VIX (20) remain benign and the yield curve is inverted (-0.4), suggesting market pricing already reflects easing bias.",0.82,828,Scenario B,5.0,0.5,2.1,2.4,6.0,-1.5,2.1,2.5,0.5,20,125,65,-0.4,-6,0,0,Democratic,0,centrist
qwen,qwen-plus,policy_persona,hawk,4,sc2,Scenario B,weak labor market with near-target inflation,-25,4.75,inflation,"While PCE inflation (2.1%) and 5-year inflation expectations (2.1%) are near target, CPI inflation remains elevated at 2.4% and Michigan 1-year expected inflation stands at 2.5%, signaling persistent upside price pressures. GDP growth is weak (0.5%) and the output gap is negative (-1.5%), but unemployment (6.0%) is above the natural rate estimate, suggesting slack—yet inflation expectations remain unanchored at the short horizon. The flat but inverted 10Y-2Y spread (-0.4 pp) and low financial stress index (0.5) imply limited near-term financial stability risk, allowing modest policy accommodation without undermining credibility on price stability.",0.82,819,Scenario B,5.0,0.5,2.1,2.4,6.0,-1.5,2.1,2.5,0.5,20,125,65,-0.4,-6,0,0,Democratic,0,centrist
qwen,qwen-plus,policy_persona,hawk,5,sc2,Scenario B,weak labor market with near-target inflation,-25,4.75,inflation,"While PCE inflation (2.1%) and 5-year inflation expectations (2.1%) are near target, CPI inflation remains elevated at 2.4% and Michigan 1-year expected inflation stands at 2.5%, signaling persistent upside price pressures. GDP growth is weak (0.5%) and the output gap is negative (-1.5%), but unemployment (6.0%) is above the natural rate and financial stress is low (0.5), allowing room to prioritize inflation anchoring over immediate growth support. The inverted 10Y-2Y spread (-0.4 pts) warrants caution, yet with no recession signal (recession dummy = 0) and stable VIX (20), a modest 25 bps cut balances prudence with continued commitment to the 2% target.",0.82,838,Scenario B,5.0,0.5,2.1,2.4,6.0,-1.5,2.1,2.5,0.5,20,125,65,-0.4,-6,0,0,Democratic,0,centrist
qwen,qwen-plus,policy_persona,hawk,6,sc2,Scenario B,weak labor market with near-target inflation,-25,4.75,inflation,"While PCE inflation (2.1%) and 5-year inflation expectations (2.1%) are near target, CPI inflation remains elevated at 2.4% and Michigan 1-year expected inflation stands at 2.5%, signaling persistent inflationary psychology. The output gap is negative (-1.5%) and GDP growth is weak (0.5%), but unemployment (6.0%) is above the natural rate estimate, reducing urgency to ease. Financial stress (0.5) and VIX (20) remain benign, so easing carries limited financial stability risk. I prioritize anchoring longer-term expectations before inflation re-accelerates.",0.82,802,Scenario B,5.0,0.5,2.1,2.4,6.0,-1.5,2.1,2.5,0.5,20,125,65,-0.4,-6,0,0,Democratic,0,centrist
qwen,qwen-plus,policy_persona,hawk,7,sc2,Scenario B,weak labor market with near-target inflation,-25,4.75,inflation,"While PCE inflation (2.1%) and 5-year inflation expectations (2.1%) are near target, CPI inflation remains elevated at 2.4% and Michigan 1-year expected inflation stands at 2.5%, signaling persistent inflationary psychology. GDP growth is weak (0.5%) and the output gap is negative (-1.5%), but unemployment (6.0%) is above the natural rate estimate, reducing urgency for aggressive easing; a modest 25 bps cut balances inflation vigilance with emerging softness without undermining credibility on price stability.",0.82,786,Scenario B,5.0,0.5,2.1,2.4,6.0,-1.5,2.1,2.5,0.5,20,125,65,-0.4,-6,0,0,Democratic,0,centrist
qwen,qwen-plus,policy_persona,hawk,8,sc2,Scenario B,weak labor market with near-target inflation,-25,4.75,inflation,"While PCE inflation (2.1%) and 5-year inflation expectations (2.1%) are near target, CPI inflation (2.4%) and Michigan 1-year expected inflation (2.5%) remain above 2%, signaling persistent price pressures. The output gap (-1.5%) and weak GDP growth (0.5%) suggest slack, but unemployment (6.0%) is elevated yet not alarming—meaning inflation risks still dominate the risk balance. Financial stress (0.5) and VIX (20) are benign, removing justification for emergency easing; thus a modest 25 bps cut balances vigilance against premature loosening while acknowledging subdued growth.",0.82,808,Scenario B,5.0,0.5,2.1,2.4,6.0,-1.5,2.1,2.5,0.5,20,125,65,-0.4,-6,0,0,Democratic,0,centrist
qwen,qwen-plus,policy_persona,hawk,9,sc2,Scenario B,weak labor market with near-target inflation,-25,4.75,inflation,"While PCE inflation (2.1%) and 5-year inflation expectations (2.1%) are near target, CPI inflation (2.4%) and Michigan 1-year expected inflation (2.5%) remain above 2%, signaling persistent upside price pressures. The output gap (-1.5%) and weak GDP growth (0.5%) suggest slack, but unemployment (6.0%) is still below historical neutral estimates and not yet constraining wage growth. Financial stress (0.5) and VIX (20) are benign, removing justification for emergency easing. Given my hawkish mandate, I prioritize anchoring longer-term expectations by modestly reducing the rate only to avoid over-tightening amid slowing growth—not because inflation is subdued.",0.85,822,Scenario B,5.0,0.5,2.1,2.4,6.0,-1.5,2.1,2.5,0.5,20,125,65,-0.4,-6,0,0,Democratic,0,centrist
qwen,qwen-plus,policy_persona,hawk,10,sc2,Scenario B,weak labor market with near-target inflation,-25,4.75,inflation,"Although PCE inflation (2.1%) and 5-year inflation expectations (2.1%) are near target, CPI inflation remains elevated at 2.4% and Michigan 1-year expected inflation stands at 2.5%, signaling persistent upside inflation risks. The output gap is negative (-1.5%) and GDP growth is weak (0.5%), but unemployment (6.0%) is above the natural rate estimate, suggesting slack — yet inflation expectations remain unanchored at the short horizon. With financial stress low (0.5) and VIX moderate (20), there is room to ease modestly without compromising price stability discipline.",0.82,802,Scenario B,5.0,0.5,2.1,2.4,6.0,-1.5,2.1,2.5,0.5,20,125,65,-0.4,-6,0,0,Democratic,0,centrist
qwen,qwen-plus,policy_persona,hawk,11,sc2,Scenario B,weak labor market with near-target inflation,-25,4.75,inflation,"While PCE inflation (2.1%) and 5-year inflation expectations (2.1%) are near target, CPI inflation remains elevated at 2.4% and Michigan 1-year expected inflation is higher at 2.5%, signaling persistent upside inflation risks. GDP growth is weak (0.5%) and the output gap is negative (-1.5%), but unemployment (6.0%) is above the natural rate and financial stress is low (0.5), allowing modest policy accommodation without undermining price stability. The inverted 10Y-2Y spread (-0.4 pts) suggests tightening has already bitten, supporting a cautious 25 bps cut to avoid overtightening while maintaining vigilance on inflation expectations.",0.82,819,Scenario B,5.0,0.5,2.1,2.4,6.0,-1.5,2.1,2.5,0.5,20,125,65,-0.4,-6,0,0,Democratic,0,centrist
qwen,qwen-plus,policy_persona,hawk,12,sc2,Scenario B,weak labor market with near-target inflation,-25,4.75,inflation,"While PCE inflation (2.1%) and 5-year inflation expectations (2.1%) are near target, CPI inflation remains elevated at 2.4% and Michigan 1-year expected inflation stands at 2.5%, signaling persistent upside price pressures. GDP growth is weak (0.5%) and the output gap is negative (-1.5%), but unemployment (6.0%) is above the natural rate estimate, suggesting slack—yet inflation expectations remain stubbornly above 2%. With financial stress low (0.5) and VIX moderate (20), there is room to ease modestly without compromising credibility on price stability.",0.82,801,Scenario B,5.0,0.5,2.1,2.4,6.0,-1.5,2.1,2.5,0.5,20,125,65,-0.4,-6,0,0,Democratic,0,centrist
qwen,qwen-plus,policy_persona,hawk,13,sc2,Scenario B,weak labor market with near-target inflation,-25,4.75,inflation,"While PCE inflation (2.1%) and 5-year inflation expectations (2.1%) are near target, CPI inflation remains elevated at 2.4% and Michigan 1-year expected inflation stands at 2.5%, signaling persistent upside price pressures. GDP growth is weak (0.5%) and the output gap is negative (-1.5%), but unemployment (6.0%) is above the natural rate and financial stress is low (0.5), allowing room to prioritize inflation anchoring over immediate growth support. The inverted 10Y-2Y spread (-0.4 pts) warrants caution, yet with no recession signal (recession dummy = 0) and stable VIX (20), a modest 25 bps cut balances prudence with continued commitment to the 2% target.",0.82,838,Scenario B,5.0,0.5,2.1,2.4,6.0,-1.5,2.1,2.5,0.5,20,125,65,-0.4,-6,0,0,Democratic,0,centrist
qwen,qwen-plus,policy_persona,hawk,14,sc2,Scenario B,weak labor market with near-target inflation,-25,4.75,inflation,"While PCE inflation (2.1%) and 5-year inflation expectations (2.1%) are near target, CPI inflation remains elevated at 2.4% and Michigan 1-year expected inflation stands at 2.5%, signaling persistent upside inflationary pressures. The output gap is negative (-1.5%) and GDP growth is weak (0.5%), but unemployment (6.0%) is above the natural rate estimate, suggesting slack exists—yet inflation expectations remain unanchored at the short horizon. Financial stress (0.5) and VIX (20) are benign, removing justification for emergency easing. As a hawk, I prioritize preventing de-anchoring of expectations over immediate growth support.",0.82,815,Scenario B,5.0,0.5,2.1,2.4,6.0,-1.5,2.1,2.5,0.5,20,125,65,-0.4,-6,0,0,Democratic,0,centrist
qwen,qwen-plus,policy_persona,hawk,15,sc2,Scenario B,weak labor market with near-target inflation,-25,4.75,inflation,"While PCE inflation (2.1%) and 5-year inflation expectations (2.1%) are near target, CPI inflation (2.4%) and Michigan 1-year expected inflation (2.5%) remain meaningfully above 2%, signaling persistent upside price pressures. The negative output gap (-1.5%) and weak GDP growth (0.5%) suggest slack, but unemployment (6.0%) is still below historical neutral estimates and not yet constraining wage growth. With financial stress low (0.5) and VIX at 20, risks of tightening-induced instability are muted, justifying a modest 25 bps cut to ease pressure without compromising the inflation anchor.",0.82,811,Scenario B,5.0,0.5,2.1,2.4,6.0,-1.5,2.1,2.5,0.5,20,125,65,-0.4,-6,0,0,Democratic,0,centrist
qwen,qwen-plus,policy_persona,hawk,1,sc3,Scenario C,mixed inflation-employment tradeoff,25,5.25,inflation,"PCE inflation remains elevated at 3.1% and CPI at 3.4%, both well above the 2% target; 5-year inflation expectations (2.4%) and Michigan 1-year expectations (3.0%) show persistent upward anchoring pressure; the output gap is modestly negative (-0.5%), but strong GDP growth (1.8%) and low unemployment (4.9%) indicate underlying demand resilience that risks sustaining inflation; oil price growth (4%) adds further upside risk to core and headline inflation dynamics.",0.87,780,Scenario C,5.0,1.8,3.1,3.4,4.9,-0.5,2.4,3.0,0.4,18,115,70,-0.1,4,0,0,Democratic,0,centrist
qwen,qwen-plus,policy_persona,hawk,2,sc3,Scenario C,mixed inflation-employment tradeoff,25,5.25,inflation,"PCE inflation remains elevated at 3.1% and CPI at 3.4%, both well above the 2% target; 5-year inflation expectations (2.4%) are modestly above target and Michigan 1-year expected inflation is elevated at 3.0%, signaling persistent inflationary psychology. Although unemployment is at 4.9%—near historical norms—and GDP growth is moderate at 1.8%, the output gap is only slightly negative (-0.5%), indicating limited slack, and oil price growth (4%) poses upside inflation risk. Financial stress (0.4) and VIX (18) remain benign, removing justification for dovish accommodation.",0.87,809,Scenario C,5.0,1.8,3.1,3.4,4.9,-0.5,2.4,3.0,0.4,18,115,70,-0.1,4,0,0,Democratic,0,centrist
qwen,qwen-plus,policy_persona,hawk,3,sc3,Scenario C,mixed inflation-employment tradeoff,25,5.25,inflation,"PCE inflation remains elevated at 3.1% and CPI at 3.4%, both well above the 2% target, while near-term inflation expectations (Michigan 1-year at 3.0%) signal persistent price pressures. Although unemployment is modestly elevated at 4.9%, it remains consistent with near-full employment, and the output gap is only slightly negative (-0.5%), indicating limited slack to absorb further demand-side inflationary pressure. The 5-year inflation expectation of 2.4% shows some anchoring but still exceeds target, reinforcing the need for continued restrictive policy.",0.87,792,Scenario C,5.0,1.8,3.1,3.4,4.9,-0.5,2.4,3.0,0.4,18,115,70,-0.1,4,0,0,Democratic,0,centrist
qwen,qwen-plus,policy_persona,hawk,4,sc3,Scenario C,mixed inflation-employment tradeoff,25,5.25,inflation,"PCE inflation remains elevated at 3.1% and CPI at 3.4%, both well above the 2% target; 5-year inflation expectations (2.4%) and Michigan 1-year expectations (3.0%) signal persistent inflationary psychology; the output gap is modestly negative (-0.5%), but strong demand pressures are evident in oil price growth (4%) and the inverted 10Y-2Y spread (-0.1), which reflects tight monetary conditions still insufficient to fully anchor expectations.",0.87,777,Scenario C,5.0,1.8,3.1,3.4,4.9,-0.5,2.4,3.0,0.4,18,115,70,-0.1,4,0,0,Democratic,0,centrist
qwen,qwen-plus,policy_persona,hawk,5,sc3,Scenario C,mixed inflation-employment tradeoff,25,5.25,inflation,"PCE inflation remains elevated at 3.1% and CPI at 3.4%, both well above the 2% target; 5-year inflation expectations (2.4%) and Michigan 1-year expected inflation (3.0%) signal persistent inflationary psychology; GDP growth (1.8%) and a modestly negative output gap (-0.5%) suggest demand remains resilient, not warranting accommodation; financial stress (0.4) and VIX (18) are benign, removing constraints on tightening.",0.87,776,Scenario C,5.0,1.8,3.1,3.4,4.9,-0.5,2.4,3.0,0.4,18,115,70,-0.1,4,0,0,Democratic,0,centrist
qwen,qwen-plus,policy_persona,hawk,6,sc3,Scenario C,mixed inflation-employment tradeoff,25,5.25,inflation,"PCE inflation remains elevated at 3.1% and CPI at 3.4%, both well above the 2% target; 5-year inflation expectations (2.4%) and Michigan 1-year expected inflation (3.0%) signal persistent inflationary psychology; GDP growth (1.8%) and a modestly negative output gap (-0.5%) suggest demand remains resilient despite slowing, reducing justification for accommodation; the flat yield curve (10Y-2Y spread at -0.1) reflects tight monetary conditions but does not override the need to reinforce credibility on price stability.",0.87,791,Scenario C,5.0,1.8,3.1,3.4,4.9,-0.5,2.4,3.0,0.4,18,115,70,-0.1,4,0,0,Democratic,0,centrist
qwen,qwen-plus,policy_persona,hawk,7,sc3,Scenario C,mixed inflation-employment tradeoff,25,5.25,inflation,"PCE inflation remains elevated at 3.1% and CPI at 3.4%, both well above the 2% target; 5-year inflation expectations (2.4%) are modestly above target, and Michigan 1-year expected inflation is high at 3.0%, signaling persistent inflationary psychology. Although unemployment is at 4.9%—near full employment—and GDP growth is moderate at 1.8%, the output gap is only slightly negative (-0.5%), indicating limited slack to absorb demand pressures. Oil price growth of 4% adds upside risk to inflation, reinforcing the need for further tightening.",0.87,798,Scenario C,5.0,1.8,3.1,3.4,4.9,-0.5,2.4,3.0,0.4,18,115,70,-0.1,4,0,0,Democratic,0,centrist
qwen,qwen-plus,policy_persona,hawk,8,sc3,Scenario C,mixed inflation-employment tradeoff,25,5.25,inflation,"PCE inflation remains elevated at 3.1% and CPI at 3.4%, both well above the 2% target; 5-year inflation expectations (2.4%) and Michigan 1-year expectations (3.0%) signal persistent inflationary psychology; the output gap is modestly negative (-0.5%), but strong demand pressures are evident in oil price growth (4%) and the inverted 10Y-2Y spread (-0.1), suggesting residual overheating risks that warrant further tightening to anchor expectations.",0.87,778,Scenario C,5.0,1.8,3.1,3.4,4.9,-0.5,2.4,3.0,0.4,18,115,70,-0.1,4,0,0,Democratic,0,centrist
qwen,qwen-plus,policy_persona,hawk,9,sc3,Scenario C,mixed inflation-employment tradeoff,25,5.25,inflation,"PCE inflation remains elevated at 3.1% and CPI at 3.4%, both well above the 2% target; 5-year inflation expectations (2.4%) and Michigan 1-year expected inflation (3.0%) signal persistent inflationary psychology; although unemployment is modestly elevated at 4.9%, it remains consistent with near-full employment and does not offset the inflation risk; GDP growth at 1.8% and a small negative output gap (-0.5%) suggest demand remains resilient, supporting further tightening.",0.87,780,Scenario C,5.0,1.8,3.1,3.4,4.9,-0.5,2.4,3.0,0.4,18,115,70,-0.1,4,0,0,Democratic,0,centrist
qwen,qwen-plus,policy_persona,hawk,10,sc3,Scenario C,mixed inflation-employment tradeoff,25,5.25,inflation,"PCE inflation remains elevated at 3.1% and CPI at 3.4%, both well above the 2% target; 5-year inflation expectations (2.4%) and Michigan 1-year expectations (3.0%) signal persistent inflationary pressures; GDP growth at 1.8% is still solid despite a modest negative output gap (-0.5%), leaving room for further tightening without immediate employment collapse; oil price growth at 4% adds upside risk to headline inflation.",0.87,770,Scenario C,5.0,1.8,3.1,3.4,4.9,-0.5,2.4,3.0,0.4,18,115,70,-0.1,4,0,0,Democratic,0,centrist
qwen,qwen-plus,policy_persona,hawk,11,sc3,Scenario C,mixed inflation-employment tradeoff,25,5.25,inflation,"PCE inflation remains elevated at 3.1% and CPI at 3.4%, both well above the 2% target; 5-year inflation expectations (2.4%) and Michigan 1-year expectations (3.0%) signal persistent inflationary psychology; GDP growth at 1.8% and a modest negative output gap (-0.5%) suggest demand pressures remain intact despite slowing expansion; the flat but still inverted 10Y-2Y spread (-0.1 pp) does not yet signal imminent recession, warranting continued tightening to anchor expectations.",0.87,786,Scenario C,5.0,1.8,3.1,3.4,4.9,-0.5,2.4,3.0,0.4,18,115,70,-0.1,4,0,0,Democratic,0,centrist
qwen,qwen-plus,policy_persona,hawk,12,sc3,Scenario C,mixed inflation-employment tradeoff,25,5.25,inflation,"PCE inflation remains elevated at 3.1% and CPI at 3.4%, both well above the 2% target; 5-year inflation expectations (2.4%) and Michigan 1-year expectations (3.0%) signal persistent inflationary pressures; the output gap is only modestly negative (-0.5%), indicating limited slack to absorb demand; oil price growth at 4% adds upside risk to inflation, reinforcing the need for further tightening.",0.87,764,Scenario C,5.0,1.8,3.1,3.4,4.9,-0.5,2.4,3.0,0.4,18,115,70,-0.1,4,0,0,Democratic,0,centrist
qwen,qwen-plus,policy_persona,hawk,13,sc3,Scenario C,mixed inflation-employment tradeoff,25,5.25,inflation,"PCE inflation remains elevated at 3.1% and CPI at 3.4%, both well above the 2% target; 5-year inflation expectations (2.4%) and Michigan 1-year expected inflation (3.0%) signal persistent inflationary pressures; GDP growth of 1.8% and a modestly negative output gap (-0.5%) suggest demand remains resilient enough to sustain price pressures without triggering recession; the flat yield curve (-0.1% 10Y-2Y spread) reflects tight policy but does not yet warrant pause given sticky inflation metrics.",0.87,790,Scenario C,5.0,1.8,3.1,3.4,4.9,-0.5,2.4,3.0,0.4,18,115,70,-0.1,4,0,0,Democratic,0,centrist
qwen,qwen-plus,policy_persona,hawk,14,sc3,Scenario C,mixed inflation-employment tradeoff,25,5.25,inflation,"PCE inflation remains elevated at 3.1% and CPI at 3.4%, both well above the 2% target, while short-term inflation expectations (Michigan 1-year: 3.0%) signal persistent price pressures. Although unemployment is modestly elevated at 4.9%, it remains consistent with near-full employment, and the output gap is only slightly negative (-0.5%), indicating limited slack to absorb demand. The 5-year inflation expectation of 2.4% shows some anchoring but still exceeds target, reinforcing the need for continued restrictive policy. Financial stress (0.4) and VIX (18) are benign, removing justification for a pause or cut.",0.87,812,Scenario C,5.0,1.8,3.1,3.4,4.9,-0.5,2.4,3.0,0.4,18,115,70,-0.1,4,0,0,Democratic,0,centrist
qwen,qwen-plus,policy_persona,hawk,15,sc3,Scenario C,mixed inflation-employment tradeoff,25,5.25,inflation,"PCE inflation remains elevated at 3.1% and CPI at 3.4%, both well above the 2% target; 5-year inflation expectations (2.4%) and Michigan 1-year expectations (3.0%) signal persistent inflationary pressures; the output gap is modestly negative (-0.5%), but strong demand-side inertia and rising oil price growth (+4%) reinforce upside inflation risks; financial stress (0.4) and VIX (18) remain benign, allowing room for further tightening without jeopardizing financial stability.",0.87,782,Scenario C,5.0,1.8,3.1,3.4,4.9,-0.5,2.4,3.0,0.4,18,115,70,-0.1,4,0,0,Democratic,0,centrist
qwen,qwen-plus,policy_persona,dove,1,sc1,Scenario A,hot inflation with strong real activity,-25,4.75,unemployment,"The unemployment rate is exceptionally low at 3.8%, signaling a tight labor market with strong employment outcomes — a core priority for my dove-leaning stance. While PCE inflation (3.8%) and CPI inflation (4.2%) remain above target, the output gap is modestly positive at 1.0%, suggesting only mild overheating, and 5-year inflation expectations (2.7%) remain anchored near the Fed’s 2% goal. The financial stress index is very low (0.2) and VIX is calm (15), indicating no financial stability risks that would warrant holding rates higher. With GDP growth robust but not excessive (3.1%) and no recession signal (recession dummy = 0), a modest 25 bps cut supports sustained labor market strength without undermining longer-term inflation credibility.",0.82,834,Scenario A,5.0,3.1,3.8,4.2,3.8,1.0,2.7,3.5,0.2,15,105,78,0.2,8,0,0,Democratic,0,centrist
qwen,qwen-plus,policy_persona,dove,2,sc1,Scenario A,hot inflation with strong real activity,-25,4.75,unemployment,"The unemployment rate is historically low at 3.8%, signaling a tight labor market with strong job growth, but GDP growth remains robust at 3.1% and the output gap is positive at 1.0%, suggesting some inflationary pressure remains. However, PCE inflation (3.8%) and CPI inflation (4.2%) are moderating from recent highs, and 5-year inflation expectations (2.7%) remain anchored near target—indicating underlying price stability is improving. The financial stress index is very low (0.2) and VIX is calm (15), supporting a modest dovish adjustment. Given my dove leaning, prioritizing sustained maximum employment justifies a 25 bps cut to support labor demand without reigniting inflation.",0.82,821,Scenario A,5.0,3.1,3.8,4.2,3.8,1.0,2.7,3.5,0.2,15,105,78,0.2,8,0,0,Democratic,0,centrist
qwen,qwen-plus,policy_persona,dove,3,sc1,Scenario A,hot inflation with strong real activity,-25,4.75,unemployment,"The unemployment rate is exceptionally low at 3.8%, signaling a tight labor market with strong job growth, and the output gap is positive at 1.0%, indicating modest demand pressure but not overheating. While PCE (3.8%) and CPI (4.2%) inflation remain above target, 5-year inflation expectations (2.7%) and Michigan 1-year expectations (3.5%) show anchoring and gradual easing. Financial conditions are stable — financial stress index is very low (0.2), VIX is calm (15), and the 10Y-2Y spread is positive (0.2 pp), reducing risks of policy-induced tightening shocks. Given my dovish leaning and priority on sustaining maximum employment, a modest 25 bps cut balances labor market strength against still-elevated but moderating inflation.",0.82,839,Scenario A,5.0,3.1,3.8,4.2,3.8,1.0,2.7,3.5,0.2,15,105,78,0.2,8,0,0,Democratic,0,centrist
qwen,qwen-plus,policy_persona,dove,4,sc1,Scenario A,hot inflation with strong real activity,-25,4.75,unemployment,"The unemployment rate is historically low at 3.8%, signaling a tight labor market that supports continued wage growth and broad-based employment gains. While PCE inflation (3.8%) and CPI inflation (4.2%) remain above target, the output gap is positive but modest (1.0%), suggesting demand pressures are not overheating. Inflation expectations — both 5-year (2.7%) and Michigan 1-year (3.5%) — show anchoring at the upper end of acceptable range, and financial stress (0.2) and VIX (15) indicate calm conditions, reducing urgency for restrictive policy. With no recession signal (recession dummy = 0) and strong consumer sentiment (78), a modest 25 bps cut balances support for labor market sustainability against gradual disinflation progress.",0.82,833,Scenario A,5.0,3.1,3.8,4.2,3.8,1.0,2.7,3.5,0.2,15,105,78,0.2,8,0,0,Democratic,0,centrist
qwen,qwen-plus,policy_persona,dove,5,sc1,Scenario A,hot inflation with strong real activity,-25,4.75,unemployment,"The unemployment rate remains low at 3.8%, but the output gap is positive at 1.0%, suggesting some slack may be emerging as demand moderates. While PCE (3.8%) and CPI (4.2%) inflation remain above target, 5-year inflation expectations are well-anchored at 2.7%, and financial stress is minimal (0.2) with low VIX (15), indicating room to ease without destabilizing inflation expectations. The 10Y-2Y spread is narrow (0.2 pp), signaling softening growth momentum, and GDP growth (3.1%) — though solid — is beginning to cool from prior highs, supporting a modest cut to sustain labor market strength.",0.82,815,Scenario A,5.0,3.1,3.8,4.2,3.8,1.0,2.7,3.5,0.2,15,105,78,0.2,8,0,0,Democratic,0,centrist
qwen,qwen-plus,policy_persona,dove,6,sc1,Scenario A,hot inflation with strong real activity,-25,4.75,unemployment,"The unemployment rate is at 3.8%, near historic lows and below most estimates of the natural rate, signaling a tight labor market conducive to sustained wage growth and broad-based employment gains. While PCE inflation (3.8%) and CPI inflation (4.2%) remain above target, the output gap is positive but modest (1.0%), suggesting demand pressures are not overheating. Inflation expectations — both 5-year (2.7%) and Michigan 1-year (3.5%) — show some stickiness but remain anchored within a manageable range. The financial stress index is very low (0.2) and VIX is calm (15), indicating no financial stability risks impeding a modest dovish adjustment.",0.82,813,Scenario A,5.0,3.1,3.8,4.2,3.8,1.0,2.7,3.5,0.2,15,105,78,0.2,8,0,0,Democratic,0,centrist
qwen,qwen-plus,policy_persona,dove,7,sc1,Scenario A,hot inflation with strong real activity,-25,4.75,unemployment,"The unemployment rate is at 3.8%, near historic lows and below most estimates of the natural rate, signaling a tight labor market conducive to sustained wage growth and broad-based employment gains. While PCE inflation remains elevated at 3.8% and CPI at 4.2%, both are moderating from prior peaks and are partially driven by transitory factors like 8% oil price growth. The output gap is positive at 1.0%, but GDP growth at 3.1% remains solid without overheating signals, and financial stress (0.2) and VIX (15) indicate calm conditions. With inflation expectations still anchored—5-year at 2.7% and Michigan 1-year at 3.5%—and no recession risk (recession dummy = 0), a modest 25 bps cut supports continued labor market strength without undermining price stability.",0.82,847,Scenario A,5.0,3.1,3.8,4.2,3.8,1.0,2.7,3.5,0.2,15,105,78,0.2,8,0,0,Democratic,0,centrist
qwen,qwen-plus,policy_persona,dove,8,sc1,Scenario A,hot inflation with strong real activity,-25,4.75,unemployment,"The unemployment rate is at 3.8%, near historic lows and below most estimates of the natural rate, signaling a tight labor market conducive to sustained wage growth and broad-based employment gains. While PCE inflation remains elevated at 3.8% and CPI at 4.2%, both are moderating from prior peaks and are partially driven by transitory factors like 8% oil price growth. The output gap is positive at 1.0%, but GDP growth at 3.1% remains robust without overheating signals, and financial conditions are stable (financial stress index = 0.2, VIX = 15). With inflation expectations still anchored—5-year breakeven at 2.7% and Michigan 1-year at 3.5%—and no recession risk (recession dummy = 0), supporting maximum employment justifies a modest 25 bps cut.",0.82,849,Scenario A,5.0,3.1,3.8,4.2,3.8,1.0,2.7,3.5,0.2,15,105,78,0.2,8,0,0,Democratic,0,centrist
qwen,qwen-plus,policy_persona,dove,9,sc1,Scenario A,hot inflation with strong real activity,-25,4.75,unemployment,"The unemployment rate is at 3.8%, near historic lows and below most estimates of the natural rate, signaling a tight labor market conducive to sustained wage growth and broad-based employment gains. While PCE inflation (3.8%) and CPI inflation (4.2%) remain above target, the output gap is positive but modest (1.0%), suggesting demand pressures are not overheating the economy. Inflation expectations remain anchored—5-year expectation at 2.7% and Michigan 1-year at 3.5%—and financial conditions are calm (financial stress index: 0.2; VIX: 15). With no recession signal (recession dummy: 0) and solid consumer sentiment (78), a modest 25 bps cut supports further labor market inclusivity without undermining price stability.",0.82,833,Scenario A,5.0,3.1,3.8,4.2,3.8,1.0,2.7,3.5,0.2,15,105,78,0.2,8,0,0,Democratic,0,centrist
qwen,qwen-plus,policy_persona,dove,10,sc1,Scenario A,hot inflation with strong real activity,-25,4.75,unemployment,"The unemployment rate is exceptionally low at 3.8%, well below most estimates of the natural rate, signaling strong labor market conditions that support accommodative policy. GDP growth remains robust at 3.1%, and the output gap is positive at 1.0%, indicating underlying demand strength without immediate overheating risks. While PCE inflation (3.8%) and CPI inflation (4.2%) remain above target, 5-year inflation expectations are anchored at 2.7% and the financial stress index is very low (0.2), suggesting inflationary pressures are not broad-based or self-reinforcing. The VIX (15) and 10Y-2Y spread (0.2) show stable financial conditions and no imminent recession risk (recession dummy = 0), allowing room to prioritize labor market slack reduction.",0.82,836,Scenario A,5.0,3.1,3.8,4.2,3.8,1.0,2.7,3.5,0.2,15,105,78,0.2,8,0,0,Democratic,0,centrist
qwen,qwen-plus,policy_persona,dove,11,sc1,Scenario A,hot inflation with strong real activity,-25,4.75,unemployment,"The unemployment rate is historically low at 3.8%, signaling a tight labor market with strong job growth, but GDP growth remains robust at 3.1% and the output gap is positive at 1.0%, suggesting underlying demand pressures remain. However, PCE inflation (3.8%) and CPI inflation (4.2%) are moderating from recent peaks, and 5-year inflation expectations (2.7%) remain anchored near target—indicating disinflationary momentum. With financial stress minimal (0.2) and VIX low (15), there is room to ease policy modestly to sustain maximum employment without reigniting inflation. The 10Y-2Y spread is nearly flat (0.2 pp), hinting at potential growth softening ahead, reinforcing caution against over-tightening.",0.82,832,Scenario A,5.0,3.1,3.8,4.2,3.8,1.0,2.7,3.5,0.2,15,105,78,0.2,8,0,0,Democratic,0,centrist
qwen,qwen-plus,policy_persona,dove,12,sc1,Scenario A,hot inflation with strong real activity,-25,4.75,unemployment,"The unemployment rate is at 3.8%, near historic lows and below most estimates of the natural rate, signaling a tight labor market conducive to sustained wage growth and broad-based employment gains. While PCE inflation (3.8%) and CPI inflation (4.2%) remain above target, the output gap is positive but modest (1.0%), suggesting demand pressures are not overheating. Inflation expectations — both 5-year (2.7%) and Michigan 1-year (3.5%) — show some stickiness but remain anchored within a manageable range. The financial stress index is very low (0.2) and VIX is calm (15), indicating ample financial stability to support a modest dovish adjustment.",0.82,812,Scenario A,5.0,3.1,3.8,4.2,3.8,1.0,2.7,3.5,0.2,15,105,78,0.2,8,0,0,Democratic,0,centrist
qwen,qwen-plus,policy_persona,dove,13,sc1,Scenario A,hot inflation with strong real activity,-25,4.75,unemployment,"The unemployment rate is exceptionally low at 3.8%, signaling a tight labor market with strong employment outcomes — a core priority for my dove-leaning stance. While PCE inflation (3.8%) and CPI inflation (4.2%) remain above target, the output gap is modestly positive at 1.0%, suggesting only mild overheating, and 5-year inflation expectations (2.7%) remain anchored near the Fed’s 2% goal. The financial stress index is very low (0.2) and VIX is calm (15), indicating no financial stability risks that would warrant holding rates higher. With GDP growth robust but not excessive (3.1%) and no recession signal (recession dummy = 0), a modest 25 bps cut supports sustained labor market strength without undermining longer-term inflation credibility.",0.82,834,Scenario A,5.0,3.1,3.8,4.2,3.8,1.0,2.7,3.5,0.2,15,105,78,0.2,8,0,0,Democratic,0,centrist
qwen,qwen-plus,policy_persona,dove,14,sc1,Scenario A,hot inflation with strong real activity,-25,4.75,unemployment,"The unemployment rate remains low at 3.8%, but the output gap is positive at 1.0%, suggesting some slack may be emerging as demand moderates. While PCE (3.8%) and CPI (4.2%) inflation remain above target, 5-year inflation expectations are well-anchored at 2.7%, and financial stress is minimal (0.2) with low VIX (15), indicating room to support labor market resilience. GDP growth at 3.1% is solid but cooling from prior highs, and the 10Y-2Y spread is only 0.2 percentage points — a narrow but still positive buffer against inversion — reinforcing that a modest cut would help sustain employment without reigniting inflationary pressures.",0.82,820,Scenario A,5.0,3.1,3.8,4.2,3.8,1.0,2.7,3.5,0.2,15,105,78,0.2,8,0,0,Democratic,0,centrist
qwen,qwen-plus,policy_persona,dove,15,sc1,Scenario A,hot inflation with strong real activity,-25,4.75,unemployment,"The unemployment rate is exceptionally low at 3.8%, well below most estimates of the natural rate, signaling strong labor market conditions and potential for sustained wage growth. Although PCE inflation (3.8%) and CPI inflation (4.2%) remain above target, the output gap is positive but modest (1.0%), suggesting demand pressures are not overheating. Inflation expectations remain anchored—5-year expectation at 2.7% and Michigan 1-year at 3.5%—and financial stress is very low (0.2), supporting a cautious easing. With GDP growth robust at 3.1% and no recession signal, a modest 25 bps cut balances continued support for maximum employment against gradual disinflation progress.",0.82,816,Scenario A,5.0,3.1,3.8,4.2,3.8,1.0,2.7,3.5,0.2,15,105,78,0.2,8,0,0,Democratic,0,centrist
qwen,qwen-plus,policy_persona,dove,1,sc2,Scenario B,weak labor market with near-target inflation,-25,4.75,unemployment,"The unemployment rate at 6.0% is meaningfully above the FOMC's longer-run estimate of 4.0%, signaling substantial labor market slack. GDP growth has slowed to just 0.5%, and the output gap is negative at -1.5%, confirming demand weakness. While PCE inflation (2.1%) and 5-year inflation expectations (2.1%) remain firmly at target, the absence of inflationary pressure justifies accommodation to support job creation. The 10Y-2Y yield curve inversion (-0.4 pp) and low financial stress index (0.5) further suggest room for a modest cut without jeopardizing price stability.",0.82,803,Scenario B,5.0,0.5,2.1,2.4,6.0,-1.5,2.1,2.5,0.5,20,125,65,-0.4,-6,0,0,Democratic,0,centrist
qwen,qwen-plus,policy_persona,dove,2,sc2,Scenario B,weak labor market with near-target inflation,-25,4.75,unemployment,"The unemployment rate at 6.0% is above the Fed's longer-run estimate of NAIRU, and the output gap of -1.5% signals significant slack in the economy. GDP growth has slowed to just 0.5%, reinforcing weak demand conditions. While PCE inflation (2.1%) and 5-year inflation expectations (2.1%) remain firmly at target, the labor market weakness and negative output gap outweigh modest inflationary pressures. The 10Y-2Y spread remains inverted (-0.4 pp), suggesting elevated recession risk despite the recession dummy being 0.",0.82,787,Scenario B,5.0,0.5,2.1,2.4,6.0,-1.5,2.1,2.5,0.5,20,125,65,-0.4,-6,0,0,Democratic,0,centrist
qwen,qwen-plus,policy_persona,dove,3,sc2,Scenario B,weak labor market with near-target inflation,-25,4.75,unemployment,"The unemployment rate at 6.0% is meaningfully above the FOMC's longer-run estimate of 4.0%, and the output gap of -1.5% signals significant underutilization of labor and capital resources. GDP growth has slowed to just 0.5%, reinforcing slack in the economy. While PCE inflation (2.1%) and CPI inflation (2.4%) remain near target, they are not accelerating, and 5-year inflation expectations (2.1%) are well-anchored — reducing urgency for restrictive policy. The inverted 10Y-2Y spread (-0.4 pp) and modest financial stress index (0.5) further suggest caution against over-tightening.",0.82,813,Scenario B,5.0,0.5,2.1,2.4,6.0,-1.5,2.1,2.5,0.5,20,125,65,-0.4,-6,0,0,Democratic,0,centrist
qwen,qwen-plus,policy_persona,dove,4,sc2,Scenario B,weak labor market with near-target inflation,-25,4.75,unemployment,"Unemployment at 6.0% is meaningfully above the FOMC's longer-run estimate of 4.0%, signaling substantial labor market slack. The output gap of -1.5% and weak GDP growth of 0.5% confirm demand deficiency. While PCE inflation (2.1%) and 5-year inflation expectations (2.1%) remain firmly at target, CPI (2.4%) and Michigan 1-year expectations (2.5%) show modest upside pressure — but not enough to offset the clear employment shortfall. The negative 10Y-2Y spread (-0.4 pp) and low financial stress index (0.5) suggest easing is appropriate without threatening financial stability.",0.85,811,Scenario B,5.0,0.5,2.1,2.4,6.0,-1.5,2.1,2.5,0.5,20,125,65,-0.4,-6,0,0,Democratic,0,centrist
qwen,qwen-plus,policy_persona,dove,5,sc2,Scenario B,weak labor market with near-target inflation,-25,4.75,unemployment,"The unemployment rate has risen to 6.0%, well above the FOMC's longer-run estimate of 4.0%, signaling significant labor market slack. GDP growth is weak at 0.5% and the output gap is negative (-1.5%), confirming demand deficiency. While PCE inflation (2.1%) and CPI inflation (2.4%) remain near target, they are not accelerating, and 5-year inflation expectations (2.1%) are well-anchored. The 10Y-2Y Treasury spread is inverted (-0.4 pp), suggesting elevated recession risk, reinforcing the need for preemptive support to employment.",0.82,798,Scenario B,5.0,0.5,2.1,2.4,6.0,-1.5,2.1,2.5,0.5,20,125,65,-0.4,-6,0,0,Democratic,0,centrist
qwen,qwen-plus,policy_persona,dove,6,sc2,Scenario B,weak labor market with near-target inflation,-25,4.75,unemployment,"The unemployment rate at 6.0% is above the Fed's longer-run estimate of the natural rate, and the output gap is negative (-1.5%), signaling significant slack in the economy. GDP growth has slowed to just 0.5%, reinforcing weak demand conditions. While PCE inflation (2.1%) and 5-year inflation expectations (2.1%) remain firmly at target, the labor market weakness and subdued growth warrant a modest accommodation. The inverted 10Y-2Y spread (-0.4 pp) and low financial stress index (0.5) suggest easing is unlikely to destabilize markets.",0.82,792,Scenario B,5.0,0.5,2.1,2.4,6.0,-1.5,2.1,2.5,0.5,20,125,65,-0.4,-6,0,0,Democratic,0,centrist
qwen,qwen-plus,policy_persona,dove,7,sc2,Scenario B,weak labor market with near-target inflation,-25,4.75,unemployment,"The unemployment rate at 6.0% is above the Fed's longer-run estimate of NAIRU, and the output gap is meaningfully negative (-1.5%), signaling significant underutilization of labor and capital. GDP growth has slowed to just 0.5%, reinforcing slack in the economy. While PCE inflation (2.1%) and 5-year inflation expectations (2.1%) remain anchored near target, the labor market weakness and subdued growth warrant a modest dovish adjustment. The flat but still-negative 10Y-2Y spread (-0.4 pp) and low financial stress index (0.5) suggest easing would not threaten financial stability.",0.82,802,Scenario B,5.0,0.5,2.1,2.4,6.0,-1.5,2.1,2.5,0.5,20,125,65,-0.4,-6,0,0,Democratic,0,centrist
qwen,qwen-plus,policy_persona,dove,8,sc2,Scenario B,weak labor market with near-target inflation,-25,4.75,unemployment,"Unemployment at 6.0% is meaningfully above the FOMC's longer-run estimate of 4.0%, signaling substantial labor market slack. The output gap of -1.5% and sluggish GDP growth of 0.5% confirm demand weakness and underutilized resources. While PCE inflation (2.1%) and 5-year inflation expectations (2.1%) are firmly at target, CPI (2.4%) and Michigan 1-year expectations (2.5%) show modest upside pressure — but not enough to offset the clear employment shortfall. The inverted 10Y-2Y spread (-0.4 pp) and low financial stress index (0.5) suggest easing policy would not jeopardize financial stability.",0.82,817,Scenario B,5.0,0.5,2.1,2.4,6.0,-1.5,2.1,2.5,0.5,20,125,65,-0.4,-6,0,0,Democratic,0,centrist
qwen,qwen-plus,policy_persona,dove,9,sc2,Scenario B,weak labor market with near-target inflation,-25,4.75,unemployment,"Unemployment at 6.0% is meaningfully above the FOMC's longer-run estimate of 4.0%, signaling substantial labor market slack. The output gap of -1.5% confirms below-potential economic activity, consistent with weak GDP growth of only 0.5%. While PCE inflation (2.1%) and 5-year inflation expectations (2.1%) are firmly at target, CPI (2.4%) and Michigan 1-year expectations (2.5%) show modest upward stickiness — but not enough to offset the clear employment shortfall. Financial stress (0.5) and VIX (20) remain benign, allowing room for accommodation without jeopardizing financial stability.",0.82,810,Scenario B,5.0,0.5,2.1,2.4,6.0,-1.5,2.1,2.5,0.5,20,125,65,-0.4,-6,0,0,Democratic,0,centrist
qwen,qwen-plus,policy_persona,dove,10,sc2,Scenario B,weak labor market with near-target inflation,-25,4.75,unemployment,"The unemployment rate at 6.0% is above the Fed's longer-run estimate of the natural rate, and the output gap is negative (-1.5%), signaling significant slack in the economy. GDP growth has slowed to just 0.5%, reinforcing weak demand conditions. While PCE inflation (2.1%) and 5-year inflation expectations (2.1%) remain firmly at target, the labor market weakness and subdued growth warrant a modest accommodation. The inverted 10Y-2Y spread (-0.4 pp) and low financial stress index (0.5) suggest easing is unlikely to destabilize markets.",0.82,792,Scenario B,5.0,0.5,2.1,2.4,6.0,-1.5,2.1,2.5,0.5,20,125,65,-0.4,-6,0,0,Democratic,0,centrist
qwen,qwen-plus,policy_persona,dove,11,sc2,Scenario B,weak labor market with near-target inflation,-25,4.75,unemployment,"The unemployment rate stands at 6.0%, well above the FOMC's longer-run estimate of 4.0%, and the output gap is meaningfully negative at -1.5%, signaling substantial slack in the economy. GDP growth has slowed to just 0.5%, reinforcing weakness in aggregate demand. Although PCE inflation (2.1%) and CPI inflation (2.4%) remain near target, they are no longer elevated and are supported by anchored medium-term expectations (5-year inflation expectation at 2.1%). The 10Y-2Y Treasury spread is inverted (-0.4 pp), suggesting heightened recession risk, and the financial stress index (0.5) and VIX (20) remain benign — allowing room for accommodative action without jeopardizing financial stability.",0.82,828,Scenario B,5.0,0.5,2.1,2.4,6.0,-1.5,2.1,2.5,0.5,20,125,65,-0.4,-6,0,0,Democratic,0,centrist
qwen,qwen-plus,policy_persona,dove,12,sc2,Scenario B,weak labor market with near-target inflation,-25,4.75,unemployment,"Unemployment at 6.0% is well above the FOMC's longer-run estimate of 4.0%, signaling significant labor market slack. The output gap of -1.5% and sluggish GDP growth of 0.5% confirm weak aggregate demand. While PCE inflation (2.1%) and 5-year inflation expectations (2.1%) are firmly at target, CPI (2.4%) and Michigan 1-year expectations (2.5%) show modest upside pressure — but not enough to override the clear employment shortfall. The negative 10Y-2Y spread (-0.4 pp) and low financial stress index (0.5) suggest easing is warranted without jeopardizing financial stability.",0.82,812,Scenario B,5.0,0.5,2.1,2.4,6.0,-1.5,2.1,2.5,0.5,20,125,65,-0.4,-6,0,0,Democratic,0,centrist
qwen,qwen-plus,policy_persona,dove,13,sc2,Scenario B,weak labor market with near-target inflation,-25,4.75,unemployment,"The unemployment rate at 6.0% is meaningfully above the FOMC's longer-run estimate of 4.0%, signaling substantial labor market slack. GDP growth is weak at 0.5%, and the output gap is negative at -1.5%, confirming underutilization of resources. Inflation remains well-anchored — PCE at 2.1% and 5-year inflation expectations also at 2.1% — reducing urgency to maintain restrictive policy. With financial stress low (0.5) and no recession signal, a modest 25 bps cut supports employment without undermining price stability.",0.82,792,Scenario B,5.0,0.5,2.1,2.4,6.0,-1.5,2.1,2.5,0.5,20,125,65,-0.4,-6,0,0,Democratic,0,centrist
qwen,qwen-plus,policy_persona,dove,14,sc2,Scenario B,weak labor market with near-target inflation,-25,4.75,unemployment,"The unemployment rate at 6.0% is above the FOMC's longer-run estimate of 4.0%, and the output gap of -1.5% signals significant slack in the economy. GDP growth has slowed to just 0.5%, confirming weak demand pressures. While PCE inflation (2.1%) and 5-year inflation expectations (2.1%) remain firmly at target, the labor market weakness and negative output gap outweigh modest inflationary signals. The inverted 10Y-2Y spread (-0.4 pp) and low financial stress index (0.5) suggest room for accommodation without destabilizing financial conditions.",0.82,797,Scenario B,5.0,0.5,2.1,2.4,6.0,-1.5,2.1,2.5,0.5,20,125,65,-0.4,-6,0,0,Democratic,0,centrist
qwen,qwen-plus,policy_persona,dove,15,sc2,Scenario B,weak labor market with near-target inflation,-25,4.75,unemployment,"The unemployment rate has risen to 6.0%, well above the FOMC’s longer-run estimate of 4.0%, signaling significant labor market slack. GDP growth is weak at 0.5% and the output gap is negative (-1.5%), indicating underutilized resources. While PCE inflation (2.1%) and CPI inflation (2.4%) remain near target, they are no longer elevated and are supported by anchored medium-term expectations (5-year inflation expectation: 2.1%). The 10Y-2Y Treasury spread is inverted (-0.4 pp), suggesting heightened recession risk, reinforcing the need for preemptive accommodation to support employment.",0.87,803,Scenario B,5.0,0.5,2.1,2.4,6.0,-1.5,2.1,2.5,0.5,20,125,65,-0.4,-6,0,0,Democratic,0,centrist
qwen,qwen-plus,policy_persona,dove,1,sc3,Scenario C,mixed inflation-employment tradeoff,-25,4.75,unemployment,"Unemployment at 4.9% is above the FOMC's longer-run estimate of 4.0%, signaling labor market slack. The negative output gap (-0.5%) and modest GDP growth (1.8%) further indicate underutilized resources. While PCE inflation remains elevated at 3.1%, it has moderated from prior highs, and 5-year inflation expectations (2.4%) are well-anchored within target range. The flat yield curve (10Y-2Y spread at -0.1%) and low financial stress index (0.4) suggest room for a measured dovish adjustment without jeopardizing price stability.",0.82,799,Scenario C,5.0,1.8,3.1,3.4,4.9,-0.5,2.4,3.0,0.4,18,115,70,-0.1,4,0,0,Democratic,0,centrist
qwen,qwen-plus,policy_persona,dove,2,sc3,Scenario C,mixed inflation-employment tradeoff,-25,4.75,unemployment,"The unemployment rate at 4.9% is above the FOMC's longer-run estimate of 4.0%, and the output gap is negative (-0.5%), signaling slack in the labor market. While PCE inflation (3.1%) and CPI inflation (3.4%) remain modestly above target, 5-year inflation expectations (2.4%) are well-anchored and Michigan 1-year expected inflation (3.0%) shows no signs of de-anchoring. The flat yield curve (10Y-2Y spread at -0.1%) and elevated economic policy uncertainty (115) reinforce caution against over-tightening, especially with GDP growth slowing to 1.8%. As a dove, I prioritize reducing labor market slack before further tightening.",0.82,827,Scenario C,5.0,1.8,3.1,3.4,4.9,-0.5,2.4,3.0,0.4,18,115,70,-0.1,4,0,0,Democratic,0,centrist
qwen,qwen-plus,policy_persona,dove,3,sc3,Scenario C,mixed inflation-employment tradeoff,-25,4.75,unemployment,"The unemployment rate at 4.9% is above the FOMC's longer-run estimate of 4.0%, and the output gap is negative (-0.5%), signaling slack in the economy. While PCE inflation (3.1%) and CPI inflation (3.4%) remain modestly above target, both 5-year inflation expectations (2.4%) and Michigan 1-year expectations (3.0%) are well-anchored and trending downward. The flat but inverted 10Y-2Y spread (-0.1 pp) and low financial stress index (0.4) suggest limited near-term financial stability risks, supporting a cautious dovish adjustment.",0.82,803,Scenario C,5.0,1.8,3.1,3.4,4.9,-0.5,2.4,3.0,0.4,18,115,70,-0.1,4,0,0,Democratic,0,centrist
qwen,qwen-plus,policy_persona,dove,4,sc3,Scenario C,mixed inflation-employment tradeoff,-25,4.75,unemployment,"The unemployment rate at 4.9% is above the FOMC’s longer-run estimate of 4.0%, and the output gap is negative (-0.5%), signaling slack in the economy. While PCE inflation remains elevated at 3.1%, it has moderated from prior highs, and 5-year inflation expectations are well-anchored at 2.4%. The flat yield curve (10Y-2Y spread at -0.1%) and soft GDP growth (1.8%) further suggest diminishing inflationary pressure and rising risks to labor demand.",0.82,782,Scenario C,5.0,1.8,3.1,3.4,4.9,-0.5,2.4,3.0,0.4,18,115,70,-0.1,4,0,0,Democratic,0,centrist
qwen,qwen-plus,policy_persona,dove,5,sc3,Scenario C,mixed inflation-employment tradeoff,-25,4.75,unemployment,"Unemployment at 4.9% is above the FOMC's longer-run estimate of 4.0%, and the output gap is negative (-0.5%), signaling slack in the economy. GDP growth remains modest at 1.8%, insufficient to absorb labor market slack without policy support. While PCE inflation (3.1%) and CPI inflation (3.4%) remain above target, both 5-year inflation expectations (2.4%) and Michigan 1-year expectations (3.0%) show anchoring, suggesting underlying price pressures are moderating. The 10Y-2Y spread is inverted (-0.1 ppt), reinforcing concerns about softening demand and recession risk despite the recession dummy being 0.",0.82,814,Scenario C,5.0,1.8,3.1,3.4,4.9,-0.5,2.4,3.0,0.4,18,115,70,-0.1,4,0,0,Democratic,0,centrist
qwen,qwen-plus,policy_persona,dove,6,sc3,Scenario C,mixed inflation-employment tradeoff,-25,4.75,unemployment,"The unemployment rate at 4.9% is above the Fed's longer-run estimate of NAIRU (≈4.3%), and the output gap is negative (-0.5%), signaling slack in the labor market. While PCE inflation (3.1%) and CPI inflation (3.4%) remain above target, both 5-year inflation expectations (2.4%) and Michigan 1-year expectations (3.0%) show anchored medium-term expectations, reducing urgency for restrictive policy. The 10Y-2Y spread is inverted (-0.1 pp), and GDP growth is modest (1.8%), reinforcing caution against over-tightening. As a dove, I prioritize labor market healing without jeopardizing price stability.",0.82,814,Scenario C,5.0,1.8,3.1,3.4,4.9,-0.5,2.4,3.0,0.4,18,115,70,-0.1,4,0,0,Democratic,0,centrist
qwen,qwen-plus,policy_persona,dove,7,sc3,Scenario C,mixed inflation-employment tradeoff,-25,4.75,unemployment,"The unemployment rate at 4.9% is above the FOMC's longer-run estimate of 4.0%, and the output gap is negative (-0.5%), signaling slack in the economy. GDP growth remains modest at 1.8%, consistent with softening demand. While PCE inflation (3.1%) and CPI inflation (3.4%) remain above target, both 5-year inflation expectations (2.4%) and Michigan 1-year expectations (3.0%) show anchoring and a downward trend, reducing urgency for restrictive policy. The 10Y-2Y spread is inverted (-0.1 pp), and financial stress (0.4) and VIX (18) remain benign, supporting a cautious dovish adjustment.",0.82,821,Scenario C,5.0,1.8,3.1,3.4,4.9,-0.5,2.4,3.0,0.4,18,115,70,-0.1,4,0,0,Democratic,0,centrist
qwen,qwen-plus,policy_persona,dove,8,sc3,Scenario C,mixed inflation-employment tradeoff,-25,4.75,unemployment,"The unemployment rate at 4.9% is above the Fed's estimate of the natural rate (~4.3%), and the output gap is negative (-0.5%), signaling slack in the economy. While PCE inflation (3.1%) and CPI inflation (3.4%) remain modestly above target, both 5-year inflation expectations (2.4%) and Michigan 1-year expectations (3.0%) show anchored medium-term inflation views. The 10Y-2Y Treasury spread is inverted (-0.1 pp), suggesting softening growth momentum, and GDP growth at 1.8% is below trend — reinforcing the need to support labor market recovery without reigniting inflation pressures.",0.82,808,Scenario C,5.0,1.8,3.1,3.4,4.9,-0.5,2.4,3.0,0.4,18,115,70,-0.1,4,0,0,Democratic,0,centrist
qwen,qwen-plus,policy_persona,dove,9,sc3,Scenario C,mixed inflation-employment tradeoff,-25,4.75,unemployment,"Unemployment at 4.9% is above the FOMC's longer-run estimate of 4.0%, and the output gap is negative (-0.5%), signaling slack in the economy. While PCE inflation remains elevated at 3.1%, it has moderated from prior highs, and 5-year inflation expectations are well-anchored at 2.4%. The 10Y-2Y spread is inverted (-0.1 pp), suggesting tightening financial conditions and heightened recession risk — consistent with the recession dummy being 0 but warranting preemptive support for labor demand.",0.82,785,Scenario C,5.0,1.8,3.1,3.4,4.9,-0.5,2.4,3.0,0.4,18,115,70,-0.1,4,0,0,Democratic,0,centrist
qwen,qwen-plus,policy_persona,dove,10,sc3,Scenario C,mixed inflation-employment tradeoff,-25,4.75,unemployment,"The unemployment rate at 4.9% is above the Fed's longer-run estimate of NAIRU (≈4.2%), and the output gap is negative (-0.5%), signaling slack in the economy. While PCE inflation remains elevated at 3.1%, it has moderated from prior highs, and 5-year inflation expectations are well-anchored at 2.4%. The 10Y-2Y spread is inverted (-0.1 pp), suggesting tightening financial conditions and heightened recession risk — consistent with the zero recession dummy but warranting precautionary easing to support labor market resilience.",0.82,788,Scenario C,5.0,1.8,3.1,3.4,4.9,-0.5,2.4,3.0,0.4,18,115,70,-0.1,4,0,0,Democratic,0,centrist
qwen,qwen-plus,policy_persona,dove,11,sc3,Scenario C,mixed inflation-employment tradeoff,-25,4.75,unemployment,"The unemployment rate at 4.9% is above the Fed's longer-run estimate of NAIRU (≈4.2%), and the output gap is negative (-0.5%), signaling slack in the economy. While PCE inflation remains elevated at 3.1%, it has moderated from prior highs, and 5-year inflation expectations are well-anchored at 2.4%. The 10Y-2Y spread is inverted (-0.1 pp), suggesting tightening financial conditions and heightened recession risk — consistent with the zero recession dummy but warranting precautionary easing to support labor market resilience.",0.82,788,Scenario C,5.0,1.8,3.1,3.4,4.9,-0.5,2.4,3.0,0.4,18,115,70,-0.1,4,0,0,Democratic,0,centrist
qwen,qwen-plus,policy_persona,dove,12,sc3,Scenario C,mixed inflation-employment tradeoff,-25,4.75,unemployment,"Unemployment at 4.9% is above the FOMC's longer-run estimate of 4.0%, and the negative output gap (-0.5%) signals slack in the economy. While PCE inflation remains elevated at 3.1%, it has moderated from prior highs, and 5-year inflation expectations (2.4%) are well-anchored within target range. The flat but inverted 10Y-2Y spread (-0.1 pp) and soft GDP growth (1.8%) further support caution against over-tightening. With financial stress low (0.4) and no recession signal, a modest 25 bps cut balances labor market weakness against still-broadly contained inflation expectations.",0.82,814,Scenario C,5.0,1.8,3.1,3.4,4.9,-0.5,2.4,3.0,0.4,18,115,70,-0.1,4,0,0,Democratic,0,centrist
qwen,qwen-plus,policy_persona,dove,13,sc3,Scenario C,mixed inflation-employment tradeoff,-25,4.75,unemployment,"The unemployment rate at 4.9% is above the FOMC's longer-run estimate of 4.0%, and the output gap is negative (-0.5%), signaling underutilized labor and capital resources. While PCE inflation (3.1%) and CPI inflation (3.4%) remain modestly above target, 5-year inflation expectations (2.4%) are well-anchored, and financial stress (0.4) and VIX (18) indicate stable market conditions. The soft GDP growth (1.8%) and inverted 10Y-2Y spread (-0.1) suggest weakening momentum, reinforcing the need to support labor market participation without reigniting inflation.",0.82,809,Scenario C,5.0,1.8,3.1,3.4,4.9,-0.5,2.4,3.0,0.4,18,115,70,-0.1,4,0,0,Democratic,0,centrist
qwen,qwen-plus,policy_persona,dove,14,sc3,Scenario C,mixed inflation-employment tradeoff,-25,4.75,unemployment,"Unemployment at 4.9% is above the FOMC's longer-run estimate of 4.0%, and the negative output gap (-0.5%) signals slack in the economy. While PCE inflation remains elevated at 3.1%, it has moderated from prior highs, and 5-year inflation expectations (2.4%) are well-anchored within target range. The flat but inverted 10Y-2Y spread (-0.1 pp) and soft GDP growth (1.8%) further support caution against over-tightening. With financial stress low (0.4) and no recession signal, a modest 25 bps cut balances labor market weakness against still-broadly contained inflation expectations.",0.82,814,Scenario C,5.0,1.8,3.1,3.4,4.9,-0.5,2.4,3.0,0.4,18,115,70,-0.1,4,0,0,Democratic,0,centrist
qwen,qwen-plus,policy_persona,dove,15,sc3,Scenario C,mixed inflation-employment tradeoff,-25,4.75,unemployment,"The unemployment rate at 4.9% is above the FOMC's longer-run estimate of 4.0%, and the negative output gap (-0.5%) signals slack in the economy. GDP growth at 1.8% remains modest, and while PCE inflation (3.1%) and CPI inflation (3.4%) are still above target, both 5-year inflation expectations (2.4%) and Michigan 1-year expectations (3.0%) show anchoring and a downward trend. The 10Y-2Y Treasury spread is inverted (-0.1 pp), suggesting heightened recession risk, reinforcing the need to support labor market recovery.",0.82,801,Scenario C,5.0,1.8,3.1,3.4,4.9,-0.5,2.4,3.0,0.4,18,115,70,-0.1,4,0,0,Democratic,0,centrist
qwen,qwen-plus,policy_persona,centrist,1,sc1,Scenario A,hot inflation with strong real activity,25,5.25,inflation,"PCE inflation remains elevated at 3.8%, well above the 2% target, and CPI inflation is even higher at 4.2%. Short-term inflation expectations (Michigan 1-year: 3.5%) are stubbornly above target, while the output gap is positive at 1.0%, indicating demand pressures persist. Although unemployment is low at 3.8%, financial stability indicators are benign (financial stress index: 0.2; VIX: 15), so tightening can proceed without destabilizing markets.",0.82,771,Scenario A,5.0,3.1,3.8,4.2,3.8,1.0,2.7,3.5,0.2,15,105,78,0.2,8,0,0,Democratic,0,centrist
qwen,qwen-plus,policy_persona,centrist,2,sc1,Scenario A,hot inflation with strong real activity,25,5.25,inflation,"PCE inflation (3.8%) and CPI inflation (4.2%) remain well above the 2% target, while 5-year inflation expectations (2.7%) and Michigan 1-year expected inflation (3.5%) signal persistent upside risks to price stability. GDP growth (3.1%) and a positive output gap (1.0%) indicate continued demand pressure, reinforcing inflationary momentum. Although unemployment is low (3.8%), it remains consistent with maximum employment and does not justify accommodation. Financial stress (0.2) and VIX (15) are benign, so financial stability does not offset the need for further tightening.",0.82,794,Scenario A,5.0,3.1,3.8,4.2,3.8,1.0,2.7,3.5,0.2,15,105,78,0.2,8,0,0,Democratic,0,centrist
qwen,qwen-plus,policy_persona,centrist,3,sc1,Scenario A,hot inflation with strong real activity,25,5.25,inflation,"PCE inflation (3.8%) and CPI inflation (4.2%) remain well above the 2% target, and short-term inflation expectations (Michigan 1-year: 3.5%) are elevated, suggesting entrenched price pressures. GDP growth (3.1%) and a positive output gap (1.0%) indicate demand-side overheating, while the financial stress index (0.2) and VIX (15) signal ample financial stability—reducing justification for a dovish pivot. The 10Y-2Y spread (0.2 pp) remains shallow but not inverted, and recession risk is absent (recession dummy = 0), supporting further tightening to anchor expectations.",0.82,806,Scenario A,5.0,3.1,3.8,4.2,3.8,1.0,2.7,3.5,0.2,15,105,78,0.2,8,0,0,Democratic,0,centrist
qwen,qwen-plus,policy_persona,centrist,4,sc1,Scenario A,hot inflation with strong real activity,25,5.25,inflation,"PCE inflation remains elevated at 3.8%, well above the 2% target, and CPI inflation is even higher at 4.2%. Short-term inflation expectations (Michigan 1-year: 3.5%) are stubbornly above target, while the output gap is positive at 1.0%, indicating demand pressures persist. Although unemployment is low at 3.8%, financial stability indicators are benign (financial stress index: 0.2; VIX: 15), so tightening can proceed without destabilizing markets.",0.82,771,Scenario A,5.0,3.1,3.8,4.2,3.8,1.0,2.7,3.5,0.2,15,105,78,0.2,8,0,0,Democratic,0,centrist
qwen,qwen-plus,policy_persona,centrist,5,sc1,Scenario A,hot inflation with strong real activity,25,5.25,inflation,"PCE inflation (3.8%) and CPI inflation (4.2%) remain materially above the 2% target, while 5-year inflation expectations (2.7%) and Michigan 1-year expected inflation (3.5%) signal persistent upside risks to price stability. GDP growth (3.1%) and a positive output gap (1.0%) confirm demand-side pressures, and the 10Y-2Y Treasury spread (0.2 percentage points) remains shallow but not inverted—suggesting limited near-term recession risk. Financial stress (0.2) and VIX (15) are low, so financial stability is not constraining policy, allowing focus on inflation containment.",0.82,803,Scenario A,5.0,3.1,3.8,4.2,3.8,1.0,2.7,3.5,0.2,15,105,78,0.2,8,0,0,Democratic,0,centrist
qwen,qwen-plus,policy_persona,centrist,6,sc1,Scenario A,hot inflation with strong real activity,25,5.25,inflation,"PCE inflation (3.8%) and CPI inflation (4.2%) remain well above the 2% target, and short-term inflation expectations (Michigan 1-year: 3.5%) are elevated, suggesting persistent price pressures. GDP growth (3.1%) and a positive output gap (1.0%) indicate demand-side overheating, while the financial stress index (0.2) and VIX (15) signal ample financial stability — reducing justification for a cut or hold. The 10Y-2Y spread (0.2 pp) remains shallow but not inverted, and oil price growth (8%) adds upside inflation risk.",0.82,796,Scenario A,5.0,3.1,3.8,4.2,3.8,1.0,2.7,3.5,0.2,15,105,78,0.2,8,0,0,Democratic,0,centrist
qwen,qwen-plus,policy_persona,centrist,7,sc1,Scenario A,hot inflation with strong real activity,25,5.25,inflation,"PCE inflation (3.8%) and CPI inflation (4.2%) remain well above the 2% target, and short-term inflation expectations (Michigan 1-year: 3.5%) are elevated, suggesting persistent price pressures. GDP growth (3.1%) and a positive output gap (1.0%) indicate demand remains robust, reinforcing inflationary momentum. Although unemployment is low (3.8%), it is not yet signaling overheating on its own; however, combined with strong growth and sticky inflation, it warrants continued tightening. Financial stability indicators (financial stress index: 0.2, VIX: 15) are benign, allowing focus on inflation control without immediate stability trade-offs.",0.87,806,Scenario A,5.0,3.1,3.8,4.2,3.8,1.0,2.7,3.5,0.2,15,105,78,0.2,8,0,0,Democratic,0,centrist
qwen,qwen-plus,policy_persona,centrist,8,sc1,Scenario A,hot inflation with strong real activity,25,5.25,inflation,"PCE inflation (3.8%) and CPI inflation (4.2%) remain well above the 2% target, while 5-year inflation expectations (2.7%) and Michigan 1-year expected inflation (3.5%) signal persistent upside pressure. GDP growth (3.1%) and a positive output gap (1.0%) indicate demand remains robust, reinforcing inflationary momentum. Although unemployment is low (3.8%), it is not yet signaling overheating on its own; however, combined with strong growth and elevated inflation metrics, a modest hike is warranted to reinforce credibility and prevent de-anchoring. Financial stress (0.2) and VIX (15) are benign, so tightening does not threaten financial stability.",0.82,812,Scenario A,5.0,3.1,3.8,4.2,3.8,1.0,2.7,3.5,0.2,15,105,78,0.2,8,0,0,Democratic,0,centrist
qwen,qwen-plus,policy_persona,centrist,9,sc1,Scenario A,hot inflation with strong real activity,25,5.25,inflation,"PCE inflation remains elevated at 3.8%, well above the 2% target, and CPI inflation is even higher at 4.2%. Short-term inflation expectations (Michigan 1-year: 3.5%) are stubbornly above target, while the output gap is positive at 1.0%, indicating demand pressures persist. Although unemployment is low at 3.8%, financial stability indicators are benign (financial stress index: 0.2; VIX: 15), so tightening can proceed without destabilizing markets.",0.82,771,Scenario A,5.0,3.1,3.8,4.2,3.8,1.0,2.7,3.5,0.2,15,105,78,0.2,8,0,0,Democratic,0,centrist
qwen,qwen-plus,policy_persona,centrist,10,sc1,Scenario A,hot inflation with strong real activity,25,5.25,inflation,"PCE inflation (3.8%) and CPI inflation (4.2%) remain well above the 2% target, and short-term inflation expectations (Michigan 1-year: 3.5%) are elevated, suggesting persistent price pressures. GDP growth (3.1%) and a positive output gap (1.0%) indicate continued demand strength, reinforcing upside inflation risk. Although unemployment is low (3.8%), it remains consistent with maximum employment, and financial stress (0.2) and VIX (15) are benign, so financial stability is not constraining policy. The 10Y-2Y spread (0.2 pp) shows modest inversion but no imminent recession signal (recession dummy = 0), allowing further tightening.",0.87,815,Scenario A,5.0,3.1,3.8,4.2,3.8,1.0,2.7,3.5,0.2,15,105,78,0.2,8,0,0,Democratic,0,centrist
qwen,qwen-plus,policy_persona,centrist,11,sc1,Scenario A,hot inflation with strong real activity,25,5.25,inflation,"PCE inflation (3.8%) and CPI inflation (4.2%) remain well above the 2% target, and short-term inflation expectations (Michigan 1-year: 3.5%) are elevated, suggesting persistent inflationary pressures. GDP growth (3.1%) and a positive output gap (1.0%) indicate demand-side overheating, while financial conditions remain accommodative (financial stress index: 0.2, VIX: 15). Although unemployment is low (3.8%), it is not yet signaling excessive tightness, and the absence of recession risk (recession dummy: 0) supports further tightening to anchor expectations.",0.82,796,Scenario A,5.0,3.1,3.8,4.2,3.8,1.0,2.7,3.5,0.2,15,105,78,0.2,8,0,0,Democratic,0,centrist
qwen,qwen-plus,policy_persona,centrist,12,sc1,Scenario A,hot inflation with strong real activity,25,5.25,inflation,"PCE inflation (3.8%) and CPI inflation (4.2%) remain well above the 2% target, and short-term inflation expectations (Michigan 1-year: 3.5%) are elevated, suggesting persistent price pressures. GDP growth (3.1%) and a positive output gap (1.0%) indicate demand-side overheating, while the financial stress index (0.2) and VIX (15) signal ample financial stability — reducing justification for a cut or hold. The 10Y-2Y spread (0.2 pp) remains shallow but not inverted, and oil price growth (8%) adds upside inflation risk.",0.87,796,Scenario A,5.0,3.1,3.8,4.2,3.8,1.0,2.7,3.5,0.2,15,105,78,0.2,8,0,0,Democratic,0,centrist
qwen,qwen-plus,policy_persona,centrist,13,sc1,Scenario A,hot inflation with strong real activity,25,5.25,inflation,"PCE inflation remains elevated at 3.8% and CPI at 4.2%, both well above the 2% target, while 5-year inflation expectations (2.7%) and Michigan 1-year expectations (3.5%) signal persistent upside risks to price stability. GDP growth is robust at 3.1% and the output gap is positive at 1.0%, indicating demand pressures. Although unemployment is low at 3.8%, it remains consistent with maximum employment, and financial stability indicators are benign (financial stress index = 0.2, VIX = 15), reducing countervailing concerns. The 10Y-2Y spread is modestly positive (0.2 pp), suggesting no imminent recession signal, reinforcing the case for a measured hike.",0.82,824,Scenario A,5.0,3.1,3.8,4.2,3.8,1.0,2.7,3.5,0.2,15,105,78,0.2,8,0,0,Democratic,0,centrist
qwen,qwen-plus,policy_persona,centrist,14,sc1,Scenario A,hot inflation with strong real activity,25,5.25,inflation,"PCE inflation (3.8%) and CPI inflation (4.2%) remain well above the 2% target, while 5-year inflation expectations (2.7%) and Michigan 1-year expected inflation (3.5%) signal persistent inflationary psychology. GDP growth (3.1%) and a positive output gap (1.0%) indicate demand pressures are still strong, and the 10Y-2Y Treasury spread (0.2 pp) remains shallow but not inverted—suggesting limited recession risk for now. Financial stress (0.2) and VIX (15) are low, so financial stability is not constraining policy. Given the centrist stance, we prioritize anchoring inflation expectations without over-tightening into full employment (unemployment at 3.8%).",0.82,826,Scenario A,5.0,3.1,3.8,4.2,3.8,1.0,2.7,3.5,0.2,15,105,78,0.2,8,0,0,Democratic,0,centrist
qwen,qwen-plus,policy_persona,centrist,15,sc1,Scenario A,hot inflation with strong real activity,25,5.25,inflation,"PCE inflation (3.8%) and CPI inflation (4.2%) remain well above the 2% target, and short-term inflation expectations (Michigan 1-year: 3.5%) are elevated, suggesting entrenched price pressures. GDP growth (3.1%) and a positive output gap (1.0%) indicate demand-side overheating, while the 10Y-2Y spread (0.2 pp) remains shallow but not inverted—limiting recession concerns. Financial stress (0.2) and VIX (15) are low, so financial stability is not constraining policy, allowing focus on disinflation.",0.87,792,Scenario A,5.0,3.1,3.8,4.2,3.8,1.0,2.7,3.5,0.2,15,105,78,0.2,8,0,0,Democratic,0,centrist
qwen,qwen-plus,policy_persona,centrist,1,sc2,Scenario B,weak labor market with near-target inflation,-25,4.75,balanced,"GDP growth is weak at 0.5% and the output gap is negative (-1.5%), signaling slack in the economy, while unemployment is elevated at 6.0%, suggesting labor market softening. Inflation metrics are well-anchored — PCE at 2.1%, CPI at 2.4%, and 5-year inflation expectations at 2.1% — all near the 2% target. Financial stress is low (0.5) and VIX is moderate (20), indicating no acute financial stability threat, but the inverted 10Y-2Y spread (-0.4 pp) warrants caution against overtightening. With no recession underway and political pressure neutral, a modest 25 bps cut balances support for employment against maintaining credibility on price stability.",0.82,826,Scenario B,5.0,0.5,2.1,2.4,6.0,-1.5,2.1,2.5,0.5,20,125,65,-0.4,-6,0,0,Democratic,0,centrist
qwen,qwen-plus,policy_persona,centrist,2,sc2,Scenario B,weak labor market with near-target inflation,-25,4.75,balanced,"GDP growth is weak at 0.5% and the output gap is negative (-1.5%), signaling slack in the economy, while unemployment is elevated at 6.0%, supporting accommodation. Inflation metrics are broadly aligned with the 2% target—PCE at 2.1% and 5-year inflation expectations at 2.1%—indicating price stability is achieved. The inverted 10Y-2Y spread (-0.4 pp) and low financial stress index (0.5) suggest muted financial stability risks, but the VIX at 20 and elevated Economic Policy Uncertainty (125) warrant caution against over-tightening. With no recession signal and neutral political pressure, a modest 25 bps cut balances support for employment against preserving hard-won disinflation progress.",0.82,831,Scenario B,5.0,0.5,2.1,2.4,6.0,-1.5,2.1,2.5,0.5,20,125,65,-0.4,-6,0,0,Democratic,0,centrist
qwen,qwen-plus,policy_persona,centrist,3,sc2,Scenario B,weak labor market with near-target inflation,-25,4.75,balanced,"GDP growth is weak at 0.5% and the output gap is negative (-1.5%), signaling slack in the economy; unemployment is elevated at 6.0%, well above the natural rate estimate, supporting accommodation. Meanwhile, PCE inflation (2.1%) and CPI inflation (2.4%) are near or slightly above target, and 5-year inflation expectations remain anchored at 2.1%, suggesting no de-anchoring risk. The inverted 10Y-2Y spread (-0.4 pp) and low financial stress index (0.5) indicate mild recessionary risk but stable markets — warranting a modest cut to support employment without reigniting inflation. The VIX (20) and Michigan sentiment (65) further confirm subdued but not distressed conditions.",0.82,824,Scenario B,5.0,0.5,2.1,2.4,6.0,-1.5,2.1,2.5,0.5,20,125,65,-0.4,-6,0,0,Democratic,0,centrist
qwen,qwen-plus,policy_persona,centrist,4,sc2,Scenario B,weak labor market with near-target inflation,-25,4.75,balanced,"GDP growth is weak at 0.5% and the output gap is negative (-1.5%), signaling slack in the economy, while unemployment has risen to 6.0%, indicating labor market softening. Inflation remains near target—PCE at 2.1% and CPI at 2.4%—and inflation expectations are well anchored (5-year at 2.1%, Michigan 1-year at 2.5%). Financial conditions are stable (financial stress index at 0.5, VIX at 20), but the inverted yield curve (-0.4 pp) warrants caution on recession risks. With no political pressure and a centrist leaning, a modest 25 bps cut balances support for employment against still-firm but moderating inflation.",0.82,821,Scenario B,5.0,0.5,2.1,2.4,6.0,-1.5,2.1,2.5,0.5,20,125,65,-0.4,-6,0,0,Democratic,0,centrist
qwen,qwen-plus,policy_persona,centrist,5,sc2,Scenario B,weak labor market with near-target inflation,-25,4.75,balanced,"GDP growth is weak at 0.5% and the output gap is negative (-1.5%), signaling slack in the economy, while PCE inflation (2.1%) and 5-year inflation expectations (2.1%) are firmly at target — alleviating inflationary pressure. Unemployment is elevated at 6.0%, above typical estimates of full employment (~4.0–4.5%), supporting accommodation. The inverted 10Y-2Y spread (-0.4 pp) and low financial stress index (0.5) suggest muted near-term financial stability risks, but the modest VIX (20) and high policy uncertainty (125) warrant caution against aggressive easing. Thus, a modest 25 bps cut balances support for employment without undermining price stability.",0.82,824,Scenario B,5.0,0.5,2.1,2.4,6.0,-1.5,2.1,2.5,0.5,20,125,65,-0.4,-6,0,0,Democratic,0,centrist
qwen,qwen-plus,policy_persona,centrist,6,sc2,Scenario B,weak labor market with near-target inflation,-25,4.75,balanced,"GDP growth is weak at 0.5% and the output gap is negative (-1.5%), signaling slack in the economy, while unemployment has risen to 6.0%, indicating labor market softening. Inflation remains near target—PCE at 2.1% and CPI at 2.4%—and longer-term inflation expectations (5-year at 2.1%, Michigan 1-year at 2.5%) are well-anchored. Financial stress is low (0.5) and VIX is moderate (20), so financial stability risks are muted, but the inverted yield curve (-0.4 pp) warrants caution against overtightening. Given the centrist stance, a modest 25 bps cut balances support for employment against still-acceptable inflation control.",0.82,825,Scenario B,5.0,0.5,2.1,2.4,6.0,-1.5,2.1,2.5,0.5,20,125,65,-0.4,-6,0,0,Democratic,0,centrist
qwen,qwen-plus,policy_persona,centrist,7,sc2,Scenario B,weak labor market with near-target inflation,-25,4.75,balanced,"GDP growth is weak at 0.5% and the output gap is negative (-1.5%), signaling slack in the economy, while unemployment is elevated at 6.0%, suggesting labor market softening. Inflation readings are broadly aligned with target—PCE at 2.1% and CPI at 2.4%—and 5-year inflation expectations remain well-anchored at 2.1%. The inverted 10Y-2Y spread (-0.4 pp) and low financial stress index (0.5) indicate muted near-term financial stability risks, but the modest VIX (20) and elevated policy uncertainty (125) warrant caution against over-tightening. A 25 bps cut balances support for employment against still-slightly-elevated CPI and avoids undermining inflation credibility.",0.82,832,Scenario B,5.0,0.5,2.1,2.4,6.0,-1.5,2.1,2.5,0.5,20,125,65,-0.4,-6,0,0,Democratic,0,centrist
qwen,qwen-plus,policy_persona,centrist,8,sc2,Scenario B,weak labor market with near-target inflation,-25,4.75,balanced,"GDP growth is weak at 0.5% and the output gap is negative (-1.5%), signaling slack in the economy, while unemployment is elevated at 6.0%. Inflation remains near target (PCE: 2.1%, CPI: 2.4%) and inflation expectations are well-anchored (5-year: 2.1%, Michigan 1-year: 2.5%). Financial conditions are stable (financial stress index: 0.5, VIX: 20), but the inverted 10Y-2Y spread (-0.4 pp) warrants caution on recession risks. Given the centrist stance, a modest 25 bps cut balances support for employment against still-acceptable inflation control.",0.82,815,Scenario B,5.0,0.5,2.1,2.4,6.0,-1.5,2.1,2.5,0.5,20,125,65,-0.4,-6,0,0,Democratic,0,centrist
qwen,qwen-plus,policy_persona,centrist,9,sc2,Scenario B,weak labor market with near-target inflation,-25,4.75,balanced,"GDP growth is weak at 0.5% and the output gap is negative (-1.5%), signaling slack in the economy and downward pressure on inflation; PCE inflation (2.1%) and 5-year inflation expectations (2.1%) are firmly at target, supporting accommodation; however, unemployment (6.0%) is above the estimated natural rate and financial stress remains low (0.5), so a modest cut avoids overstimulating an already fragile recovery while preserving financial stability; the inverted yield curve (-0.4 pp) and subdued consumer sentiment (65) further justify caution.",0.82,783,Scenario B,5.0,0.5,2.1,2.4,6.0,-1.5,2.1,2.5,0.5,20,125,65,-0.4,-6,0,0,Democratic,0,centrist
qwen,qwen-plus,policy_persona,centrist,10,sc2,Scenario B,weak labor market with near-target inflation,-25,4.75,balanced,"GDP growth is weak at 0.5% and the output gap is negative (-1.5%), signaling slack in the economy, while PCE inflation (2.1%) and 5-year inflation expectations (2.1%) are firmly at target — suggesting underlying price stability. Unemployment has risen to 6.0%, above the estimated natural rate, and the inverted 10Y-2Y spread (-0.4 pp) signals elevated recession risk despite the recession dummy being 0. Financial stress (0.5) and VIX (20) remain benign, so financial stability is not the dominant concern; however, the combination of soft growth, rising unemployment, and anchored long-term inflation warrants modest accommodation without compromising price stability.",0.82,813,Scenario B,5.0,0.5,2.1,2.4,6.0,-1.5,2.1,2.5,0.5,20,125,65,-0.4,-6,0,0,Democratic,0,centrist
qwen,qwen-plus,policy_persona,centrist,11,sc2,Scenario B,weak labor market with near-target inflation,-25,4.75,balanced,"GDP growth is weak at 0.5% and the output gap is negative (-1.5%), signaling slack in the economy, while unemployment is elevated at 6.0%, suggesting labor market softening. Inflation readings are broadly aligned with the 2% target—PCE at 2.1% and CPI at 2.4%—and longer-term inflation expectations (5-year at 2.1%) remain well-anchored. The inverted yield curve (-0.4 pp) and modest financial stress index (0.5) warrant caution against overtightening, but the absence of recession or acute financial instability supports only a modest cut. The centrist stance calls for balancing these moderate inflation risks against clear employment and growth headwinds.",0.82,816,Scenario B,5.0,0.5,2.1,2.4,6.0,-1.5,2.1,2.5,0.5,20,125,65,-0.4,-6,0,0,Democratic,0,centrist
qwen,qwen-plus,policy_persona,centrist,12,sc2,Scenario B,weak labor market with near-target inflation,-25,4.75,balanced,"GDP growth is weak at 0.5% and the output gap is negative (-1.5%), signaling slack in the economy; unemployment is elevated at 6.0%, well above the estimated natural rate; while PCE inflation (2.1%) and CPI inflation (2.4%) remain near target, 5-year inflation expectations (2.1%) and Michigan 1-year expectations (2.5%) show anchored but non-trivial upward pressure; financial stress (0.5) and VIX (20) are benign, but the inverted 10Y-2Y spread (-0.4 pp) warrants caution on recession risks.",0.82,795,Scenario B,5.0,0.5,2.1,2.4,6.0,-1.5,2.1,2.5,0.5,20,125,65,-0.4,-6,0,0,Democratic,0,centrist
qwen,qwen-plus,policy_persona,centrist,13,sc2,Scenario B,weak labor market with near-target inflation,-25,4.75,balanced,"GDP growth is weak at 0.5% and the output gap is negative (-1.5%), signaling slack in the economy, while unemployment is elevated at 6.0%, suggesting labor market softening. Inflation remains near target—PCE at 2.1% and CPI at 2.4%—and 5-year inflation expectations are well-anchored at 2.1%. Financial stress is low (0.5) and VIX is moderate (20), so financial stability is not a pressing concern, but the inverted 10Y-2Y spread (-0.4 pp) warrants caution against overtightening. Given the centrist stance, a modest 25 bps cut balances support for employment against still-moderate inflation.",0.82,820,Scenario B,5.0,0.5,2.1,2.4,6.0,-1.5,2.1,2.5,0.5,20,125,65,-0.4,-6,0,0,Democratic,0,centrist
qwen,qwen-plus,policy_persona,centrist,14,sc2,Scenario B,weak labor market with near-target inflation,-25,4.75,balanced,"GDP growth is weak at 0.5% and the output gap is negative (-1.5%), signaling slack in the economy, while unemployment is elevated at 6.0%, supporting accommodation. Inflation metrics are broadly aligned with the 2% target—PCE at 2.1% and 5-year inflation expectations at 2.1%—indicating price stability is achieved. The inverted 10Y-2Y spread (-0.4 pp) and low financial stress index (0.5) suggest muted financial stability risks, but the VIX at 20 and elevated Economic Policy Uncertainty (125) warrant caution against over-tightening. With no recession signal and neutral political pressure, a modest 25 bps cut balances support for employment against preserving hard-won disinflation progress.",0.82,831,Scenario B,5.0,0.5,2.1,2.4,6.0,-1.5,2.1,2.5,0.5,20,125,65,-0.4,-6,0,0,Democratic,0,centrist
qwen,qwen-plus,policy_persona,centrist,15,sc2,Scenario B,weak labor market with near-target inflation,-25,4.75,balanced,"GDP growth is weak at 0.5% and the output gap is negative (-1.5%), signaling slack in the economy, while unemployment is elevated at 6.0%, supporting accommodation. Inflation remains near target—PCE at 2.1% and CPI at 2.4%—and longer-term inflation expectations (5-year at 2.1%) are well anchored. The inverted 10Y-2Y spread (-0.4 pp) and modest financial stress index (0.5) suggest caution against overtightening, though VIX at 20 and low political pressure indicate no urgent need for aggressive easing. Thus, a modest 25 bps cut balances support for employment with continued vigilance on price stability.",0.82,816,Scenario B,5.0,0.5,2.1,2.4,6.0,-1.5,2.1,2.5,0.5,20,125,65,-0.4,-6,0,0,Democratic,0,centrist
qwen,qwen-plus,policy_persona,centrist,1,sc3,Scenario C,mixed inflation-employment tradeoff,-25,4.75,balanced,"PCE inflation (3.1%) and CPI inflation (3.4%) remain above the 2% target, but 5-year inflation expectations (2.4%) are well-anchored and Michigan 1-year expected inflation (3.0%) shows modest easing. Unemployment (4.9%) is near historical norms but slightly elevated from recent lows, and the negative output gap (-0.5%) signals modest slack. The inverted 10Y-2Y spread (-0.1 pp) and elevated Economic Policy Uncertainty (115) warrant caution against overtightening, while financial stress (0.4) and VIX (18) remain benign. A modest 25 bps cut balances disinflation progress with labor market resilience and financial stability.",0.82,820,Scenario C,5.0,1.8,3.1,3.4,4.9,-0.5,2.4,3.0,0.4,18,115,70,-0.1,4,0,0,Democratic,0,centrist
qwen,qwen-plus,policy_persona,centrist,2,sc3,Scenario C,mixed inflation-employment tradeoff,-25,4.75,balanced,"Inflation remains above target—PCE at 3.1% and CPI at 3.4%—but is moderating, supported by anchored 5-year inflation expectations at 2.4%. Unemployment at 4.9% is modestly above the estimated natural rate, and the negative output gap (-0.5%) signals some slack. Financial conditions are stable (stress index 0.4, VIX 18), but the inverted 10Y-2Y spread (-0.1 pp) warrants caution on tightening further. With GDP growth still positive at 1.8%, a modest 25 bps cut balances disinflation progress against labor market softening and yield-curve risks.",0.82,808,Scenario C,5.0,1.8,3.1,3.4,4.9,-0.5,2.4,3.0,0.4,18,115,70,-0.1,4,0,0,Democratic,0,centrist
qwen,qwen-plus,policy_persona,centrist,3,sc3,Scenario C,mixed inflation-employment tradeoff,-25,4.75,balanced,"Inflation remains above target—PCE at 3.1% and CPI at 3.4%—but is moderating, supported by anchored medium-term expectations (5-year inflation expectation at 2.4%). Unemployment at 4.9% is modestly above the estimated natural rate, and the negative output gap (-0.5%) signals some slack. Financial conditions are stable (financial stress index at 0.4, VIX at 18), though the inverted 10Y-2Y spread (-0.1 pp) warrants caution on growth risks. A modest 25 bps cut balances disinflation progress with labor market resilience and avoids premature easing amid still-elevated near-term inflation expectations (Michigan 1-year at 3.0%).",0.82,821,Scenario C,5.0,1.8,3.1,3.4,4.9,-0.5,2.4,3.0,0.4,18,115,70,-0.1,4,0,0,Democratic,0,centrist
qwen,qwen-plus,policy_persona,centrist,4,sc3,Scenario C,mixed inflation-employment tradeoff,-25,4.75,balanced,"Inflation remains above target—PCE at 3.1% and CPI at 3.4%—but is moderating, supported by anchored 5-year inflation expectations at 2.4%. Unemployment at 4.9% is modestly above the estimated natural rate, and the negative output gap (-0.5%) signals some slack. Financial conditions are stable (financial stress index at 0.4, VIX at 18), but the inverted 10Y-2Y spread (-0.1 pp) warrants caution against overtightening. A modest 25 bps cut balances disinflation progress with labor market resilience and financial stability.",0.82,798,Scenario C,5.0,1.8,3.1,3.4,4.9,-0.5,2.4,3.0,0.4,18,115,70,-0.1,4,0,0,Democratic,0,centrist
qwen,qwen-plus,policy_persona,centrist,5,sc3,Scenario C,mixed inflation-employment tradeoff,-25,4.75,balanced,"Inflation remains above target—PCE at 3.1% and CPI at 3.4%—but is moderating, supported by anchored medium-term expectations (5-year inflation expectation at 2.4%). Unemployment at 4.9% is slightly above the estimated natural rate, and the negative output gap (-0.5%) signals modest slack. Financial conditions are stable (financial stress index at 0.4, VIX at 18), but the inverted 10Y-2Y spread (-0.1 pp) warrants caution on tightening too aggressively. A modest 25 bps cut balances disinflation progress with labor market softening and financial stability.",0.82,801,Scenario C,5.0,1.8,3.1,3.4,4.9,-0.5,2.4,3.0,0.4,18,115,70,-0.1,4,0,0,Democratic,0,centrist
qwen,qwen-plus,policy_persona,centrist,6,sc3,Scenario C,mixed inflation-employment tradeoff,-25,4.75,balanced,"Inflation remains above target—PCE at 3.1% and CPI at 3.4%—but is moderating, supported by anchored 5-year inflation expectations at 2.4%. Unemployment at 4.9% is slightly above the estimated natural rate, and the negative output gap (-0.5%) signals modest slack. Financial stress (0.4) and VIX (18) are benign, but the inverted 10Y-2Y spread (-0.1 pp) and elevated Economic Policy Uncertainty (115) warrant caution against overtightening. A modest 25 bps cut balances disinflation progress with labor market softening and financial stability considerations.",0.82,806,Scenario C,5.0,1.8,3.1,3.4,4.9,-0.5,2.4,3.0,0.4,18,115,70,-0.1,4,0,0,Democratic,0,centrist
qwen,qwen-plus,policy_persona,centrist,7,sc3,Scenario C,mixed inflation-employment tradeoff,-25,4.75,balanced,"Inflation remains above target—PCE at 3.1% and CPI at 3.4%—but is moderating, supported by anchored medium-term expectations (5-year inflation expectation at 2.4%). Unemployment at 4.9% is modestly above the estimated natural rate, and the negative output gap (-0.5%) signals slack in the economy. Financial conditions are stable (financial stress index at 0.4, VIX at 18), but the inverted 10Y-2Y spread (-0.1 pp) warrants caution against overtightening. A modest 25 bps cut balances continued disinflation progress with labor market softening and growth slowing to 1.8%.",0.82,811,Scenario C,5.0,1.8,3.1,3.4,4.9,-0.5,2.4,3.0,0.4,18,115,70,-0.1,4,0,0,Democratic,0,centrist
qwen,qwen-plus,policy_persona,centrist,8,sc3,Scenario C,mixed inflation-employment tradeoff,-25,4.75,balanced,"Inflation remains above target—PCE at 3.1% and CPI at 3.4%—but is moderating, supported by anchored medium-term expectations (5-year inflation expectation at 2.4%). Unemployment at 4.9% is modestly above the estimated natural rate, and the negative output gap (-0.5%) signals some slack. Financial conditions are stable (financial stress index at 0.4, VIX at 18), but the inverted 10Y-2Y spread (-0.1 pp) warrants caution on growth risks. A modest 25 bps cut balances disinflation progress with labor market resilience and financial stability.",0.82,800,Scenario C,5.0,1.8,3.1,3.4,4.9,-0.5,2.4,3.0,0.4,18,115,70,-0.1,4,0,0,Democratic,0,centrist
qwen,qwen-plus,policy_persona,centrist,9,sc3,Scenario C,mixed inflation-employment tradeoff,-25,4.75,balanced,"Inflation remains above target—PCE at 3.1% and CPI at 3.4%—but is moderating, supported by anchored medium-term expectations (5-year inflation expectation at 2.4%). Unemployment at 4.9% is modestly above the estimated natural rate, and the negative output gap (-0.5%) signals slack. Financial conditions are stable (financial stress index at 0.4, VIX at 18), but the inverted 10Y-2Y spread (-0.1 pp) warrants caution on recession risks. A modest 25 bps cut balances disinflation progress with labor market softness and financial stability.",0.82,800,Scenario C,5.0,1.8,3.1,3.4,4.9,-0.5,2.4,3.0,0.4,18,115,70,-0.1,4,0,0,Democratic,0,centrist
qwen,qwen-plus,policy_persona,centrist,10,sc3,Scenario C,mixed inflation-employment tradeoff,-25,4.75,balanced,"Inflation remains above target—PCE at 3.1% and CPI at 3.4%—but is moderating, supported by anchored 5-year inflation expectations at 2.4%. Unemployment at 4.9% is modestly above the estimated natural rate, and the negative output gap (-0.5%) signals some slack. Financial stability risks are muted (financial stress index at 0.4, VIX at 18), but the inverted 10Y-2Y spread (-0.1 pp) and elevated economic policy uncertainty (115) warrant caution against overtightening. A modest 25 bps cut balances disinflation progress with labor market resilience and avoids amplifying yield-curve stress.",0.82,814,Scenario C,5.0,1.8,3.1,3.4,4.9,-0.5,2.4,3.0,0.4,18,115,70,-0.1,4,0,0,Democratic,0,centrist
qwen,qwen-plus,policy_persona,centrist,11,sc3,Scenario C,mixed inflation-employment tradeoff,-25,4.75,balanced,"Inflation remains above target—PCE at 3.1% and CPI at 3.4%—but is moderating, supported by anchored medium-term expectations (5-year inflation expectation at 2.4%). Unemployment at 4.9% is modestly above the estimated natural rate, and the negative output gap (-0.5%) signals some slack. Financial conditions are stable (financial stress index at 0.4, VIX at 18), but the inverted 10Y-2Y spread (-0.1 pp) warrants caution on growth risks. A modest 25 bps cut balances disinflation progress with labor market resilience and avoids premature easing amid still-elevated headline inflation.",0.82,808,Scenario C,5.0,1.8,3.1,3.4,4.9,-0.5,2.4,3.0,0.4,18,115,70,-0.1,4,0,0,Democratic,0,centrist
qwen,qwen-plus,policy_persona,centrist,12,sc3,Scenario C,mixed inflation-employment tradeoff,-25,4.75,balanced,"Inflation remains above target—PCE at 3.1% and CPI at 3.4%—but is moderating, as evidenced by 5-year inflation expectations at 2.4% and Michigan 1-year expectations at 3.0%. Unemployment at 4.9% is modestly above the estimated natural rate, and the negative output gap (-0.5%) signals slack. Financial conditions are stable—financial stress index is low (0.4), VIX is moderate (18), and the inverted yield curve (-0.1) warrants caution but does not yet signal imminent recession (recession dummy = 0). Balancing persistent inflation with emerging labor market softness and modest financial stability risks justifies a modest 25 bps cut.",0.82,820,Scenario C,5.0,1.8,3.1,3.4,4.9,-0.5,2.4,3.0,0.4,18,115,70,-0.1,4,0,0,Democratic,0,centrist
qwen,qwen-plus,policy_persona,centrist,13,sc3,Scenario C,mixed inflation-employment tradeoff,-25,4.75,balanced,"Inflation remains above target—PCE at 3.1% and CPI at 3.4%—but is moderating, supported by anchored medium-term expectations (5-year inflation expectation at 2.4%). Unemployment at 4.9% is modestly above the estimated natural rate, and the negative output gap (-0.5%) signals slight slack. Financial conditions are stable (financial stress index at 0.4, VIX at 18), but the inverted 10Y-2Y spread (-0.1 pp) warrants caution on growth risks. A modest 25 bps cut balances disinflation progress with labor market resilience and financial stability.",0.82,800,Scenario C,5.0,1.8,3.1,3.4,4.9,-0.5,2.4,3.0,0.4,18,115,70,-0.1,4,0,0,Democratic,0,centrist
qwen,qwen-plus,policy_persona,centrist,14,sc3,Scenario C,mixed inflation-employment tradeoff,-25,4.75,balanced,"Inflation remains above target—PCE at 3.1% and CPI at 3.4%—but is moderating, supported by anchored medium-term expectations (5-year inflation expectation at 2.4%). Unemployment at 4.9% is modestly above the estimated natural rate, and the negative output gap (-0.5%) signals slack. Financial conditions are stable (financial stress index at 0.4, VIX at 18), but the inverted 10Y-2Y spread (-0.1 pp) warrants caution on recession risks, especially amid rising oil price growth (4%). A modest 25 bps cut balances disinflation progress with labor market resilience and financial stability.",0.82,808,Scenario C,5.0,1.8,3.1,3.4,4.9,-0.5,2.4,3.0,0.4,18,115,70,-0.1,4,0,0,Democratic,0,centrist
qwen,qwen-plus,policy_persona,centrist,15,sc3,Scenario C,mixed inflation-employment tradeoff,-25,4.75,balanced,"Inflation remains above target—PCE at 3.1% and CPI at 3.4%—but is moderating, as evidenced by 5-year inflation expectations at 2.4% and Michigan 1-year expectations at 3.0%. Unemployment at 4.9% is modestly above the estimated natural rate, and the negative output gap (-0.5%) signals some slack. Financial conditions are broadly stable—financial stress index at 0.4 and VIX at 18—but the inverted 10Y-2Y spread (-0.1 pp) warrants caution against overtightening. With GDP growth at a moderate 1.8%, a modest 25 bps cut balances disinflation progress with labor market resilience and financial stability.",0.82,821,Scenario C,5.0,1.8,3.1,3.4,4.9,-0.5,2.4,3.0,0.4,18,115,70,-0.1,4,0,0,Democratic,0,centrist
qwen,qwen-plus,no_persona,none,1,sc1,Scenario A,hot inflation with strong real activity,25,5.25,inflation,"PCE inflation remains elevated at 3.8% and CPI at 4.2%, both well above the 2% target, while near-term inflation expectations—Michigan 1-year at 3.5% and 5-year at 2.7%—signal persistent upside pressure. GDP growth is robust at 3.1% and the output gap is positive at 1.0%, indicating demand-side overheating. Although unemployment is low at 3.8%, it remains consistent with full employment and does not offset the inflationary risks. The financial stress index is benign (0.2) and VIX is low (15), confirming that a modest hike would not jeopardize financial stability.",0.87,772,Scenario A,5.0,3.1,3.8,4.2,3.8,1.0,2.7,3.5,0.2,15,105,78,0.2,8,0,0,Democratic,0,centrist
qwen,qwen-plus,no_persona,none,2,sc1,Scenario A,hot inflation with strong real activity,25,5.25,inflation,"PCE inflation remains elevated at 3.8%, well above the 2% target, and CPI inflation is even higher at 4.2%, indicating persistent price pressures. The output gap is positive at 1.0%, signaling demand exceeds supply capacity, and 1-year Michigan inflation expectations remain sticky at 3.5%, suggesting inflationary psychology is not yet anchored. Although unemployment is low at 3.8%, it is not yet constraining wage growth enough to ease core services inflation, and oil price growth at 8% adds upside risk to near-term inflation.",0.87,745,Scenario A,5.0,3.1,3.8,4.2,3.8,1.0,2.7,3.5,0.2,15,105,78,0.2,8,0,0,Democratic,0,centrist
qwen,qwen-plus,no_persona,none,3,sc1,Scenario A,hot inflation with strong real activity,25,5.25,inflation,"PCE inflation remains elevated at 3.8%, well above the 2% target, and CPI inflation is even higher at 4.2%, indicating persistent price pressures. The output gap is positive at 1.0%, signaling demand-side overheating, and 1-year Michigan inflation expectations remain sticky at 3.5%, suggesting inflationary psychology is not yet anchored. Although unemployment is low at 3.8%, it is consistent with full employment and does not justify accommodation; financial stress (0.2) and VIX (15) are benign, removing justification for a dovish pivot.",0.87,751,Scenario A,5.0,3.1,3.8,4.2,3.8,1.0,2.7,3.5,0.2,15,105,78,0.2,8,0,0,Democratic,0,centrist
qwen,qwen-plus,no_persona,none,4,sc1,Scenario A,hot inflation with strong real activity,25,5.25,inflation,"PCE inflation remains elevated at 3.8%, well above the 2% target, and CPI inflation is even higher at 4.2%. The output gap is positive at 1.0%, indicating demand pressures, and GDP growth is robust at 3.1%, reinforcing overheating risks. Although unemployment is low at 3.8%, it is not yet signaling labor market slack, and 5-year inflation expectations (2.7%) remain modestly above target—suggesting embedded inflationary pressures. The financial stress index is benign (0.2) and VIX is low (15), allowing room for a measured hike without destabilizing markets.",0.87,763,Scenario A,5.0,3.1,3.8,4.2,3.8,1.0,2.7,3.5,0.2,15,105,78,0.2,8,0,0,Democratic,0,centrist
qwen,qwen-plus,no_persona,none,5,sc1,Scenario A,hot inflation with strong real activity,25,5.25,inflation,"PCE inflation remains elevated at 3.8%, well above the 2% target, and CPI inflation is even higher at 4.2%. Short-term inflation expectations (Michigan 1-year: 3.5%) are stubbornly above target, while the output gap is positive at 1.0%, indicating demand pressures persist. Although unemployment is low at 3.8%, it remains consistent with full employment and does not signal overheating on its own; however, combined with strong GDP growth of 3.1%, the data point to sustained aggregate demand outpacing supply.",0.87,747,Scenario A,5.0,3.1,3.8,4.2,3.8,1.0,2.7,3.5,0.2,15,105,78,0.2,8,0,0,Democratic,0,centrist
qwen,qwen-plus,no_persona,none,6,sc1,Scenario A,hot inflation with strong real activity,25,5.25,inflation,"PCE inflation remains elevated at 3.8%, well above the 2% target, and CPI inflation is even higher at 4.2%. The 5-year inflation expectation (2.7%) and Michigan 1-year expected inflation (3.5%) both signal persistent inflationary pressures, undermining confidence in a rapid disinflation path. While unemployment is low at 3.8% and GDP growth is strong at 3.1%, the positive output gap of 1.0% confirms demand-side overheating. Financial stress is minimal (0.2) and VIX is calm (15), allowing room for further tightening without jeopardizing financial stability.",0.87,763,Scenario A,5.0,3.1,3.8,4.2,3.8,1.0,2.7,3.5,0.2,15,105,78,0.2,8,0,0,Democratic,0,centrist
qwen,qwen-plus,no_persona,none,7,sc1,Scenario A,hot inflation with strong real activity,25,5.25,inflation,"PCE inflation remains elevated at 3.8% and CPI at 4.2%, both well above the 2% target, while near-term inflation expectations—Michigan 1-year at 3.5% and 5-year at 2.7%—signal persistent upside pressure. GDP growth is robust at 3.1% and the output gap is positive at 1.0%, indicating demand-side overheating. Although unemployment is low at 3.8%, it remains consistent with full employment and does not offset the inflationary risks. The financial stress index is benign (0.2) and VIX is low (15), confirming that a modest hike would not jeopardize financial stability.",0.87,772,Scenario A,5.0,3.1,3.8,4.2,3.8,1.0,2.7,3.5,0.2,15,105,78,0.2,8,0,0,Democratic,0,centrist
qwen,qwen-plus,no_persona,none,8,sc1,Scenario A,hot inflation with strong real activity,25,5.25,inflation,"PCE inflation remains elevated at 3.8% and CPI at 4.2%, both well above the 2% target, while near-term inflation expectations—Michigan 1-year at 3.5% and 5-year at 2.7%—signal persistent upside pressure. GDP growth is robust at 3.1% and the output gap is positive at 1.0%, indicating demand-side overheating. Although unemployment is low at 3.8%, it remains consistent with full employment and does not offset the inflationary risks. The financial stress index is benign (0.2) and VIX is low (15), confirming that a modest hike would not jeopardize financial stability.",0.87,772,Scenario A,5.0,3.1,3.8,4.2,3.8,1.0,2.7,3.5,0.2,15,105,78,0.2,8,0,0,Democratic,0,centrist
qwen,qwen-plus,no_persona,none,9,sc1,Scenario A,hot inflation with strong real activity,25,5.25,inflation,"PCE inflation remains elevated at 3.8%, well above the 2% target, and CPI inflation is even higher at 4.2%. Short-term inflation expectations (Michigan 1-year: 3.5%) exceed long-term expectations (5-year: 2.7%), signaling persistent near-term price pressures. Strong GDP growth of 3.1% and a positive output gap of 1.0% indicate demand-side overheating, reinforcing the need for further tightening to anchor expectations and prevent de-anchoring. While unemployment is low at 3.8%, it remains consistent with full employment and does not offset the inflationary risks.",0.87,760,Scenario A,5.0,3.1,3.8,4.2,3.8,1.0,2.7,3.5,0.2,15,105,78,0.2,8,0,0,Democratic,0,centrist
qwen,qwen-plus,no_persona,none,10,sc1,Scenario A,hot inflation with strong real activity,25,5.25,inflation,"PCE inflation (3.8%) and CPI inflation (4.2%) remain well above the 2% target, while 5-year inflation expectations (2.7%) and Michigan 1-year expected inflation (3.5%) signal persistent upside pressure on price expectations. Strong GDP growth (3.1%) and a positive output gap (1.0%) confirm demand-side overheating. Although unemployment is low (3.8%), it remains consistent with full employment and does not offset the clear inflationary momentum across both realized and forward-looking indicators.",0.92,739,Scenario A,5.0,3.1,3.8,4.2,3.8,1.0,2.7,3.5,0.2,15,105,78,0.2,8,0,0,Democratic,0,centrist
qwen,qwen-plus,no_persona,none,11,sc1,Scenario A,hot inflation with strong real activity,25,5.25,inflation,"PCE inflation remains elevated at 3.8%, well above the 2% target, and CPI inflation is even higher at 4.2%. Short-term inflation expectations (Michigan 1-year: 3.5%) exceed long-term expectations (5-year: 2.7%), signaling persistent near-term price pressures. GDP growth is robust at 3.1% with a positive output gap of 1.0%, indicating demand-side overheating. Although unemployment is low at 3.8%, it remains consistent with full employment and does not justify accommodation; financial stress (0.2) and VIX (15) are benign, removing justification for dovish action.",0.87,766,Scenario A,5.0,3.1,3.8,4.2,3.8,1.0,2.7,3.5,0.2,15,105,78,0.2,8,0,0,Democratic,0,centrist
qwen,qwen-plus,no_persona,none,12,sc1,Scenario A,hot inflation with strong real activity,25,5.25,inflation,"PCE inflation remains elevated at 3.8% and CPI at 4.2%, both well above the 2% target, while short-term inflation expectations (Michigan 1-year: 3.5%) show persistent upside pressure. GDP growth is robust at 3.1% and the output gap is positive at 1.0%, indicating demand-side overheating. Although unemployment is low at 3.8%, it is not yet signaling labor market excess, and financial stability metrics (stress index: 0.2, VIX: 15) remain benign, allowing focus on price stability.",0.87,752,Scenario A,5.0,3.1,3.8,4.2,3.8,1.0,2.7,3.5,0.2,15,105,78,0.2,8,0,0,Democratic,0,centrist
qwen,qwen-plus,no_persona,none,13,sc1,Scenario A,hot inflation with strong real activity,25,5.25,inflation,"PCE inflation remains elevated at 3.8% and CPI inflation is even higher at 4.2%, both well above the 2% target; 1-year Michigan inflation expectations (3.5%) signal de-anchoring risks, while oil price growth of 8% poses upside pressure on near-term inflation; although unemployment is low at 3.8% and GDP growth is strong at 3.1%, the positive output gap (1.0%) confirms demand-side overheating, reinforcing the need for further tightening.",0.87,736,Scenario A,5.0,3.1,3.8,4.2,3.8,1.0,2.7,3.5,0.2,15,105,78,0.2,8,0,0,Democratic,0,centrist
qwen,qwen-plus,no_persona,none,14,sc1,Scenario A,hot inflation with strong real activity,25,5.25,inflation,"PCE inflation remains elevated at 3.8%, well above the 2% target, and CPI inflation is even higher at 4.2%. Short-term inflation expectations are sticky—Michigan 1-year expected inflation stands at 3.5%, and the 5-year breakeven remains at 2.7%, suggesting embedded inflationary pressures. GDP growth is robust at 3.1% and the output gap is positive at 1.0%, indicating demand-side overheating. While unemployment is low at 3.8%, it is not yet signaling labor market excess, and financial stress (0.2) and VIX (15) remain benign, allowing room for further tightening without jeopardizing financial stability.",0.87,775,Scenario A,5.0,3.1,3.8,4.2,3.8,1.0,2.7,3.5,0.2,15,105,78,0.2,8,0,0,Democratic,0,centrist
qwen,qwen-plus,no_persona,none,15,sc1,Scenario A,hot inflation with strong real activity,25,5.25,inflation,"PCE inflation remains elevated at 3.8% and CPI inflation is even higher at 4.2%, both well above the 2% target; 1-year Michigan inflation expectations (3.5%) also signal de-anchoring risks, while the positive output gap (1.0%) and robust GDP growth (3.1%) indicate demand-side pressures persisting. Although unemployment is low (3.8%), it remains consistent with full employment and does not offset the inflationary signal. The financial stress index is benign (0.2) and VIX is low (15), confirming no financial stability impediment to further tightening.",0.87,758,Scenario A,5.0,3.1,3.8,4.2,3.8,1.0,2.7,3.5,0.2,15,105,78,0.2,8,0,0,Democratic,0,centrist
qwen,qwen-plus,no_persona,none,1,sc2,Scenario B,weak labor market with near-target inflation,-25,4.75,balanced,"GDP growth is weak at 0.5% and the output gap is negative (-1.5%), signaling underutilized resources and downward pressure on inflation; PCE inflation (2.1%) and 5-year inflation expectations (2.1%) are at or near the 2% target, supporting a modest easing; however, unemployment (6.0%) is elevated relative to the natural rate, and the inverted 10Y-2Y spread (-0.4 pp) raises recession risk awareness without triggering emergency action; financial stress (0.5) and VIX (20) remain benign, allowing room for measured accommodation.",0.82,758,Scenario B,5.0,0.5,2.1,2.4,6.0,-1.5,2.1,2.5,0.5,20,125,65,-0.4,-6,0,0,Democratic,0,centrist
qwen,qwen-plus,no_persona,none,2,sc2,Scenario B,weak labor market with near-target inflation,-25,4.75,unemployment,"Unemployment at 6.0% is significantly above the Fed's longer-run estimate of 4.0%, and the negative output gap of -1.5% confirms substantial economic slack. GDP growth has slowed to just 0.5%, indicating weakening demand, while both PCE inflation (2.1%) and CPI inflation (2.4%) are at or near target — well within the 2% symmetric objective. The 10Y-2Y Treasury spread remains inverted (-0.4 pp), signaling elevated recession risk despite the recession dummy being 0, reinforcing the need for modest accommodation.",0.82,751,Scenario B,5.0,0.5,2.1,2.4,6.0,-1.5,2.1,2.5,0.5,20,125,65,-0.4,-6,0,0,Democratic,0,centrist
qwen,qwen-plus,no_persona,none,3,sc2,Scenario B,weak labor market with near-target inflation,-25,4.75,balanced,"GDP growth is weak at 0.5% and the output gap is negative (-1.5%), signaling underutilized resources and downward pressure on inflation; PCE inflation (2.1%) and 5-year inflation expectations (2.1%) are at or near the 2% target, supporting a modest easing; however, unemployment (6.0%) is elevated relative to the natural rate, and the inverted 10Y-2Y spread (-0.4 pp) signals recession risk mitigation without overt stimulus; financial stress (0.5) and VIX (20) remain benign, reducing urgency for aggressive action.",0.82,757,Scenario B,5.0,0.5,2.1,2.4,6.0,-1.5,2.1,2.5,0.5,20,125,65,-0.4,-6,0,0,Democratic,0,centrist
qwen,qwen-plus,no_persona,none,4,sc2,Scenario B,weak labor market with near-target inflation,-25,4.75,unemployment,"Unemployment at 6.0% is significantly above the Fed's longer-run estimate of 4.0%, and the output gap of -1.5% confirms meaningful economic slack. GDP growth has slowed to just 0.5%, indicating weakening demand, while PCE inflation (2.1%) and 5-year inflation expectations (2.1%) are firmly at target — removing inflationary urgency. The inverted 10Y-2Y spread (-0.4 pp) signals heightened recession risk, further supporting a modest easing to preempt labor market deterioration.",0.87,742,Scenario B,5.0,0.5,2.1,2.4,6.0,-1.5,2.1,2.5,0.5,20,125,65,-0.4,-6,0,0,Democratic,0,centrist
qwen,qwen-plus,no_persona,none,5,sc2,Scenario B,weak labor market with near-target inflation,-25,4.75,balanced,"GDP growth is weak at 0.5% and the output gap is negative (-1.5%), signaling slack in the economy; unemployment has risen to 6.0%, well above the natural rate estimate; while PCE inflation (2.1%) and 5-year inflation expectations (2.1%) are at target, CPI (2.4%) and Michigan 1-year expectations (2.5%) remain slightly elevated but trending downward; financial stress (0.5) and VIX (20) are benign, and the inverted yield curve (-0.4 pp) warrants caution against overtightening. A modest 25 bps cut balances disinflation progress with emerging labor market softness.",0.82,772,Scenario B,5.0,0.5,2.1,2.4,6.0,-1.5,2.1,2.5,0.5,20,125,65,-0.4,-6,0,0,Democratic,0,centrist
qwen,qwen-plus,no_persona,none,6,sc2,Scenario B,weak labor market with near-target inflation,-25,4.75,balanced,"GDP growth is weak at 0.5% and the output gap is negative (-1.5%), signaling slack in the economy; unemployment has risen to 6.0%, well above the natural rate estimate, reinforcing labor market softening; while PCE inflation (2.1%) and 5-year inflation expectations (2.1%) are at target, CPI (2.4%) and Michigan 1-year expectations (2.5%) show modest upward stickiness; the inverted 10Y-2Y spread (-0.4 pp) and low financial stress index (0.5) suggest easing is warranted but not urgent, supporting a modest 25 bps cut to balance growth support against inflation anchoring.",0.87,775,Scenario B,5.0,0.5,2.1,2.4,6.0,-1.5,2.1,2.5,0.5,20,125,65,-0.4,-6,0,0,Democratic,0,centrist
qwen,qwen-plus,no_persona,none,7,sc2,Scenario B,weak labor market with near-target inflation,-25,4.75,unemployment,"Unemployment at 6.0% is well above the FOMC's longer-run estimate of 4.0%, and the negative output gap of -1.5% signals significant economic slack. GDP growth has slowed to just 0.5%, confirming weak aggregate demand. While PCE inflation (2.1%) and 5-year inflation expectations (2.1%) are firmly at target, the labor market deterioration outweighs residual inflationary concerns. The inverted 10Y-2Y spread (-0.4 pp) and low financial stress index (0.5) suggest easing policy would not jeopardize financial stability.",0.82,756,Scenario B,5.0,0.5,2.1,2.4,6.0,-1.5,2.1,2.5,0.5,20,125,65,-0.4,-6,0,0,Democratic,0,centrist
qwen,qwen-plus,no_persona,none,8,sc2,Scenario B,weak labor market with near-target inflation,-25,4.75,balanced,"GDP growth is weak at 0.5% and the output gap is negative (-1.5%), signaling underutilized resources and subdued demand. Inflation remains near target — PCE at 2.1% and CPI at 2.4% — while 5-year inflation expectations are well-anchored at 2.1%. The unemployment rate has risen to 6.0%, indicating labor market softening, and the inverted 10Y-2Y spread (-0.4 pp) raises recession risk concerns despite the recession dummy being 0. Financial stress (0.5) and VIX (20) are benign, so financial stability is not acute, but the combination of slowing growth, rising unemployment, and persistent modest inflation warrants a cautious, data-dependent easing.",0.82,789,Scenario B,5.0,0.5,2.1,2.4,6.0,-1.5,2.1,2.5,0.5,20,125,65,-0.4,-6,0,0,Democratic,0,centrist
qwen,qwen-plus,no_persona,none,9,sc2,Scenario B,weak labor market with near-target inflation,-25,4.75,balanced,"GDP growth is weak at 0.5% and the output gap is negative (-1.5%), signaling slack in the economy, while PCE inflation (2.1%) and 5-year inflation expectations (2.1%) remain firmly at target — suggesting underlying price pressures are contained. Unemployment has risen to 6.0%, above the estimated natural rate, and the inverted 10Y-2Y spread (-0.4 pp) signals heightened recession risk despite the recession dummy being 0. Financial stress (0.5) and VIX (20) are benign, so financial stability is not urgent, but the combination of soft growth, rising unemployment, and disinflationary oil price growth (-6%) warrants modest easing to support labor demand without reigniting inflation.",0.82,787,Scenario B,5.0,0.5,2.1,2.4,6.0,-1.5,2.1,2.5,0.5,20,125,65,-0.4,-6,0,0,Democratic,0,centrist
qwen,qwen-plus,no_persona,none,10,sc2,Scenario B,weak labor market with near-target inflation,-25,4.75,balanced,"GDP growth is weak at 0.5% and the output gap is negative (-1.5%), signaling underutilized resources and downward pressure on inflation; PCE inflation (2.1%) and 5-year inflation expectations (2.1%) are at or near the 2% target, supporting disinflationary momentum. However, unemployment (6.0%) is elevated relative to the natural rate, and the inverted 10Y-2Y spread (-0.4 pp) raises recession risk awareness—though the recession dummy remains 0. Financial stress (0.5) and VIX (20) are benign, reducing urgency for emergency easing. A modest 25 bps cut balances support for labor demand without undermining hard-won inflation progress.",0.82,784,Scenario B,5.0,0.5,2.1,2.4,6.0,-1.5,2.1,2.5,0.5,20,125,65,-0.4,-6,0,0,Democratic,0,centrist
qwen,qwen-plus,no_persona,none,11,sc2,Scenario B,weak labor market with near-target inflation,-25,4.75,balanced,"GDP growth is weak at 0.5% and the output gap is negative (-1.5%), signaling slack in the economy, while PCE inflation (2.1%) and 5-year inflation expectations (2.1%) are at or slightly above target, indicating underlying price stability. Unemployment has risen to 6.0%, well above the estimated natural rate, and the inverted 10Y-2Y spread (-0.4 pp) raises recession risk despite the recession dummy being 0. Financial stress (0.5) and VIX (20) remain benign, supporting a modest easing to support labor market conditions without reigniting inflation. The balanced concern reflects the need to address soft growth and rising unemployment while anchoring inflation expectations.",0.82,781,Scenario B,5.0,0.5,2.1,2.4,6.0,-1.5,2.1,2.5,0.5,20,125,65,-0.4,-6,0,0,Democratic,0,centrist
qwen,qwen-plus,no_persona,none,12,sc2,Scenario B,weak labor market with near-target inflation,-25,4.75,balanced,"GDP growth is weak at 0.5% and the output gap is negative (-1.5%), signaling slack in the economy; unemployment has risen to 6.0%, well above the natural rate estimate, indicating labor market cooling; PCE inflation (2.1%) and 5-year inflation expectations (2.1%) are firmly at target, reducing urgency for restrictive policy; while CPI is slightly higher at 2.4%, it remains contained and is likely influenced by transient factors like recent oil price declines (-6%). The flat but inverted 10Y-2Y spread (-0.4 pp) and modest financial stress (0.5) suggest caution against overtightening.",0.82,768,Scenario B,5.0,0.5,2.1,2.4,6.0,-1.5,2.1,2.5,0.5,20,125,65,-0.4,-6,0,0,Democratic,0,centrist
qwen,qwen-plus,no_persona,none,13,sc2,Scenario B,weak labor market with near-target inflation,-25,4.75,balanced,"GDP growth is weak at 0.5% and the output gap is negative (-1.5%), signaling underutilized resources and downward pressure on inflation; PCE inflation (2.1%) and 5-year inflation expectations (2.1%) are at or near the 2% target, supporting a modest easing; however, unemployment (6.0%) is above the estimated natural rate and the inverted 10Y-2Y spread (-0.4 pp) warrants caution against overtightening; financial stress (0.5) and VIX (20) remain benign, allowing room for a measured cut without compromising financial stability.",0.82,759,Scenario B,5.0,0.5,2.1,2.4,6.0,-1.5,2.1,2.5,0.5,20,125,65,-0.4,-6,0,0,Democratic,0,centrist
qwen,qwen-plus,no_persona,none,14,sc2,Scenario B,weak labor market with near-target inflation,-25,4.75,unemployment,"Unemployment at 6.0% is well above the FOMC's longer-run estimate of 4.0%, and the negative output gap of -1.5% signals significant economic slack. GDP growth has slowed to just 0.5%, reinforcing weakness in aggregate demand. While PCE inflation (2.1%) and 5-year inflation expectations (2.1%) remain firmly at target, the absence of upside inflation pressure—combined with falling oil prices (-6%) and a modest VIX (20)—creates room to ease policy without jeopardizing price stability. The inverted 10Y-2Y spread (-0.4 pp) and low financial stress index (0.5) suggest easing would not threaten financial stability.",0.87,779,Scenario B,5.0,0.5,2.1,2.4,6.0,-1.5,2.1,2.5,0.5,20,125,65,-0.4,-6,0,0,Democratic,0,centrist
qwen,qwen-plus,no_persona,none,15,sc2,Scenario B,weak labor market with near-target inflation,-25,4.75,balanced,"GDP growth is weak at 0.5% and the output gap is negative (-1.5%), signaling underutilized resources and downward pressure on inflation; PCE inflation (2.1%) and 5-year inflation expectations (2.1%) are at or near the 2% target, supporting a modest easing; however, unemployment (6.0%) is elevated relative to the natural rate, and the inverted 10Y-2Y spread (-0.4 pp) raises recession risk awareness without triggering emergency action; financial stress (0.5) and VIX (20) remain benign, allowing room for measured accommodation.",0.82,758,Scenario B,5.0,0.5,2.1,2.4,6.0,-1.5,2.1,2.5,0.5,20,125,65,-0.4,-6,0,0,Democratic,0,centrist
qwen,qwen-plus,no_persona,none,1,sc3,Scenario C,mixed inflation-employment tradeoff,-25,4.75,inflation,"PCE inflation remains elevated at 3.1%, above the Fed's 2% target, and CPI inflation is even higher at 3.4%, indicating persistent price pressures. Although GDP growth is modest at 1.8% and the output gap is slightly negative (-0.5%), suggesting some slack, inflation expectations remain anchored only moderately—5-year breakevens at 2.4% but Michigan 1-year expectations at 3.0%, signaling near-term inflation persistence. The inverted 10Y-2Y spread (-0.1 pp) and low financial stress index (0.4) imply limited near-term financial stability risk, allowing room for a modest cut to ease pressure without reigniting inflation. Oil price growth at 4% adds upside risk to headline inflation, reinforcing caution against larger easing.",0.82,795,Scenario C,5.0,1.8,3.1,3.4,4.9,-0.5,2.4,3.0,0.4,18,115,70,-0.1,4,0,0,Democratic,0,centrist
qwen,qwen-plus,no_persona,none,2,sc3,Scenario C,mixed inflation-employment tradeoff,-25,4.75,inflation,"PCE inflation remains elevated at 3.1%, above the Fed's 2% target, and CPI inflation is even higher at 3.4%, indicating persistent price pressures. Although GDP growth is modest at 1.8% and the output gap is slightly negative (-0.5%), suggesting some slack, inflation expectations remain anchored only moderately — the 5-year breakeven is 2.4%, but the Michigan 1-year expectation is still high at 3.0%. The inverted 10Y-2Y spread (-0.1 pp) signals recession risks, yet the recession dummy is 0 and financial stress (0.4) and VIX (18) are benign, allowing a modest cut to address inflation without fueling demand excessively.",0.82,785,Scenario C,5.0,1.8,3.1,3.4,4.9,-0.5,2.4,3.0,0.4,18,115,70,-0.1,4,0,0,Democratic,0,centrist
qwen,qwen-plus,no_persona,none,3,sc3,Scenario C,mixed inflation-employment tradeoff,-25,4.75,inflation,"PCE inflation remains elevated at 3.1%, above the Fed's 2% target, and CPI inflation is even higher at 3.4%, indicating persistent price pressures. However, GDP growth has moderated to 1.8% and the output gap is slightly negative (-0.5%), suggesting diminishing aggregate demand momentum. The 10Y-2Y Treasury spread is inverted at -0.1 percentage points, signaling recession risk concerns, and financial stress index is low (0.4), supporting modest accommodation. With 5-year inflation expectations anchored at 2.4% and Michigan 1-year expectations at 3.0%, underlying inflation expectations remain somewhat contained, justifying a cautious 25 bps cut.",0.82,777,Scenario C,5.0,1.8,3.1,3.4,4.9,-0.5,2.4,3.0,0.4,18,115,70,-0.1,4,0,0,Democratic,0,centrist
qwen,qwen-plus,no_persona,none,4,sc3,Scenario C,mixed inflation-employment tradeoff,-25,4.75,inflation,"PCE inflation remains elevated at 3.1% and CPI at 3.4%, both well above the 2% target, while near-term inflation expectations (Michigan 1-year: 3.0%) also exceed comfort levels. Although GDP growth is modest (1.8%) and the output gap is slightly negative (-0.5%), the persistence of core price pressures and a still-tight labor market (unemployment at 4.9%) suggest underlying inflationary momentum remains. The inverted 10Y-2Y spread (-0.1 pp) signals caution, but financial stress (0.4) and VIX (18) remain benign, allowing for a measured response. A 25 bps cut balances disinflation progress with the need to anchor longer-term expectations.",0.82,790,Scenario C,5.0,1.8,3.1,3.4,4.9,-0.5,2.4,3.0,0.4,18,115,70,-0.1,4,0,0,Democratic,0,centrist
qwen,qwen-plus,no_persona,none,5,sc3,Scenario C,mixed inflation-employment tradeoff,-25,4.75,inflation,"PCE inflation remains elevated at 3.1%—above the 2% target—and CPI inflation is even higher at 3.4%, indicating persistent price pressures. Although GDP growth is modest at 1.8% and the output gap is slightly negative (-0.5%), suggesting some slack, inflation expectations remain anchored only moderately: 5-year breakeven is 2.4%, but Michigan 1-year expected inflation stands at 3.0%, signaling near-term inflation persistence. The inverted 10Y-2Y spread (-0.1 pp) and low financial stress index (0.4) argue against aggressive easing, but the absence of recession (recession dummy = 0) and stable VIX (18) allow for a cautious, data-dependent cut.",0.78,789,Scenario C,5.0,1.8,3.1,3.4,4.9,-0.5,2.4,3.0,0.4,18,115,70,-0.1,4,0,0,Democratic,0,centrist
qwen,qwen-plus,no_persona,none,6,sc3,Scenario C,mixed inflation-employment tradeoff,-25,4.75,inflation,"PCE inflation remains elevated at 3.1%, above the Fed's 2% target, and CPI inflation is even higher at 3.4%, indicating persistent price pressures. Although GDP growth is modest at 1.8% and the output gap is slightly negative (-0.5%), suggesting slack, inflation expectations remain anchored only moderately—5-year breakeven is 2.4%, but Michigan 1-year expected inflation stands at 3.0%, signaling upside risk to inflation psychology. The inverted 10Y-2Y spread (-0.1 pp) and low financial stress index (0.4) argue against aggressive easing, but the absence of recession (recession dummy = 0) and stable VIX (18) allow for a cautious cut to address inflation inertia without fueling demand. A 25 bps cut balances these signals while maintaining restrictive stance.",0.82,810,Scenario C,5.0,1.8,3.1,3.4,4.9,-0.5,2.4,3.0,0.4,18,115,70,-0.1,4,0,0,Democratic,0,centrist
qwen,qwen-plus,no_persona,none,7,sc3,Scenario C,mixed inflation-employment tradeoff,-25,4.75,inflation,"PCE inflation remains elevated at 3.1%, above the 2% target, and CPI inflation is even higher at 3.4%, indicating persistent price pressures. Although GDP growth is modest at 1.8% and the output gap is slightly negative (-0.5%), suggesting some slack, inflation expectations remain anchored only moderately—5-year breakeven is 2.4%, but Michigan 1-year expected inflation stands at 3.0%, signaling residual upside risk. The inverted 10Y-2Y spread (-0.1 pp) and low financial stress index (0.4) imply limited near-term recession risk, supporting a cautious cut rather than a pause or hike.",0.82,770,Scenario C,5.0,1.8,3.1,3.4,4.9,-0.5,2.4,3.0,0.4,18,115,70,-0.1,4,0,0,Democratic,0,centrist
qwen,qwen-plus,no_persona,none,8,sc3,Scenario C,mixed inflation-employment tradeoff,-25,4.75,inflation,"PCE inflation remains elevated at 3.1%, above the Fed's 2% target, and CPI inflation is even higher at 3.4%, indicating persistent price pressures. However, GDP growth has moderated to 1.8% and the output gap is negative (-0.5%), suggesting slack in the economy. The 10Y-2Y Treasury spread is inverted at -0.1 percentage points, signaling recession risk, and financial stress (0.4) and VIX (18) remain benign — supporting a modest cut to ease pressure without undermining inflation credibility. The 5-year inflation expectation (2.4%) and Michigan 1-year expectation (3.0%) show anchored medium-term expectations but still elevated near-term views.",0.82,781,Scenario C,5.0,1.8,3.1,3.4,4.9,-0.5,2.4,3.0,0.4,18,115,70,-0.1,4,0,0,Democratic,0,centrist
qwen,qwen-plus,no_persona,none,9,sc3,Scenario C,mixed inflation-employment tradeoff,-25,4.75,inflation,"PCE inflation remains elevated at 3.1%, above the Fed's 2% target, and CPI inflation is even higher at 3.4%, indicating persistent price pressures. Although GDP growth is modest at 1.8% and the output gap is slightly negative (-0.5%), suggesting slack, inflation expectations remain anchored only moderately—5-year breakevens at 2.4% but Michigan 1-year expectations at 3.0%, signaling near-term inflation persistence. The inverted 10Y-2Y spread (-0.1 pp) and low financial stress index (0.4) imply limited near-term financial stability risk, allowing room for a modest cut to address inflation without fueling overheating.",0.82,775,Scenario C,5.0,1.8,3.1,3.4,4.9,-0.5,2.4,3.0,0.4,18,115,70,-0.1,4,0,0,Democratic,0,centrist
qwen,qwen-plus,no_persona,none,10,sc3,Scenario C,mixed inflation-employment tradeoff,-25,4.75,inflation,"PCE inflation remains elevated at 3.1%, above the Fed's 2% target, and CPI inflation is even higher at 3.4%, indicating persistent price pressures. Although GDP growth is modest at 1.8% and the output gap is slightly negative (-0.5%), suggesting some slack, inflation expectations remain anchored only moderately—5-year inflation expectation is 2.4%, but Michigan 1-year expected inflation is still elevated at 3.0%. The inverted 10Y-2Y spread (-0.1 pp) signals recession risk, yet the recession dummy is 0 and financial stress (0.4) and VIX (18) are benign, reducing urgency for aggressive easing. Given the centrist leaning and absence of political pressure (index = 0), a modest 25 bps cut balances inflation vigilance with emerging softness.",0.82,808,Scenario C,5.0,1.8,3.1,3.4,4.9,-0.5,2.4,3.0,0.4,18,115,70,-0.1,4,0,0,Democratic,0,centrist
qwen,qwen-plus,no_persona,none,11,sc3,Scenario C,mixed inflation-employment tradeoff,-25,4.75,balanced,"Inflation remains above target—PCE at 3.1% and CPI at 3.4%—but shows modest cooling, supported by anchored medium-term expectations (5-year inflation expectation at 2.4%). GDP growth is moderate at 1.8%, and the output gap is slightly negative (-0.5%), suggesting slack is emerging. Unemployment has risen to 4.9%, nearing the natural rate, and the inverted 10Y-2Y spread (-0.1 pp) signals elevated recession risk despite the recession dummy being 0. Financial conditions remain stable (financial stress index at 0.4, VIX at 18), warranting a cautious, data-dependent stance.",0.82,772,Scenario C,5.0,1.8,3.1,3.4,4.9,-0.5,2.4,3.0,0.4,18,115,70,-0.1,4,0,0,Democratic,0,centrist
qwen,qwen-plus,no_persona,none,12,sc3,Scenario C,mixed inflation-employment tradeoff,-25,4.75,inflation,"PCE inflation remains elevated at 3.1%, above the Fed's 2% target, and CPI inflation is even higher at 3.4%, indicating persistent price pressures. Although GDP growth is modest at 1.8% and the output gap is slightly negative (-0.5%), suggesting slack, inflation expectations remain anchored only moderately — 5-year breakeven is 2.4%, but Michigan 1-year expected inflation stands at 3.0%, signaling upside risk to inflation psychology. The inverted 10Y-2Y spread (-0.1 pp) and low financial stress index (0.4) imply limited near-term recession risk, reducing urgency for aggressive easing; thus, a modest 25 bps cut balances inflation vigilance with gradual policy adjustment.",0.82,788,Scenario C,5.0,1.8,3.1,3.4,4.9,-0.5,2.4,3.0,0.4,18,115,70,-0.1,4,0,0,Democratic,0,centrist
qwen,qwen-plus,no_persona,none,13,sc3,Scenario C,mixed inflation-employment tradeoff,-25,4.75,inflation,"PCE inflation remains elevated at 3.1%, above the 2% target, and CPI inflation is even higher at 3.4%, indicating persistent price pressures. Although GDP growth is modest at 1.8% and the output gap is slightly negative (-0.5%), suggesting some slack, inflation expectations remain anchored only moderately — the 5-year breakeven is 2.4%, but Michigan’s 1-year expectation is still high at 3.0%. The inverted 10Y-2Y spread (-0.1 pp) signals recession risk, yet the recession dummy is 0 and financial stress (0.4) and VIX (18) are benign, reducing urgency for aggressive easing. A modest 25 bps cut balances inflation vigilance with emerging softness.",0.82,793,Scenario C,5.0,1.8,3.1,3.4,4.9,-0.5,2.4,3.0,0.4,18,115,70,-0.1,4,0,0,Democratic,0,centrist
qwen,qwen-plus,no_persona,none,14,sc3,Scenario C,mixed inflation-employment tradeoff,-25,4.75,inflation,"PCE inflation remains elevated at 3.1%, above the Fed's 2% target, and CPI inflation is even higher at 3.4%, indicating persistent price pressures. Although GDP growth is modest at 1.8% and the output gap is slightly negative (-0.5%), suggesting slack, inflation expectations remain anchored only moderately — the 5-year breakeven is 2.4%, but the Michigan 1-year expectation is still 3.0%, signaling residual upside risk. The inverted 10Y-2Y spread (-0.1 pp) and low financial stress (0.4) and VIX (18) imply limited near-term financial stability concerns, allowing a cautious cut to address inflation without fueling demand. Oil price growth at 4% adds further upside inflation risk, reinforcing the need to maintain restrictive policy stance despite softening growth.",0.82,807,Scenario C,5.0,1.8,3.1,3.4,4.9,-0.5,2.4,3.0,0.4,18,115,70,-0.1,4,0,0,Democratic,0,centrist
qwen,qwen-plus,no_persona,none,15,sc3,Scenario C,mixed inflation-employment tradeoff,-25,4.75,inflation,"PCE inflation remains elevated at 3.1%, above the Fed's 2% target, and CPI inflation is even higher at 3.4%, indicating persistent price pressures. However, GDP growth has slowed to 1.8% and the output gap is negative (-0.5%), suggesting diminishing aggregate demand momentum. The 10Y-2Y Treasury spread is inverted at -0.1 percentage points, signaling recession risk, and financial stress index is low (0.4), supporting modest accommodation. With 5-year inflation expectations anchored at 2.4% and Michigan 1-year expected inflation at 3.0%, inflation expectations remain somewhat contained, justifying a cautious 25 bps cut.",0.82,775,Scenario C,5.0,1.8,3.1,3.4,4.9,-0.5,2.4,3.0,0.4,18,115,70,-0.1,4,0,0,Democratic,0,centrist
qwen,qwen-plus,placebo,placebo,1,sc1,Scenario A,hot inflation with strong real activity,25,5.25,inflation,"PCE inflation (3.8%) and CPI inflation (4.2%) remain well above the 2% target, and short-term inflation expectations (Michigan 1-year: 3.5%) are elevated, suggesting entrenched price pressures. Although unemployment is low (3.8%) and GDP growth is strong (3.1%), the positive output gap (1.0%) confirms demand-side overheating. The 10Y-2Y spread is narrowly positive (0.2 pp), signaling limited recession risk but not enough to offset persistent inflationary momentum.",0.82,764,Scenario A,5.0,3.1,3.8,4.2,3.8,1.0,2.7,3.5,0.2,15,105,78,0.2,8,0,0,Democratic,0,centrist
qwen,qwen-plus,placebo,placebo,2,sc1,Scenario A,hot inflation with strong real activity,25,5.25,inflation,"PCE inflation (3.8%) and CPI inflation (4.2%) remain well above the Fed's 2% target, and short-term inflation expectations—Michigan 1-year expected inflation (3.5%) and 5-year breakeven (2.7%)—show persistent upward anchoring pressure. GDP growth (3.1%) and a positive output gap (1.0%) signal strong demand-side pressures, while the flat 10Y-2Y spread (0.2 pp) suggests limited near-term recession risk but no clear signal of cooling. Financial stress (0.2) and VIX (15) are benign, removing constraints on tightening.",0.87,788,Scenario A,5.0,3.1,3.8,4.2,3.8,1.0,2.7,3.5,0.2,15,105,78,0.2,8,0,0,Democratic,0,centrist
qwen,qwen-plus,placebo,placebo,3,sc1,Scenario A,hot inflation with strong real activity,25,5.25,inflation,"PCE inflation (3.8%) and CPI inflation (4.2%) remain well above the Fed's 2% target, and short-term inflation expectations—Michigan 1-year expected inflation (3.5%) and 5-year inflation expectation (2.7%)—show persistent upward anchoring pressure. The positive output gap (1.0%) and robust GDP growth (3.1%) indicate demand-side overheating, reinforcing the need for further tightening to curb inflationary momentum.",0.82,748,Scenario A,5.0,3.1,3.8,4.2,3.8,1.0,2.7,3.5,0.2,15,105,78,0.2,8,0,0,Democratic,0,centrist
qwen,qwen-plus,placebo,placebo,4,sc1,Scenario A,hot inflation with strong real activity,25,5.25,inflation,"PCE inflation (3.8%) and CPI inflation (4.2%) remain well above the 2% target, while 5-year inflation expectations (2.7%) and Michigan 1-year expected inflation (3.5%) signal persistent upside inflationary pressures. GDP growth (3.1%) and a positive output gap (1.0%) indicate an overheated economy with limited slack, reinforcing the need for tighter policy. Although unemployment is low (3.8%), it is not yet signaling excessive tightness, and financial stress (0.2) and VIX (15) remain benign, allowing room for a measured hike.",0.82,780,Scenario A,5.0,3.1,3.8,4.2,3.8,1.0,2.7,3.5,0.2,15,105,78,0.2,8,0,0,Democratic,0,centrist
qwen,qwen-plus,placebo,placebo,5,sc1,Scenario A,hot inflation with strong real activity,25,5.25,inflation,"PCE inflation remains elevated at 3.8% and CPI inflation is even higher at 4.2%, both well above the 2% target; 1-year Michigan inflation expectations (3.5%) also signal de-anchoring risks, while the output gap is positive at 1.0%, indicating demand pressures. Although unemployment is low at 3.8%, it is not yet signaling overheating on its own, and financial stability indicators (stress index = 0.2, VIX = 15) remain benign. The 10Y-2Y spread is modestly positive (0.2 pp), suggesting no imminent recession signal, reinforcing the need to maintain restrictive policy to curb persistent inflation.",0.82,797,Scenario A,5.0,3.1,3.8,4.2,3.8,1.0,2.7,3.5,0.2,15,105,78,0.2,8,0,0,Democratic,0,centrist
qwen,qwen-plus,placebo,placebo,6,sc1,Scenario A,hot inflation with strong real activity,25,5.25,inflation,"PCE inflation remains elevated at 3.8% and CPI inflation is even higher at 4.2%, both well above the 2% target; 1-year Michigan inflation expectations (3.5%) also signal de-anchoring risks, while the output gap is positive at 1.0%, indicating demand pressures. Although unemployment is low at 3.8%, it is not yet signaling overheating on its own, and financial stability indicators (stress index = 0.2, VIX = 15) remain benign. The 10Y-2Y spread is modestly positive (0.2 pp), suggesting no imminent recession signal, reinforcing the need to maintain restrictive policy to curb persistent inflation.",0.82,797,Scenario A,5.0,3.1,3.8,4.2,3.8,1.0,2.7,3.5,0.2,15,105,78,0.2,8,0,0,Democratic,0,centrist
qwen,qwen-plus,placebo,placebo,7,sc1,Scenario A,hot inflation with strong real activity,25,5.25,inflation,"PCE inflation (3.8%) and CPI inflation (4.2%) remain well above the 2% target, while 5-year inflation expectations (2.7%) and Michigan 1-year expected inflation (3.5%) signal persistent inflationary pressures. GDP growth (3.1%) and a positive output gap (1.0%) indicate demand-side overheating, reinforcing the need for tighter policy. Although unemployment is low (3.8%), it is not yet signaling excessive tightness, and financial stress (0.2) and VIX (15) remain benign, allowing room for a measured hike.",0.87,776,Scenario A,5.0,3.1,3.8,4.2,3.8,1.0,2.7,3.5,0.2,15,105,78,0.2,8,0,0,Democratic,0,centrist
qwen,qwen-plus,placebo,placebo,8,sc1,Scenario A,hot inflation with strong real activity,25,5.25,inflation,"PCE inflation (3.8%) and CPI inflation (4.2%) remain well above the 2% target, while short-term inflation expectations (Michigan 1-year: 3.5%) are elevated and the output gap is positive (1.0%), indicating demand pressures. Although unemployment is low (3.8%), it is not yet signaling overheating on its own; however, combined with strong GDP growth (3.1%) and rising oil price growth (8%), upside inflation risks dominate. The financial stress index (0.2) and VIX (15) are benign, so financial stability does not warrant accommodation.",0.87,779,Scenario A,5.0,3.1,3.8,4.2,3.8,1.0,2.7,3.5,0.2,15,105,78,0.2,8,0,0,Democratic,0,centrist
qwen,qwen-plus,placebo,placebo,9,sc1,Scenario A,hot inflation with strong real activity,25,5.25,inflation,"PCE inflation (3.8%) and CPI inflation (4.2%) remain well above the 2% target, while 5-year inflation expectations (2.7%) and Michigan 1-year expected inflation (3.5%) signal persistent upside inflation risks. GDP growth (3.1%) and a positive output gap (1.0%) indicate strong demand pressures, reinforcing the need for further tightening despite low unemployment (3.8%). The financial stress index (0.2) and VIX (15) are benign, allowing room for policy action without jeopardizing financial stability.",0.82,769,Scenario A,5.0,3.1,3.8,4.2,3.8,1.0,2.7,3.5,0.2,15,105,78,0.2,8,0,0,Democratic,0,centrist
qwen,qwen-plus,placebo,placebo,10,sc1,Scenario A,hot inflation with strong real activity,25,5.25,inflation,"PCE inflation (3.8%) and CPI inflation (4.2%) remain well above the 2% target, while 5-year inflation expectations (2.7%) and Michigan 1-year expected inflation (3.5%) signal persistent inflationary pressures. GDP growth (3.1%) and a positive output gap (1.0%) indicate demand remains robust, reinforcing upside inflation risk. Although unemployment is low (3.8%), it is not yet signaling overheating on its own; however, combined with strong growth and elevated inflation metrics, a modest hike is warranted to reinforce credibility and prevent de-anchoring.",0.82,776,Scenario A,5.0,3.1,3.8,4.2,3.8,1.0,2.7,3.5,0.2,15,105,78,0.2,8,0,0,Democratic,0,centrist
qwen,qwen-plus,placebo,placebo,11,sc1,Scenario A,hot inflation with strong real activity,25,5.25,inflation,"PCE inflation (3.8%) and CPI inflation (4.2%) remain well above the 2% target, while 5-year inflation expectations (2.7%) and Michigan 1-year expected inflation (3.5%) signal persistent upside inflation risks. GDP growth (3.1%) and a positive output gap (1.0%) indicate demand pressures are still strong, reinforcing the need for further tightening despite low unemployment (3.8%). The financial stress index (0.2) and VIX (15) suggest markets can absorb modest tightening without destabilizing financial conditions.",0.82,769,Scenario A,5.0,3.1,3.8,4.2,3.8,1.0,2.7,3.5,0.2,15,105,78,0.2,8,0,0,Democratic,0,centrist
qwen,qwen-plus,placebo,placebo,12,sc1,Scenario A,hot inflation with strong real activity,25,5.25,inflation,"PCE inflation (3.8%) and CPI inflation (4.2%) remain well above the 2% target, and short-term inflation expectations—Michigan 1-year expected inflation (3.5%) and 5-year breakeven (2.7%)—show persistent upward anchoring pressure. GDP growth (3.1%) and a positive output gap (1.0%) indicate demand-side overheating, reinforcing inflationary momentum. Although unemployment is low (3.8%), it is not yet signaling tight labor market excess, and financial stress (0.2) and VIX (15) remain benign, allowing room for further tightening without jeopardizing financial stability.",0.82,787,Scenario A,5.0,3.1,3.8,4.2,3.8,1.0,2.7,3.5,0.2,15,105,78,0.2,8,0,0,Democratic,0,centrist
qwen,qwen-plus,placebo,placebo,13,sc1,Scenario A,hot inflation with strong real activity,25,5.25,inflation,"PCE inflation (3.8%) and CPI inflation (4.2%) remain well above the 2% target, and short-term inflation expectations—Michigan 1-year expected inflation (3.5%) and 5-year inflation expectation (2.7%)—signal persistent upward pressure. GDP growth (3.1%) and a positive output gap (1.0%) indicate an overheated economy with limited slack, reinforcing the need for further tightening. Although unemployment is low (3.8%), it remains consistent with full employment and does not offset inflationary risks.",0.82,764,Scenario A,5.0,3.1,3.8,4.2,3.8,1.0,2.7,3.5,0.2,15,105,78,0.2,8,0,0,Democratic,0,centrist
qwen,qwen-plus,placebo,placebo,14,sc1,Scenario A,hot inflation with strong real activity,25,5.25,inflation,"PCE inflation (3.8%) and CPI inflation (4.2%) remain well above the Fed's 2% target, and short-term inflation expectations—Michigan 1-year expected inflation (3.5%) and 5-year breakeven (2.7%)—show persistent upward anchoring pressure. GDP growth (3.1%) and a positive output gap (1.0%) signal continued demand-side overheating, while the 10Y-2Y spread (0.2 pp) remains shallow but not inverted, suggesting limited near-term recession risk. Financial stress (0.2) and VIX (15) are low, removing financial stability as an immediate constraint.",0.82,791,Scenario A,5.0,3.1,3.8,4.2,3.8,1.0,2.7,3.5,0.2,15,105,78,0.2,8,0,0,Democratic,0,centrist
qwen,qwen-plus,placebo,placebo,15,sc1,Scenario A,hot inflation with strong real activity,25,5.25,inflation,"PCE inflation remains elevated at 3.8% and CPI inflation is even higher at 4.2%, both well above the 2% target; 1-year Michigan inflation expectations (3.5%) also signal de-anchoring risks, while the output gap is positive at 1.0%, indicating demand pressures. Although unemployment is low at 3.8%, it is not yet signaling overheating on its own, and financial stability indicators (financial stress index = 0.2, VIX = 15) remain benign. The 10Y-2Y spread is narrow but still positive (0.2 pp), and recession risk is absent (recession dummy = 0), supporting a modest hike to reinforce credibility on price stability.",0.78,805,Scenario A,5.0,3.1,3.8,4.2,3.8,1.0,2.7,3.5,0.2,15,105,78,0.2,8,0,0,Democratic,0,centrist
qwen,qwen-plus,placebo,placebo,1,sc2,Scenario B,weak labor market with near-target inflation,-25,4.75,unemployment,"Unemployment at 6.0% is significantly above the Fed's longer-run estimate of 4.0%, and the output gap of -1.5% confirms meaningful slack in the economy. GDP growth has slowed to just 0.5%, indicating weak aggregate demand. While PCE inflation (2.1%) and 5-year inflation expectations (2.1%) are comfortably at target, CPI (2.4%) and Michigan 1-year expectations (2.5%) show modest upward stickiness — but not enough to offset labor market weakness. The inverted 10Y-2Y spread (-0.4 pp) signals recession risk, though the recession dummy remains 0; combined with low financial stress (0.5) and moderate VIX (20), the balance tilts toward supporting employment without reigniting inflation.",0.82,820,Scenario B,5.0,0.5,2.1,2.4,6.0,-1.5,2.1,2.5,0.5,20,125,65,-0.4,-6,0,0,Democratic,0,centrist
qwen,qwen-plus,placebo,placebo,2,sc2,Scenario B,weak labor market with near-target inflation,-25,4.75,unemployment,"GDP growth has slowed sharply to 0.5%, and the output gap is negative at -1.5%, signaling significant underutilization of resources. The unemployment rate has risen to 6.0%, well above the estimated natural rate, while inflation remains firmly within target range (PCE at 2.1%, CPI at 2.4%, and 5-year expectations anchored at 2.1%). Although the 10Y-2Y spread is inverted (-0.4 pp), financial stress (0.5) and VIX (20) are low, indicating no imminent financial stability threat. With inflation expectations well-anchored and no political pressure, the labor market weakness justifies a modest 25 bps cut.",0.82,803,Scenario B,5.0,0.5,2.1,2.4,6.0,-1.5,2.1,2.5,0.5,20,125,65,-0.4,-6,0,0,Democratic,0,centrist
qwen,qwen-plus,placebo,placebo,3,sc2,Scenario B,weak labor market with near-target inflation,-25,4.75,unemployment,"Unemployment at 6.0% is notably above the Fed's long-run estimate of NAIRU (~4.0%), and the output gap of -1.5% signals significant slack in the economy. GDP growth has slowed to just 0.5%, reinforcing weak demand conditions. While PCE inflation (2.1%) and 5-year inflation expectations (2.1%) are at target, CPI (2.4%) and Michigan 1-year expectations (2.5%) show modest upward stickiness — but not enough to offset labor market weakness. The 10Y-2Y spread remains deeply inverted (-0.4 pp), signaling recession risk, though the recession dummy is 0; nonetheless, preemptive easing is warranted to prevent labor market deterioration.",0.82,807,Scenario B,5.0,0.5,2.1,2.4,6.0,-1.5,2.1,2.5,0.5,20,125,65,-0.4,-6,0,0,Democratic,0,centrist
qwen,qwen-plus,placebo,placebo,4,sc2,Scenario B,weak labor market with near-target inflation,-25,4.75,unemployment,"GDP growth is weak at 0.5%, and the output gap is negative (-1.5%), indicating underutilized resources. Unemployment is elevated at 6.0%, well above the estimated natural rate, while both PCE (2.1%) and CPI (2.4%) inflation are near or at target—well contained relative to historical norms. The inverted 10Y-2Y spread (-0.4 pp) signals recession risk, though the recession dummy remains 0; nonetheless, preemptive easing is warranted to support labor market stabilization before deterioration accelerates.",0.82,769,Scenario B,5.0,0.5,2.1,2.4,6.0,-1.5,2.1,2.5,0.5,20,125,65,-0.4,-6,0,0,Democratic,0,centrist
qwen,qwen-plus,placebo,placebo,5,sc2,Scenario B,weak labor market with near-target inflation,-25,4.75,unemployment,"Unemployment at 6.0% is notably above the Fed's longer-run estimate of 4.0%, and the output gap of -1.5% signals significant slack in the economy. GDP growth has slowed to just 0.5%, reinforcing weak demand conditions. While PCE inflation (2.1%) and 5-year inflation expectations (2.1%) are comfortably at target, CPI (2.4%) and Michigan 1-year expectations (2.5%) show modest upward stickiness — but not enough to offset labor market weakness. The inverted 10Y-2Y spread (-0.4 pp) and low financial stress index (0.5) suggest easing is warranted without jeopardizing financial stability.",0.82,798,Scenario B,5.0,0.5,2.1,2.4,6.0,-1.5,2.1,2.5,0.5,20,125,65,-0.4,-6,0,0,Democratic,0,centrist
qwen,qwen-plus,placebo,placebo,6,sc2,Scenario B,weak labor market with near-target inflation,-25,4.75,unemployment,"Unemployment at 6.0% is significantly above the Fed's longer-run estimate of 4.0%, and the output gap of -1.5% confirms meaningful slack in the economy. GDP growth has slowed to just 0.5%, indicating weak aggregate demand. While PCE inflation (2.1%) and 5-year inflation expectations (2.1%) are at target, CPI (2.4%) and Michigan 1-year expectations (2.5%) show modest upward stickiness — but not enough to offset the labor market weakness. The 10Y-2Y spread remains inverted (-0.4 pp), reinforcing recession risk signals despite the recession dummy being 0.",0.82,791,Scenario B,5.0,0.5,2.1,2.4,6.0,-1.5,2.1,2.5,0.5,20,125,65,-0.4,-6,0,0,Democratic,0,centrist
qwen,qwen-plus,placebo,placebo,7,sc2,Scenario B,weak labor market with near-target inflation,-25,4.75,unemployment,"Unemployment at 6.0% is notably above the Fed's longer-run estimate of NAIRU (~4.0%), and the output gap is negative (-1.5%), indicating significant slack in the economy. GDP growth is weak (0.5%), reinforcing demand deficiency. While PCE inflation (2.1%) and 5-year inflation expectations (2.1%) are at target, CPI (2.4%) and Michigan 1-year expectations (2.5%) remain modestly elevated but not alarming—especially given falling oil prices (-6%) and a flat financial stress index (0.5). The inverted 10Y-2Y spread (-0.4 pp) signals recession risk, though the recession dummy remains 0; this warrants precautionary easing.",0.82,808,Scenario B,5.0,0.5,2.1,2.4,6.0,-1.5,2.1,2.5,0.5,20,125,65,-0.4,-6,0,0,Democratic,0,centrist
qwen,qwen-plus,placebo,placebo,8,sc2,Scenario B,weak labor market with near-target inflation,-25,4.75,balanced,"GDP growth is weak at 0.5% and the output gap is negative (-1.5%), signaling slack in the economy, while PCE inflation (2.1%) and 5-year inflation expectations (2.1%) are at or slightly above target — consistent with price stability. Unemployment is elevated at 6.0%, well above the estimated natural rate, reinforcing labor market softness. The inverted 10Y-2Y spread (-0.4 pp) and low financial stress index (0.5) suggest limited near-term financial instability risk, allowing room for modest accommodation without undermining credibility.",0.82,774,Scenario B,5.0,0.5,2.1,2.4,6.0,-1.5,2.1,2.5,0.5,20,125,65,-0.4,-6,0,0,Democratic,0,centrist
qwen,qwen-plus,placebo,placebo,9,sc2,Scenario B,weak labor market with near-target inflation,-25,4.75,unemployment,"Unemployment at 6.0% is notably above the Fed's longer-run estimate of NAIRU (~4.0%), and the output gap is meaningfully negative (-1.5%), indicating slack in the economy. GDP growth has slowed to just 0.5%, reinforcing weakness in aggregate demand. While PCE inflation (2.1%) and 5-year inflation expectations (2.1%) are at target, the soft labor market and sluggish growth outweigh modest inflationary pressures. The inverted 10Y-2Y spread (-0.4 pp) signals elevated recession risk, though the recession dummy remains 0 — warranting preemptive easing to support employment without risking inflation de-anchoring.",0.82,793,Scenario B,5.0,0.5,2.1,2.4,6.0,-1.5,2.1,2.5,0.5,20,125,65,-0.4,-6,0,0,Democratic,0,centrist
qwen,qwen-plus,placebo,placebo,10,sc2,Scenario B,weak labor market with near-target inflation,-25,4.75,unemployment,"Unemployment at 6.0% is significantly above the Fed's estimated natural rate (~4.0%), and the output gap of -1.5% confirms substantial economic slack. GDP growth at just 0.5% further signals weak demand, while PCE inflation (2.1%) and 5-year inflation expectations (2.1%) are firmly at target — indicating no inflationary risk justifying higher rates. The inverted 10Y-2Y spread (-0.4 pp) and low financial stress index (0.5) suggest easing policy would not jeopardize financial stability.",0.87,771,Scenario B,5.0,0.5,2.1,2.4,6.0,-1.5,2.1,2.5,0.5,20,125,65,-0.4,-6,0,0,Democratic,0,centrist
qwen,qwen-plus,placebo,placebo,11,sc2,Scenario B,weak labor market with near-target inflation,-25,4.75,unemployment,"Unemployment at 6.0% is significantly above the Fed's longer-run estimate of 4.0%, and the output gap of -1.5% confirms meaningful slack in the economy. GDP growth has slowed to just 0.5%, indicating weak aggregate demand. While PCE inflation (2.1%) and 5-year inflation expectations (2.1%) remain near target, CPI (2.4%) and Michigan 1-year expectations (2.5%) show modest upward stickiness — but not enough to offset labor market weakness. The inverted 10Y-2Y spread (-0.4 pp) signals recession risk, though the recession dummy remains 0; financial stress (0.5) and VIX (20) are benign, supporting a cautious cut.",0.82,811,Scenario B,5.0,0.5,2.1,2.4,6.0,-1.5,2.1,2.5,0.5,20,125,65,-0.4,-6,0,0,Democratic,0,centrist
qwen,qwen-plus,placebo,placebo,12,sc2,Scenario B,weak labor market with near-target inflation,-25,4.75,unemployment,"Unemployment at 6.0% is notably above the Fed's longer-run estimate of the natural rate (~4.0%), and the output gap of -1.5% signals significant slack in the economy. GDP growth has slowed to just 0.5%, reinforcing weak demand conditions. While PCE inflation (2.1%) and 5-year inflation expectations (2.1%) remain aligned with the 2% target, the flat yield curve (10Y-2Y spread at -0.4 pp) and low financial stress index (0.5) suggest limited risk of disorderly tightening or instability from a modest cut.",0.82,780,Scenario B,5.0,0.5,2.1,2.4,6.0,-1.5,2.1,2.5,0.5,20,125,65,-0.4,-6,0,0,Democratic,0,centrist
qwen,qwen-plus,placebo,placebo,13,sc2,Scenario B,weak labor market with near-target inflation,-25,4.75,unemployment,"Unemployment at 6.0% is significantly above the Fed's longer-run estimate of 4.0%, and the output gap of -1.5% confirms meaningful slack in the economy. GDP growth has slowed to just 0.5%, indicating weak aggregate demand. While PCE inflation (2.1%) and CPI inflation (2.4%) remain near target, the 10Y-2Y Treasury spread is inverted at -0.4 percentage points — a reliable recession signal — and the recession dummy is 0, suggesting fragility rather than imminent contraction. With financial stress low (0.5) and VIX at 20, there is room to ease without jeopardizing financial stability.",0.82,795,Scenario B,5.0,0.5,2.1,2.4,6.0,-1.5,2.1,2.5,0.5,20,125,65,-0.4,-6,0,0,Democratic,0,centrist
qwen,qwen-plus,placebo,placebo,14,sc2,Scenario B,weak labor market with near-target inflation,-25,4.75,unemployment,"Unemployment at 6.0% is meaningfully above the FOMC's longer-run estimate of 4.0%, and the output gap is negative (-1.5%), indicating slack in the economy. GDP growth is weak at 0.5%, reinforcing demand shortfall. While PCE inflation (2.1%) and 5-year inflation expectations (2.1%) are at target, CPI (2.4%) and Michigan 1-year expectations (2.5%) show modest upside pressure — but not enough to offset labor market weakness. The 10Y-2Y spread is inverted (-0.4 pp), signaling recession risk, and financial stress (0.5) and VIX (20) remain benign, allowing room for a modest cut.",0.82,807,Scenario B,5.0,0.5,2.1,2.4,6.0,-1.5,2.1,2.5,0.5,20,125,65,-0.4,-6,0,0,Democratic,0,centrist
qwen,qwen-plus,placebo,placebo,15,sc2,Scenario B,weak labor market with near-target inflation,-25,4.75,unemployment,"Unemployment at 6.0% is meaningfully above the FOMC's longer-run estimate of 4.0%, and the output gap is negative (-1.5%), indicating slack in the economy. GDP growth is weak (0.5%), reinforcing demand shortfall. While PCE inflation (2.1%) and 5-year inflation expectations (2.1%) are at target, CPI (2.4%) and Michigan 1-year expectations (2.5%) show modest upward drift—but not enough to offset labor market weakness. The 10Y-2Y spread is deeply inverted (-0.4 pp), signaling recession risk, though the recession dummy remains 0; financial stress (0.5) and VIX (20) are benign, so financial stability is not pressing.",0.82,813,Scenario B,5.0,0.5,2.1,2.4,6.0,-1.5,2.1,2.5,0.5,20,125,65,-0.4,-6,0,0,Democratic,0,centrist
qwen,qwen-plus,placebo,placebo,1,sc3,Scenario C,mixed inflation-employment tradeoff,-25,4.75,inflation,"PCE inflation (3.1%) and CPI inflation (3.4%) remain meaningfully above the 2% target, though 5-year inflation expectations (2.4%) are well-anchored and Michigan 1-year expectations (3.0%) show modest moderation. GDP growth (1.8%) is solid but cooling, and the negative output gap (-0.5%) suggests some slack, supporting a modest cut. The inverted 10Y-2Y spread (-0.1 pp) signals elevated recession risk, but the recession dummy is 0 and financial stress (0.4) and VIX (18) remain low, indicating stability. Given persistent headline inflation and still-tight labor market (unemployment at 4.9%), a cautious 25 bps cut balances disinflation progress with residual price pressures.",0.78,822,Scenario C,5.0,1.8,3.1,3.4,4.9,-0.5,2.4,3.0,0.4,18,115,70,-0.1,4,0,0,Democratic,0,centrist
qwen,qwen-plus,placebo,placebo,2,sc3,Scenario C,mixed inflation-employment tradeoff,-25,4.75,inflation,"PCE inflation remains elevated at 3.1%, above the Fed's 2% target, and CPI inflation is even higher at 3.4%, indicating persistent price pressures. Although GDP growth is modest at 1.8% and the output gap is slightly negative (-0.5%), suggesting some slack, inflation expectations remain anchored only moderately (5-year at 2.4% but Michigan 1-year at 3.0%), warranting continued vigilance. The inverted 10Y-2Y spread (-0.1 pp) signals recession risks, but the recession dummy is 0 and financial stress is low (0.4), so a modest cut of 25 bps balances inflation control with emerging softness. Oil price growth at 4% adds upside inflation risk, reinforcing the need to avoid premature easing.",0.82,820,Scenario C,5.0,1.8,3.1,3.4,4.9,-0.5,2.4,3.0,0.4,18,115,70,-0.1,4,0,0,Democratic,0,centrist
qwen,qwen-plus,placebo,placebo,3,sc3,Scenario C,mixed inflation-employment tradeoff,-25,4.75,inflation,"PCE inflation remains elevated at 3.1%, above the Fed's 2% target, and CPI inflation is even higher at 3.4%, indicating persistent price pressures. Although GDP growth is modest at 1.8% and the output gap is slightly negative (-0.5%), suggesting slack, inflation expectations remain anchored only moderately—5-year inflation expectations are 2.4%, but Michigan 1-year expected inflation is still 3.0%, signaling residual upside risk. The 10Y-2Y Treasury spread is inverted at -0.1 percentage points, hinting at recessionary concerns, yet the recession dummy is 0 and financial stress (0.4) and VIX (18) are benign, allowing a modest cut to address inflation without triggering instability.",0.82,811,Scenario C,5.0,1.8,3.1,3.4,4.9,-0.5,2.4,3.0,0.4,18,115,70,-0.1,4,0,0,Democratic,0,centrist
qwen,qwen-plus,placebo,placebo,4,sc3,Scenario C,mixed inflation-employment tradeoff,-25,4.75,inflation,"PCE inflation remains elevated at 3.1%—above the Fed's 2% target—and CPI inflation is even higher at 3.4%, indicating persistent price pressures. Although GDP growth is modest (1.8%) and the output gap is slightly negative (-0.5%), suggesting some slack, inflation expectations remain anchored but not fully subdued: 5-year breakeven inflation is 2.4%, yet Michigan 1-year expected inflation stands at 3.0%, signaling near-term inflation persistence. The inverted 10Y-2Y spread (-0.1 pp) and low financial stress index (0.4) and VIX (18) imply no imminent financial instability, allowing room for a modest cut to support growth without reigniting inflation. A -25 bps cut balances these signals while maintaining restrictive stance.",0.78,822,Scenario C,5.0,1.8,3.1,3.4,4.9,-0.5,2.4,3.0,0.4,18,115,70,-0.1,4,0,0,Democratic,0,centrist
qwen,qwen-plus,placebo,placebo,5,sc3,Scenario C,mixed inflation-employment tradeoff,-25,4.75,inflation,"PCE inflation (3.1%) and CPI inflation (3.4%) remain meaningfully above the 2% target, though moderating from prior highs; the 5-year inflation expectation (2.4%) is anchored but Michigan's 1-year expected inflation (3.0%) signals persistent near-term price pressures. GDP growth (1.8%) and the negative output gap (-0.5%) suggest modest slack, but not enough to justify aggressive easing. The inverted 10Y-2Y spread (-0.1 pp) and low financial stress index (0.4) imply limited near-term financial stability risk, supporting a cautious cut.",0.78,783,Scenario C,5.0,1.8,3.1,3.4,4.9,-0.5,2.4,3.0,0.4,18,115,70,-0.1,4,0,0,Democratic,0,centrist
qwen,qwen-plus,placebo,placebo,6,sc3,Scenario C,mixed inflation-employment tradeoff,-25,4.75,inflation,"PCE inflation remains elevated at 3.1%, above the Fed's 2% target, and CPI inflation is even higher at 3.4%, indicating persistent price pressures. Although GDP growth is modest at 1.8% and the output gap is slightly negative (-0.5%), suggesting slack, inflation expectations remain anchored only moderately — the 5-year breakeven is 2.4%, but Michigan's 1-year expectation is still high at 3.0%. The inverted 10Y-2Y spread (-0.1 pp) signals recession risk, yet the recession dummy is 0 and financial stress is low (0.4), so stability concerns do not override inflation. A modest 25 bps cut balances disinflationary momentum with the need to sustain credibility on price stability.",0.78,816,Scenario C,5.0,1.8,3.1,3.4,4.9,-0.5,2.4,3.0,0.4,18,115,70,-0.1,4,0,0,Democratic,0,centrist
qwen,qwen-plus,placebo,placebo,7,sc3,Scenario C,mixed inflation-employment tradeoff,-25,4.75,inflation,"PCE inflation (3.1%) and CPI inflation (3.4%) remain meaningfully above the Fed's 2% target, though moderating from prior highs. The 5-year inflation expectation (2.4%) is anchored near target, but Michigan 1-year expected inflation (3.0%) signals persistent near-term price pressures. GDP growth (1.8%) and the negative output gap (-0.5%) suggest slack in the economy, supporting modest easing. However, the inverted 10Y-2Y spread (-0.1 pp) and elevated oil price growth (4%) pose upside risks to inflation, warranting caution against a larger cut.",0.78,786,Scenario C,5.0,1.8,3.1,3.4,4.9,-0.5,2.4,3.0,0.4,18,115,70,-0.1,4,0,0,Democratic,0,centrist
qwen,qwen-plus,placebo,placebo,8,sc3,Scenario C,mixed inflation-employment tradeoff,-25,4.75,inflation,"PCE inflation remains elevated at 3.1%, above the Fed's 2% target, and CPI inflation is even higher at 3.4%, indicating persistent price pressures. Although GDP growth is modest at 1.8% and the output gap is slightly negative (-0.5%), suggesting some slack, inflation expectations remain anchored only moderately — 5-year breakeven is 2.4%, but Michigan 1-year expected inflation is still 3.0%, signaling risk of de-anchoring. The inverted 10Y-2Y spread (-0.1 pp) and low financial stress (0.4) and VIX (18) imply limited near-term financial stability risks, justifying a cautious cut rather than a hold or hike.",0.78,806,Scenario C,5.0,1.8,3.1,3.4,4.9,-0.5,2.4,3.0,0.4,18,115,70,-0.1,4,0,0,Democratic,0,centrist
qwen,qwen-plus,placebo,placebo,9,sc3,Scenario C,mixed inflation-employment tradeoff,-25,4.75,inflation,"PCE inflation remains elevated at 3.1%, above the Fed's 2% target, and CPI inflation is even higher at 3.4%, indicating persistent price pressures. Although GDP growth is modest at 1.8% and the output gap is slightly negative (-0.5%), suggesting some slack, inflation expectations remain anchored only moderately — 5-year breakeven is 2.4%, but Michigan 1-year expected inflation is still 3.0%, signaling risk of de-anchoring. The inverted 10Y-2Y spread (-0.1 pp) and low financial stress index (0.4) imply limited near-term recession risk, justifying a cautious cut rather than a hold or hike.",0.78,799,Scenario C,5.0,1.8,3.1,3.4,4.9,-0.5,2.4,3.0,0.4,18,115,70,-0.1,4,0,0,Democratic,0,centrist
qwen,qwen-plus,placebo,placebo,10,sc3,Scenario C,mixed inflation-employment tradeoff,-25,4.75,inflation,"PCE inflation remains elevated at 3.1%, above the Fed's 2% target, and CPI inflation is even higher at 3.4%, indicating persistent price pressures. Although GDP growth is modest at 1.8% and the output gap is slightly negative (-0.5%), suggesting some slack, inflation expectations remain anchored only moderately — the 5-year breakeven is 2.4%, but Michigan's 1-year expectation is still 3.0%, signaling upside risk to near-term inflation. The inverted 10Y-2Y spread (-0.1 pp) and low financial stress (0.4) and VIX (18) suggest no imminent financial stability threat, allowing a cautious cut to ease pressure without reigniting inflation.",0.78,806,Scenario C,5.0,1.8,3.1,3.4,4.9,-0.5,2.4,3.0,0.4,18,115,70,-0.1,4,0,0,Democratic,0,centrist
qwen,qwen-plus,placebo,placebo,11,sc3,Scenario C,mixed inflation-employment tradeoff,-25,4.75,inflation,"PCE inflation remains elevated at 3.1%, above the Fed's 2% target, and CPI inflation is even higher at 3.4%, indicating persistent price pressures. Although GDP growth is modest at 1.8% and the output gap is slightly negative (-0.5%), suggesting slack, inflation expectations remain anchored only moderately — 5-year breakeven is 2.4% but Michigan 1-year expected inflation stands at 3.0%, signaling near-term inflation persistence. The inverted 10Y-2Y spread (-0.1 pp) and low financial stress index (0.4) imply limited near-term financial stability risk, supporting a cautious cut rather than a pause or hike.",0.78,796,Scenario C,5.0,1.8,3.1,3.4,4.9,-0.5,2.4,3.0,0.4,18,115,70,-0.1,4,0,0,Democratic,0,centrist
qwen,qwen-plus,placebo,placebo,12,sc3,Scenario C,mixed inflation-employment tradeoff,-25,4.75,balanced,"GDP growth at 1.8% and a modest negative output gap of -0.5% suggest slowing but not contracting activity. Inflation remains elevated—PCE at 3.1% and CPI at 3.4%—well above the 2% target, though 5-year inflation expectations are well-anchored at 2.4%. Unemployment at 4.9% is near historical norms and rising slightly, signaling some labor market softening. The inverted 10Y-2Y spread (-0.1 pp) and low financial stress index (0.4) indicate tightening financial conditions without systemic instability, supporting a modest, data-dependent cut.",0.78,788,Scenario C,5.0,1.8,3.1,3.4,4.9,-0.5,2.4,3.0,0.4,18,115,70,-0.1,4,0,0,Democratic,0,centrist
qwen,qwen-plus,placebo,placebo,13,sc3,Scenario C,mixed inflation-employment tradeoff,-25,4.75,inflation,"PCE inflation (3.1%) and CPI inflation (3.4%) remain meaningfully above the 2% target, though moderating from prior highs; 5-year inflation expectations (2.4%) are well-anchored but Michigan 1-year expected inflation (3.0%) signals residual upside pressure in near-term price perceptions. GDP growth (1.8%) is modest and the output gap (-0.5%) suggests slight slack, supporting a cautious easing step. The inverted 10Y-2Y spread (-0.1 pp) and low financial stress index (0.4) indicate no imminent financial instability, allowing focus on inflation persistence.",0.82,785,Scenario C,5.0,1.8,3.1,3.4,4.9,-0.5,2.4,3.0,0.4,18,115,70,-0.1,4,0,0,Democratic,0,centrist
qwen,qwen-plus,placebo,placebo,14,sc3,Scenario C,mixed inflation-employment tradeoff,-25,4.75,inflation,"PCE inflation (3.1%) and CPI inflation (3.4%) remain meaningfully above the 2% target, though moderating from prior highs; the 5-year inflation expectation (2.4%) is anchored near target, but Michigan 1-year expected inflation (3.0%) signals persistent near-term price pressures. GDP growth (1.8%) and a modestly negative output gap (-0.5%) suggest slack is emerging, supporting a modest cut, while the inverted 10Y-2Y spread (-0.1 pp) warrants caution on overtightening. Financial stress (0.4) and VIX (18) are low, indicating stable conditions that allow room for adjustment without jeopardizing financial stability.",0.82,801,Scenario C,5.0,1.8,3.1,3.4,4.9,-0.5,2.4,3.0,0.4,18,115,70,-0.1,4,0,0,Democratic,0,centrist
qwen,qwen-plus,placebo,placebo,15,sc3,Scenario C,mixed inflation-employment tradeoff,-25,4.75,inflation,"PCE inflation remains elevated at 3.1%, above the Fed's 2% target, and CPI inflation is even higher at 3.4%, indicating persistent price pressures. Although GDP growth is modest at 1.8% and the output gap is slightly negative (-0.5%), suggesting slack, inflation expectations remain anchored only moderately — the 5-year breakeven is 2.4%, but Michigan's 1-year expected inflation stands at 3.0%, signaling upside risk to inflation persistence. The inverted 10Y-2Y spread (-0.1 pp) and low financial stress index (0.4) imply limited near-term financial stability concerns, supporting a modest cut to ease pressure without undermining inflation credibility.",0.78,800,Scenario C,5.0,1.8,3.1,3.4,4.9,-0.5,2.4,3.0,0.4,18,115,70,-0.1,4,0,0,Democratic,0,centrist
