group,run_id,scenario_id,scenario_label,model,persona,rate_decision_bps,target_rate_level,primary_concern,rationale,confidence,total_tokens
policy_persona,1,sc1,Scenario A,qwen-plus,hawk,25,5.25,inflation,"PCE inflation remains elevated at 3.8%, well above the 2% target, and 5-year inflation expectations are still unanchored at 2.7%, signaling persistent inflationary pressures. With unemployment extremely low at 3.8% and real GDP exceeding potential (101.0 vs. 100), demand-side overheating reinforces the need for further tightening to restore price stability.",0.92,578
policy_persona,2,sc1,Scenario A,qwen-plus,hawk,25,5.25,inflation,"PCE inflation remains elevated at 3.8%, well above the 2% target, and 5-year inflation expectations are still sticky at 2.7%, signaling persistent inflationary pressures. With unemployment low at 3.8% and real GDP exceeding potential (101.0 vs. 100), demand remains overheated—warranting further tightening to anchor expectations and restore price stability.",0.92,578
policy_persona,3,sc1,Scenario A,qwen-plus,hawk,25,5.25,inflation,"PCE inflation remains elevated at 3.8%, well above the 2% target, and 5-year inflation expectations are still sticky at 2.7%, signaling persistent inflationary pressures. With unemployment extremely low at 3.8% and real GDP exceeding potential (101.0 vs. 100), demand-side overheating reinforces the need for further tightening to anchor expectations and restore price stability.",0.92,579
policy_persona,4,sc1,Scenario A,qwen-plus,hawk,25,5.25,inflation,"PCE inflation remains elevated at 3.8%, well above the 2% target, and 5-year inflation expectations are still anchored too high at 2.7%, signaling persistent inflationary pressures. With unemployment extremely low at 3.8% and real GDP exceeding potential (101.0 vs. 100), demand-side overheating reinforces the need for further tightening to restore price stability.",0.92,578
policy_persona,5,sc1,Scenario A,qwen-plus,hawk,25,5.25,inflation,"PCE inflation remains elevated at 3.8%, well above the 2% target, and 5-year inflation expectations are still unanchored at 2.7%, signaling persistent inflationary pressures. With unemployment extremely low at 3.8% and real GDP exceeding potential (101.0 vs. 100), demand-side overheating warrants further tightening to restore price stability.",0.92,575
policy_persona,6,sc1,Scenario A,qwen-plus,hawk,25,5.25,inflation,"PCE inflation remains elevated at 3.8%, well above the 2% target, and 5-year inflation expectations are still anchored too high at 2.7%, indicating persistent inflationary pressures. With unemployment extremely low at 3.8% and real GDP exceeding potential (101.0 vs. 100), demand-side overheating reinforces the need for further tightening to restore price stability.",0.92,578
policy_persona,7,sc1,Scenario A,qwen-plus,hawk,25,5.25,inflation,"PCE inflation remains elevated at 3.8%, well above the 2% target, and 5-year inflation expectations are still sticky at 2.7%, signaling entrenched inflationary pressures. With unemployment extremely low at 3.8% and real GDP exceeding potential (101.0 vs. 100), demand-side overheating persists, warranting further tightening to restore price stability.",0.92,576
policy_persona,8,sc1,Scenario A,qwen-plus,hawk,25,5.25,inflation,"PCE inflation remains elevated at 3.8%, well above the 2% target, and 5-year inflation expectations are still sticky at 2.7%, signaling persistent inflationary pressures. With unemployment low at 3.8% and real GDP (101.0) exceeding potential GDP (100), demand-side overheating warrants further tightening to anchor expectations and restore price stability.",0.92,575
policy_persona,9,sc1,Scenario A,qwen-plus,hawk,25,5.25,inflation,"PCE inflation remains elevated at 3.8%, well above the 2% target, and 5-year inflation expectations are still unanchored at 2.7%, signaling persistent inflationary pressures. With unemployment extremely low at 3.8% and real GDP exceeding potential (101.0 vs. 100), demand-side overheating warrants further tightening to restore price stability.",0.92,575
policy_persona,10,sc1,Scenario A,qwen-plus,hawk,25,5.25,inflation,"PCE inflation remains elevated at 3.8%, well above the 2% target, and 5-year inflation expectations are still unanchored at 2.7%, signaling persistent inflationary pressures. With unemployment extremely low at 3.8% and real GDP exceeding potential (101.0 vs. 100), demand-side overheating reinforces the need for further tightening to restore price stability.",0.92,578
policy_persona,11,sc1,Scenario A,qwen-plus,hawk,25,5.25,inflation,"PCE inflation remains elevated at 3.8%, well above the 2% target, and 5-year inflation expectations are still anchored above target at 2.7%, signaling persistent inflationary pressures. With unemployment extremely low at 3.8% and real GDP exceeding potential (101.0 vs. 100), demand-side overheating reinforces the need for further tightening.",0.92,574
policy_persona,12,sc1,Scenario A,qwen-plus,hawk,25,5.25,inflation,"PCE inflation remains elevated at 3.8%, well above the 2% target, and 5-year inflation expectations are still unanchored at 2.7%, signaling persistent inflationary pressures. With unemployment extremely low at 3.8% and real GDP exceeding potential (101.0 vs. 100), demand-side overheating reinforces the need for tighter policy to restore price stability.",0.92,578
policy_persona,13,sc1,Scenario A,qwen-plus,hawk,25,5.25,inflation,"PCE inflation remains elevated at 3.8%, well above the 2% target, and 5-year inflation expectations are still anchored too high at 2.7%, signaling persistent inflationary pressures. With unemployment low at 3.8% and real GDP exceeding potential (101.0 vs. 100), demand-side overheating reinforces the need for further tightening to restore price stability.",0.92,577
policy_persona,14,sc1,Scenario A,qwen-plus,hawk,25,5.25,inflation,"PCE inflation remains elevated at 3.8%, well above the 2% target, and 5-year inflation expectations are still anchored too high at 2.7%, indicating persistent inflationary pressures. With unemployment extremely low at 3.8% and real GDP exceeding potential (101.0 vs. 100), demand remains overheated, reinforcing the need for further tightening to restore price stability.",0.92,579
policy_persona,15,sc1,Scenario A,qwen-plus,hawk,25,5.25,inflation,"PCE inflation remains elevated at 3.8%, well above the 2% target, and 5-year inflation expectations are still sticky at 2.7%, signaling entrenched inflationary pressures. With unemployment extremely low at 3.8% and real GDP exceeding potential (101.0 vs. 100), demand-side overheating persists, warranting further tightening to restore price stability.",0.92,576
policy_persona,1,sc2,Scenario B,qwen-plus,hawk,-25,4.75,inflation,"PCE inflation remains slightly above the 2% target at 2.1%, and 5-year inflation expectations are anchored at 2.1%, indicating persistent upside pressure on prices. Although unemployment is elevated at 6.0%, real GDP (98.5) is below potential (100), suggesting modest slack—but price stability remains the overriding priority for a hawk. A modest 25 bps cut balances vigilance against premature easing while acknowledging softening activity.",0.85,590
policy_persona,2,sc2,Scenario B,qwen-plus,hawk,-25,4.75,inflation,"PCE inflation remains slightly above target at 2.1%, and 5-year inflation expectations are anchored at 2.1%—indicating persistent, albeit modest, upside pressure on prices. While unemployment is elevated at 6.0%, the output gap is modest (GDP index 98.5 vs. potential 100), suggesting demand pressures are contained; a modest cut balances vigilance on inflation with gradual policy normalization.",0.82,583
policy_persona,3,sc2,Scenario B,qwen-plus,hawk,-25,4.75,inflation,"PCE inflation remains slightly above the 2% target at 2.1%, and 5-year inflation expectations are anchored at 2.1%—indicating persistent, albeit modest, upside pressure on prices. While unemployment is elevated at 6.0%, real GDP (98.5) is below potential (100), suggesting slack that could allow for a modest, data-dependent easing without risking de-anchoring. As a hawk, I prioritize returning inflation decisively to target, but the narrow overshoot and soft growth warrant only a cautious 25 bps cut to avoid overtightening.",0.82,618
policy_persona,4,sc2,Scenario B,qwen-plus,hawk,-25,4.75,balanced,"PCE inflation is only slightly above the 2% target at 2.1%, and 5-year inflation expectations are well-anchored at 2.1%, indicating no de-anchoring risk. However, unemployment at 6.0% is meaningfully above the estimated natural rate (~4.0%), and real GDP (98.5) remains below potential (100), signaling slack in labor and goods markets. A modest 25 bps cut balances continued progress on inflation with emerging risks to employment and growth.",0.85,602
policy_persona,5,sc2,Scenario B,qwen-plus,hawk,-25,4.75,inflation,"PCE inflation remains slightly above the 2% target at 2.1%, and 5-year inflation expectations are also anchored at 2.1%, indicating persistent but contained inflationary pressures. While unemployment is elevated at 6.0%, real GDP (98.5) is below potential (100), suggesting modest slack — yet as a hawk, I prioritize ensuring inflation expectations remain well-anchored before easing further. A modest 25 bps cut balances vigilance against premature loosening.",0.85,597
policy_persona,6,sc2,Scenario B,qwen-plus,hawk,-25,4.75,inflation,"PCE inflation is at 2.1%, just above the 2% target, and 5-year inflation expectations are anchored at 2.1%, indicating persistent but contained upside pressure. With unemployment elevated at 6.0%—above estimates of the natural rate—and real GDP below potential (98.5 vs. 100), modest easing is warranted to support demand without risking de-anchoring. However, as a hawk, I prioritize inflation discipline and resist larger cuts despite slack in labor and output markets.",0.85,600
policy_persona,7,sc2,Scenario B,qwen-plus,hawk,-25,4.75,inflation,"PCE inflation remains slightly above the 2% target at 2.1%, and 5-year inflation expectations are anchored at 2.1%—indicating persistent, albeit modest, upside pressure on prices. While unemployment is elevated at 6.0%, real GDP (98.5) is below potential (100), suggesting slack that could allow for a modest easing without reigniting inflation. As a hawk, I prioritize returning inflation to target, but with inflation expectations stable and no evidence of de-anchoring, a cautious 25 bps cut is warranted to avoid overtightening.",0.85,617
policy_persona,8,sc2,Scenario B,qwen-plus,hawk,-25,4.75,inflation,"PCE inflation remains slightly above the 2% target at 2.1%, and 5-year inflation expectations are anchored at 2.1% — indicating persistent, albeit modest, upside pressure on prices. While unemployment is elevated at 6.0%, the output gap is modest (GDP at 98.5 vs. potential 100), suggesting slack is not severe enough to warrant aggressive easing. As a hawk, I prioritize confirming inflation’s return to target before accommodating labor market softness.",0.85,597
policy_persona,9,sc2,Scenario B,qwen-plus,hawk,-25,4.75,inflation,"PCE inflation remains slightly above the 2% target at 2.1%, and 5-year inflation expectations are anchored at 2.1%, indicating persistent but contained upside pressure. With unemployment elevated at 6.0% and real GDP below potential (98.5 vs. 100), modest easing is warranted—but only after confirming inflation’s downward momentum; a 25 bps cut balances vigilance on price stability with gradual accommodation.",0.85,586
policy_persona,10,sc2,Scenario B,qwen-plus,hawk,-25,4.75,inflation,"PCE inflation remains slightly above the 2% target at 2.1%, and 5-year inflation expectations are anchored at 2.1%, indicating persistent but contained upside pressure. While unemployment is elevated at 6.0%, real GDP (98.5) remains below potential (100), suggesting modest slack—warranting only a modest, data-dependent cut to avoid premature easing that could re-ignite inflation expectations.",0.85,582
policy_persona,11,sc2,Scenario B,qwen-plus,hawk,-25,4.75,inflation,"PCE inflation at 2.1% remains slightly above the 2% target, and 5-year inflation expectations are anchored at 2.1%, indicating persistent upside pressure on price stability. Although unemployment is elevated at 6.0%, real GDP (98.5) remains below potential (100), suggesting modest slack—but as a hawk, I prioritize decisive action to prevent de-anchoring of expectations. A modest 25 bps cut balances vigilance against premature easing.",0.85,594
policy_persona,12,sc2,Scenario B,qwen-plus,hawk,-25,4.75,inflation,"PCE inflation remains slightly above the 2% target at 2.1%, and 5-year inflation expectations are anchored at 2.1%—indicating persistent, albeit modest, upside pressure on prices. While unemployment is elevated at 6.0%, real GDP (98.5) remains below potential (100), suggesting slack exists; however, as a hawk, I prioritize ensuring inflation expectations remain well-anchored before easing policy further. A modest 25 bps cut balances vigilance against premature loosening.",0.85,603
policy_persona,13,sc2,Scenario B,qwen-plus,hawk,-25,4.75,inflation,"PCE inflation at 2.1% remains slightly above the 2% target, and 5-year inflation expectations are anchored at 2.1%, indicating persistent upside risk to price stability. Although unemployment is elevated at 6.0%, real GDP (98.5) remains below potential (100), suggesting slack that reduces near-term wage-price pressure—allowing a modest, data-dependent cut to avoid overtightening while keeping inflation expectations well-anchored.",0.85,590
policy_persona,14,sc2,Scenario B,qwen-plus,hawk,-25,4.75,inflation,"PCE inflation remains slightly above the 2% target at 2.1%, and 5-year inflation expectations are anchored at 2.1%, indicating persistent upside pressure on price stability. Although unemployment is elevated at 6.0%, real GDP (98.5) remains below potential (100), suggesting slack that reduces urgency for further tightening; a modest 25 bps cut balances inflation vigilance with gradual policy normalization.",0.82,583
policy_persona,15,sc2,Scenario B,qwen-plus,hawk,-25,4.75,inflation,"PCE inflation remains slightly above the 2% target at 2.1%, and 5-year inflation expectations are anchored at 2.1%, indicating persistent upside pressure on prices. Although unemployment is elevated at 6.0%, real GDP (98.5) is below potential (100), suggesting modest slack — but as a hawk, I prioritize ensuring inflation expectations remain well-anchored and do not drift higher. A modest 25 bps cut balances vigilance against premature easing.",0.85,596
policy_persona,1,sc3,Scenario C,qwen-plus,hawk,25,5.25,inflation,"PCE inflation remains elevated at 3.1%, well above the 2% target, and 5-year inflation expectations (2.4%) show modest but persistent upside drift—indicating de-anchoring risks. Although unemployment is near full employment at 4.9%, real GDP (99.5) is slightly below potential (100), suggesting limited slack to absorb further tightening; a modest 25 bps hike balances inflation control with growth caution.",0.85,589
policy_persona,2,sc3,Scenario C,qwen-plus,hawk,25,5.25,inflation,"PCE inflation remains elevated at 3.1%, well above the 2% target, and 5-year inflation expectations (2.4%) show persistent upside risk to price stability. Although unemployment is modestly above the natural rate at 4.9%, real GDP (99.5) is slightly below potential (100), indicating limited overheating pressure — but insufficient to offset the clear need to reinforce credibility on inflation control.",0.87,582
policy_persona,3,sc3,Scenario C,qwen-plus,hawk,25,5.25,inflation,"PCE inflation remains elevated at 3.1%, well above the 2% target, and 5-year inflation expectations (2.4%) show modest but persistent upward drift—both signal insufficient monetary restraint. While unemployment is low at 4.9%, it remains consistent with maximum employment, and real GDP (99.5) is slightly below potential (100), implying limited near-term growth risk from a modest hike.",0.87,581
policy_persona,4,sc3,Scenario C,qwen-plus,hawk,25,5.25,inflation,"PCE inflation remains elevated at 3.1%, well above the 2% target, and 5-year inflation expectations are still above target at 2.4%, signaling persistent inflationary pressures. Although unemployment is modestly elevated at 4.9%, it remains near full employment, leaving room to prioritize price stability without jeopardizing labor market conditions.",0.87,564
policy_persona,5,sc3,Scenario C,qwen-plus,hawk,25,5.25,inflation,"PCE inflation remains elevated at 3.1%, well above the 2% target, and 5-year inflation expectations are still above target at 2.4%, signaling persistent inflationary pressures. Although unemployment is low at 4.9%, it remains consistent with near-maximum employment and does not justify accommodation; real GDP (99.5) slightly below potential (100) suggests modest slack but insufficient to offset inflation risks.",0.87,583
policy_persona,6,sc3,Scenario C,qwen-plus,hawk,25,5.25,inflation,"PCE inflation remains elevated at 3.1%, well above the 2% target, and 5-year inflation expectations are still above target at 2.4%, signaling persistent inflationary pressures. Although unemployment is modestly above the natural rate at 4.9%, real GDP (99.5) is slightly below potential (100), suggesting limited overheating risk — but price stability takes precedence under my hawkish mandate.",0.87,582
policy_persona,7,sc3,Scenario C,qwen-plus,hawk,25,5.25,inflation,"PCE inflation remains elevated at 3.1%, well above the 2% target, and 5-year inflation expectations are still above target at 2.4%, signaling persistent inflationary pressures. Although unemployment is low at 4.9%, it remains consistent with near-full employment and does not justify dovish accommodation while inflation is unanchored. Real GDP (99.5) is slightly below potential (100), but this modest slack does not outweigh the urgency of restoring price stability.",0.87,595
policy_persona,8,sc3,Scenario C,qwen-plus,hawk,25,5.25,inflation,"PCE inflation remains elevated at 3.1%, well above the 2% target, and 5-year inflation expectations (2.4%) show modest but persistent upward drift—indicating de-anchoring risks. Although unemployment is low at 4.9%, it remains consistent with near-full employment and does not justify accommodation while inflation pressures persist.",0.87,564
policy_persona,9,sc3,Scenario C,qwen-plus,hawk,25,5.25,inflation,"PCE inflation remains elevated at 3.1%, well above the 2% target, and 5-year inflation expectations (2.4%) show modest but persistent upward drift—indicating de-anchoring risks. Although unemployment is low at 4.9%, it remains consistent with near-full employment and does not justify accommodation while inflation pressures persist.",0.87,564
policy_persona,10,sc3,Scenario C,qwen-plus,hawk,25,5.25,inflation,"PCE inflation remains elevated at 3.1%, well above the 2% target, and 5-year inflation expectations are still above target at 2.4%, signaling persistent inflationary pressures. Although unemployment is modestly above the natural rate at 4.9%, real GDP (99.5) is slightly below potential (100), suggesting limited overheating risk — but price stability takes precedence under my hawkish mandate.",0.87,582
policy_persona,11,sc3,Scenario C,qwen-plus,hawk,25,5.25,inflation,"PCE inflation remains elevated at 3.1%, well above the 2% target, and 5-year inflation expectations (2.4%) show modest but persistent upward drift—both signal insufficient monetary restraint. Although unemployment is low at 4.9%, it remains above the estimated natural rate, and real GDP (99.5) is slightly below potential (100), implying limited overheating risk; nonetheless, price stability takes precedence under my hawkish mandate.",0.87,589
policy_persona,12,sc3,Scenario C,qwen-plus,hawk,25,5.25,inflation,"PCE inflation remains elevated at 3.1%, well above the 2% target, and 5-year inflation expectations (2.4%) show modest but persistent upward drift—both signaling entrenched inflationary pressures. Although unemployment is low at 4.9%, it remains consistent with near-full employment and does not justify accommodation. Real GDP (99.5) is slightly below potential (100), but this modest slack is insufficient to offset the clear inflation risk.",0.87,589
policy_persona,13,sc3,Scenario C,qwen-plus,hawk,25,5.25,inflation,"PCE inflation remains elevated at 3.1%, well above the 2% target, and 5-year inflation expectations (2.4%) show modest but persistent upward drift—indicating embedded inflationary pressures. Although unemployment is low at 4.9%, it remains consistent with near-full employment and does not justify accommodation; real GDP (99.5) is slightly below potential (100), but demand-side inflation signals dominate. A 25 bps hike reinforces credibility on price stability.",0.87,596
policy_persona,14,sc3,Scenario C,qwen-plus,hawk,25,5.25,inflation,"PCE inflation remains elevated at 3.1%, well above the 2% target, and 5-year inflation expectations are still anchored above target at 2.4%, signaling persistent inflationary pressures. Although unemployment is modestly above the natural rate at 4.9%, it remains low enough to sustain demand-side price pressures; real GDP (99.5) is slightly below potential (100), but insufficient to offset inflation risks.",0.87,584
policy_persona,15,sc3,Scenario C,qwen-plus,hawk,25,5.25,inflation,"PCE inflation remains elevated at 3.1%, well above the 2% target, and 5-year inflation expectations are still above target at 2.4%, signaling persistent inflationary pressures. Although unemployment is low at 4.9%, it is not yet tight enough to warrant concern about labor market overheating, and real GDP (99.5) remains slightly below potential (100), indicating modest slack — but insufficient to offset the clear inflation risk.",0.87,589
policy_persona,1,sc1,Scenario A,qwen-plus,dove,-25,4.75,unemployment,"The unemployment rate remains historically low at 3.8%, signaling a tight labor market that supports further accommodation to sustain maximum employment. While PCE inflation is elevated at 3.8%, it is moderating from prior highs and 5-year inflation expectations remain anchored at 2.7%, suggesting underlying price pressures are receding. Real GDP slightly exceeds potential (101.0 vs. 100), but the modest output gap does not warrant restrictive policy given labor market strength and improving inflation dynamics.",0.85,592
policy_persona,2,sc1,Scenario A,qwen-plus,dove,-25,4.75,unemployment,"The unemployment rate remains historically low at 3.8%, signaling a tight labor market with strong employment, but real GDP (101.0) slightly exceeds potential GDP (100), suggesting modest overheating risk. However, PCE inflation (3.8%) is moderating from prior highs and 5-year inflation expectations remain anchored at 2.7%, supporting a cautious dovish adjustment. Given my focus on maximum employment and the absence of wage-price spiral evidence, a 25 bps cut balances support for labor demand without undermining price stability.",0.82,603
policy_persona,3,sc1,Scenario A,qwen-plus,dove,-25,4.75,unemployment,"The unemployment rate at 3.8% remains near historic lows, signaling a tight labor market with upside risks to wage growth and sustained employment gains. Although PCE inflation is elevated at 3.8%, it has moderated from prior peaks and 5-year inflation expectations remain anchored at 2.7%, suggesting underlying price pressures are easing. Given my dovish stance prioritizing maximum employment, a modest 25 bps cut supports continued labor market strength without undermining inflation progress.",0.82,585
policy_persona,4,sc1,Scenario A,qwen-plus,dove,-25,4.75,unemployment,"Unemployment remains historically low at 3.8%, signaling a tight labor market with upside risks to wage pressures, but not yet overheating. While PCE inflation is elevated at 3.8%, it is moderating from prior highs and 5-year inflation expectations remain anchored at 2.7%, suggesting underlying price pressures are easing. Given the dovish priority on sustaining maximum employment and the modest gap between real GDP (101.0) and potential GDP (100), a cautious 25 bps cut supports labor market resilience without undermining inflation credibility.",0.82,605
policy_persona,5,sc1,Scenario A,qwen-plus,dove,-25,4.75,unemployment,"Unemployment remains historically low at 3.8%, signaling a tight labor market that supports further accommodation to sustain job growth and broaden participation. While PCE inflation is elevated at 3.8%, it is moderating from prior highs and 5-year inflation expectations remain anchored at 2.7%, suggesting underlying price pressures are easing. The real GDP index (101.0) slightly exceeds potential GDP (100), but not excessively, allowing room for a modest cut without jeopardizing price stability.",0.85,592
policy_persona,6,sc1,Scenario A,qwen-plus,dove,-25,4.75,unemployment,"The unemployment rate remains historically low at 3.8%, signaling a tight labor market that supports further easing to sustain maximum employment. Although PCE inflation is elevated at 3.8%, 5-year inflation expectations are well-anchored at 2.7%, suggesting underlying price pressures are moderating. Real GDP slightly exceeds potential (101.0 vs. 100), but the modest positive gap does not outweigh the need to support labor market inclusivity and wage growth for lower-income workers.",0.85,592
policy_persona,7,sc1,Scenario A,qwen-plus,dove,-25,4.75,unemployment,"Unemployment remains historically low at 3.8%, signaling a tight labor market that supports continued job growth and wage stability. While PCE inflation (3.8%) is above target, 5-year inflation expectations are well-anchored at 2.7%, suggesting underlying price pressures are moderating. Given the dovish priority on sustaining maximum employment—and with real GDP slightly above potential (101.0 vs. 100)—a modest 25 bps cut balances labor market support against gradual disinflation.",0.82,596
policy_persona,8,sc1,Scenario A,qwen-plus,dove,-25,4.75,unemployment,"The unemployment rate remains historically low at 3.8%, signaling a tight labor market that supports further accommodation to sustain maximum employment. Although PCE inflation is above target at 3.8%, 5-year inflation expectations are well-anchored at 2.7%, suggesting underlying price pressures are moderating. Real GDP slightly exceeds potential (101.0 vs. 100), but the modest positive output gap does not outweigh the dovish imperative to support labor market inclusivity and wage growth.",0.85,592
policy_persona,9,sc1,Scenario A,qwen-plus,dove,-25,4.75,unemployment,"The unemployment rate remains historically low at 3.8%, signaling a tight labor market that supports continued progress toward maximum employment. While PCE inflation is still above the 2% target at 3.8%, it has moderated from prior highs and 5-year inflation expectations remain anchored at 2.7%, suggesting underlying price pressures are easing. Given the strong labor market and signs of disinflation, a modest 25 bps cut balances support for employment without jeopardizing longer-term price stability.",0.85,589
policy_persona,10,sc1,Scenario A,qwen-plus,dove,-25,4.75,unemployment,"The unemployment rate remains historically low at 3.8%, signaling a tight labor market that supports further accommodation to sustain maximum employment. While PCE inflation is elevated at 3.8%, it is moderating from prior highs and 5-year inflation expectations remain anchored at 2.7%, suggesting underlying price pressures are easing. Real GDP slightly exceeds potential (101.0 vs. 100), but the modest output gap and strong labor market justify a cautious cut to reinforce employment gains.",0.85,590
policy_persona,11,sc1,Scenario A,qwen-plus,dove,-25,4.75,unemployment,"The unemployment rate remains historically low at 3.8%, signaling a tight labor market that supports further accommodation to sustain job growth and broaden participation. While PCE inflation is elevated at 3.8%, it is moderating from prior highs and 5-year inflation expectations remain anchored at 2.7%, suggesting underlying price pressures are receding. With real GDP slightly above potential (101.0 vs. 100), modest easing is appropriate to avoid unnecessary labor market cooling.",0.82,588
policy_persona,12,sc1,Scenario A,qwen-plus,dove,-25,4.75,unemployment,"The unemployment rate remains low at 3.8%, but it has edged up slightly from prior quarters and is approaching levels historically associated with labor market softening. With real GDP (101.0) only modestly above potential GDP (100), growth momentum is cooling, reducing inflationary pressure despite PCE inflation still being above target at 3.8%. The 5-year inflation expectations remain anchored at 2.7%, suggesting underlying price pressures are easing, supporting a modest dovish adjustment to support continued labor market strength.",0.82,598
policy_persona,13,sc1,Scenario A,qwen-plus,dove,-25,4.75,unemployment,"Unemployment remains historically low at 3.8%, signaling a tight labor market that supports further accommodation to sustain job growth and broaden participation. While PCE inflation (3.8%) is above target, it is moderating and 5-year inflation expectations remain anchored at 2.7%, suggesting underlying price pressures are easing. Real GDP slightly exceeds potential (101.0 vs. 100), but the modest overshoot does not warrant restrictive policy given employment priorities.",0.85,586
policy_persona,14,sc1,Scenario A,qwen-plus,dove,-25,4.75,unemployment,"Unemployment is at a historically low 3.8%, well below most estimates of the natural rate, signaling tight labor market conditions that risk wage-driven inflation persistence. However, PCE inflation remains elevated at 3.8% and 5-year inflation expectations are modestly above target at 2.7%, warranting only a modest cut to avoid undermining confidence in the Fed's commitment to price stability. A 25 bps reduction balances support for continued labor market strength with caution on inflation inertia.",0.82,590
policy_persona,15,sc1,Scenario A,qwen-plus,dove,-25,4.75,unemployment,"The unemployment rate remains historically low at 3.8%, signaling a tight labor market with strong employment, which aligns with the dove’s priority on maximum employment. Although PCE inflation is elevated at 3.8%, it is moderating from prior highs and 5-year inflation expectations remain anchored at 2.7%, suggesting underlying price pressures are easing. With real GDP slightly above potential (101.0 vs. 100), growth is sustainable without overheating, supporting a modest cut to foster continued labor market expansion.",0.85,598
policy_persona,1,sc2,Scenario B,qwen-plus,dove,-25,4.75,unemployment,"The unemployment rate at 6.0% is meaningfully above the FOMC's longer-run estimate of the natural rate (~4.0%), signaling significant labor market slack. Real GDP (98.5) remains below potential GDP (100), indicating output gap contraction and subdued demand pressures. Meanwhile, PCE inflation (2.1%) and 5-year inflation expectations (2.1%) are both firmly at target, reducing urgency to maintain restrictive policy.",0.85,583
policy_persona,2,sc2,Scenario B,qwen-plus,dove,-25,4.75,unemployment,"The unemployment rate at 6.0% is meaningfully above the FOMC's longer-run estimate of maximum employment (typically ~4.0%), signaling significant labor market slack. Meanwhile, PCE inflation is at 2.1%—firmly at target—and 5-year inflation expectations are well anchored at 2.1%, reducing inflationary risk. With real GDP below potential (98.5 vs. 100), accommodative policy is warranted to support job growth without threatening price stability.",0.85,592
policy_persona,3,sc2,Scenario B,qwen-plus,dove,-25,4.75,unemployment,"The unemployment rate at 6.0% is meaningfully above the FOMC's longer-run estimate of NAIRU (≈4.0–4.5%), signaling significant labor market slack. Real GDP (98.5) remains below potential GDP (100), indicating output gap contractionary pressure. Meanwhile, PCE inflation (2.1%) and 5-year inflation expectations (2.1%) are both at target and well-anchored, reducing urgency to maintain restrictive policy.",0.85,590
policy_persona,4,sc2,Scenario B,qwen-plus,dove,-25,4.75,unemployment,"The unemployment rate of 6.0% is notably above the FOMC's longer-run natural rate estimate (~4.0%), signaling significant labor market slack. Real GDP (98.5) remains below potential GDP (100), confirming output gap weakness and subdued demand pressures. Meanwhile, PCE inflation (2.1%) and 5-year inflation expectations (2.1%) are both at target, providing ample room to ease policy without compromising price stability.",0.85,583
policy_persona,5,sc2,Scenario B,qwen-plus,dove,-25,4.75,unemployment,"The unemployment rate stands at 6.0%, well above the FOMC's longer-run estimate of 4.0%, signaling significant labor market slack. Meanwhile, PCE inflation is at 2.1% — comfortably at target — and 5-year inflation expectations are anchored at 2.1%, reducing near-term inflationary pressure. With real GDP (98.5) below potential GDP (100), output gap analysis supports accommodative policy to foster job growth.",0.85,586
policy_persona,6,sc2,Scenario B,qwen-plus,dove,-25,4.75,unemployment,"The unemployment rate stands at 6.0%, notably above the FOMC's estimate of the natural rate (~4.0%), signaling significant labor market slack. Meanwhile, PCE inflation is at 2.1%—firmly at target—and 5-year inflation expectations are well-anchored at 2.1%, reducing inflationary risk. With real GDP below potential (98.5 vs. 100), accommodative policy is warranted to support job growth without reigniting price pressures.",0.85,591
policy_persona,7,sc2,Scenario B,qwen-plus,dove,-25,4.75,unemployment,"The unemployment rate at 6.0% is meaningfully above the FOMC's longer-run estimate of maximum employment (typically ~4.0%), signaling significant labor market slack. Meanwhile, PCE inflation is at 2.1%—firmly at target—and 5-year inflation expectations are well-anchored at 2.1%, reducing near-term inflation risk. With real GDP below potential (98.5 vs. 100), accommodative policy is warranted to support job growth without reigniting price pressures.",0.85,596
policy_persona,8,sc2,Scenario B,qwen-plus,dove,-25,4.75,unemployment,"The unemployment rate stands at 6.0%, notably above the FOMC's longer-run natural rate estimate (~4.0%), signaling meaningful labor market slack. While PCE inflation is at target (2.1%) and inflation expectations are well-anchored, the real GDP index (98.5) falling short of potential GDP (100) confirms output gap weakness — warranting a modest cut to support job growth without risking price stability.",0.85,580
policy_persona,9,sc2,Scenario B,qwen-plus,dove,-25,4.75,unemployment,"The unemployment rate of 6.0% is notably above the Fed's estimate of the natural rate (~4.0%), signaling significant labor market slack. Real GDP (98.5) remains below potential GDP (100), indicating output gap and underutilized resources. Meanwhile, PCE inflation (2.1%) and 5-year inflation expectations (2.1%) are both at target and well-anchored, reducing inflationary risk and allowing room to support employment.",0.85,586
policy_persona,10,sc2,Scenario B,qwen-plus,dove,-25,4.75,unemployment,"The unemployment rate stands at 6.0%, above the FOMC's estimate of the natural rate, indicating slack in the labor market. Real GDP (98.5) remains below potential GDP (100), signaling underutilized resources and subdued growth. Meanwhile, PCE inflation is at target (2.1%) and inflation expectations are well-anchored, reducing urgency to maintain restrictive policy.",0.85,571
policy_persona,11,sc2,Scenario B,qwen-plus,dove,-25,4.75,unemployment,"The unemployment rate of 6.0% is meaningfully above the FOMC's longer-run estimate of the natural rate (~4.0%), signaling significant labor market slack. Meanwhile, PCE inflation at 2.1% and 5-year inflation expectations at 2.1% are both firmly at target, reducing inflationary pressure concerns and creating room to support employment. Real GDP at 98.5 (below potential GDP of 100) confirms output gap weakness.",0.85,587
policy_persona,12,sc2,Scenario B,qwen-plus,dove,-25,4.75,unemployment,"The unemployment rate at 6.0% is meaningfully above the FOMC's longer-run natural rate estimate and signals significant labor market slack. With real GDP (98.5) below potential GDP (100), the output gap is negative, reinforcing the need for accommodative policy to support job growth. PCE inflation at 2.1% is at target and 5-year inflation expectations are well anchored at 2.1%, reducing inflationary risk from a modest cut.",0.85,588
policy_persona,13,sc2,Scenario B,qwen-plus,dove,-25,4.75,unemployment,"The unemployment rate stands at 6.0%, notably above the FOMC's longer-run estimate of maximum employment (typically ~4.0%), signaling significant labor market slack. While PCE inflation is at target (2.1%) and inflation expectations are well-anchored, the real GDP index (98.5) remains below potential (100), indicating output gap pressure that warrants supportive monetary policy to foster job growth.",0.85,576
policy_persona,14,sc2,Scenario B,qwen-plus,dove,-25,4.75,unemployment,"The unemployment rate stands at 6.0%, well above the FOMC's longer-run estimate of 4.0%, indicating significant labor market slack. Meanwhile, PCE inflation is at 2.1%—firmly at target—and 5-year inflation expectations are anchored at 2.1%, suggesting no upside inflation risk. With real GDP (98.5) below potential (100), accommodative policy is warranted to support job growth without reigniting inflation.",0.85,586
policy_persona,15,sc2,Scenario B,qwen-plus,dove,-25,4.75,unemployment,"The unemployment rate of 6.0% is notably above the Fed's estimate of the natural rate (~4.0%), signaling significant labor market slack. Real GDP (98.5) remains below potential GDP (100), indicating output gap and underutilized resources. Meanwhile, PCE inflation (2.1%) and 5-year inflation expectations (2.1%) are both at target and well-anchored, reducing inflationary risk and allowing room to support employment.",0.85,586
policy_persona,1,sc3,Scenario C,qwen-plus,dove,-25,4.75,unemployment,"The unemployment rate of 4.9% is above the FOMC's longer-run estimate of 4.0% and signals slack in the labor market. Although PCE inflation remains modestly above target at 3.1%, it is trending down and 5-year inflation expectations are well-anchored at 2.4%, supporting a cautious dovish adjustment. Real GDP (99.5) is slightly below potential (100), reinforcing the need to support employment growth.",0.82,588
policy_persona,2,sc3,Scenario C,qwen-plus,dove,-25,4.75,unemployment,"The unemployment rate of 4.9% is above the FOMC's longer-run estimate of maximum employment (roughly 4.0–4.2%), and real GDP (99.5) remains slightly below potential GDP (100), signaling slack in the labor market and subdued aggregate demand. While PCE inflation at 3.1% is still above target, it is moderating and 5-year inflation expectations remain well-anchored at 2.4%, supporting a cautious dovish adjustment.",0.85,594
policy_persona,3,sc3,Scenario C,qwen-plus,dove,-25,4.75,unemployment,"The unemployment rate of 4.9% is above the FOMC's longer-run estimate of maximum employment (roughly 4.0–4.2%), signaling slack in the labor market. Although PCE inflation remains modestly above target at 3.1%, it is trending down and 5-year inflation expectations are well-anchored at 2.4%, supporting a cautious dovish adjustment. Real GDP at 99.5 versus potential GDP of 100 further indicates underutilized resources.",0.85,594
policy_persona,4,sc3,Scenario C,qwen-plus,dove,-25,4.75,unemployment,"The unemployment rate of 4.9% is above the FOMC's longer-run estimate of maximum employment (around 4.0–4.3%), and real GDP (99.5) remains slightly below potential GDP (100), signaling slack in the labor market and subdued aggregate demand. While PCE inflation at 3.1% is still above target, it is moderating, and 5-year inflation expectations remain well-anchored at 2.4%, supporting a cautious dovish adjustment.",0.82,594
policy_persona,5,sc3,Scenario C,qwen-plus,dove,-25,4.75,unemployment,"The unemployment rate of 4.9% is above the FOMC's longer-run estimate of maximum employment (≈4.0–4.2%), signaling slack in the labor market. Although PCE inflation remains modestly above target at 3.1%, it is trending down and 5-year inflation expectations are well-anchored at 2.4%, supporting a cautious dovish adjustment. Real GDP at 99.5 vs. potential GDP of 100 further confirms underutilization of resources.",0.85,594
policy_persona,6,sc3,Scenario C,qwen-plus,dove,-25,4.75,unemployment,"The unemployment rate of 4.9% is above the FOMC's longer-run estimate of maximum employment (typically ~4.0–4.2%), and real GDP (99.5) remains slightly below potential GDP (100), signaling slack in the labor market and subdued aggregate demand. While PCE inflation at 3.1% is still above target, it has moderated from prior highs and 5-year inflation expectations remain well-anchored at 2.4%, supporting a modest dovish adjustment.",0.82,595
policy_persona,7,sc3,Scenario C,qwen-plus,dove,-25,4.75,unemployment,"The unemployment rate of 4.9% is above the FOMC's longer-run estimate of the natural rate and signals slack in the labor market. Although PCE inflation remains modestly above target at 3.1%, it is trending downward and 5-year inflation expectations are well-anchored at 2.4%, supporting a cautious dovish adjustment. Real GDP (99.5) remains slightly below potential (100), reinforcing the need to support employment growth.",0.82,586
policy_persona,8,sc3,Scenario C,qwen-plus,dove,-25,4.75,unemployment,"The unemployment rate of 4.9% is above the FOMC's longer-run natural rate estimate and rising, signaling softening labor demand. Real GDP (99.5) remains below potential GDP (100), indicating slack in the economy that warrants policy accommodation to support job growth. While PCE inflation at 3.1% remains modestly above target, 5-year inflation expectations are well-anchored at 2.4%, reducing near-term inflation risk.",0.82,586
policy_persona,9,sc3,Scenario C,qwen-plus,dove,-25,4.75,unemployment,"The unemployment rate of 4.9% is above the FOMC's longer-run estimate of maximum employment (typically ~4.0–4.3%), and real GDP (99.5) remains slightly below potential GDP (100), signaling slack in the labor market and subdued aggregate demand. While PCE inflation at 3.1% is still above target, it is moderating, and 5-year inflation expectations remain well-anchored at 2.4%, supporting a cautious dovish adjustment.",0.82,594
policy_persona,10,sc3,Scenario C,qwen-plus,dove,-25,4.75,unemployment,"The unemployment rate of 4.9% is above the FOMC's longer-run estimate of the natural rate and signals slack in the labor market. Although PCE inflation remains modestly above target at 3.1%, it is trending down and 5-year inflation expectations are well-anchored at 2.4%, supporting a dovish adjustment. Real GDP (99.5) is slightly below potential (100), indicating underutilized resources.",0.85,583
policy_persona,11,sc3,Scenario C,qwen-plus,dove,-25,4.75,unemployment,"The unemployment rate of 4.9% is above the FOMC's longer-run estimate of maximum employment (roughly 4.0–4.2%), and real GDP (99.5) remains slightly below potential GDP (100), signaling slack in the labor market and subdued aggregate demand. While PCE inflation at 3.1% is still above the 2% target, it is moderating and anchored by well-anchored 5-year inflation expectations at 2.4%, supporting a modest dovish adjustment.",0.82,599
policy_persona,12,sc3,Scenario C,qwen-plus,dove,-25,4.75,unemployment,"The unemployment rate of 4.9% is above the FOMC's longer-run estimate of 4.0% and signals slack in the labor market. Although PCE inflation remains elevated at 3.1%, it is moderating and 5-year inflation expectations are well-anchored at 2.4%, supporting a cautious dovish adjustment. Real GDP (99.5) remains slightly below potential (100), reinforcing the need to support employment growth.",0.82,585
policy_persona,13,sc3,Scenario C,qwen-plus,dove,-25,4.75,unemployment,"Unemployment at 4.9% is above the FOMC's longer-run estimate of the natural rate (typically ~4.0–4.3%), signaling slack in the labor market. Real GDP at 99.5 relative to potential GDP (100) confirms output gap weakness, supporting a modest dovish adjustment. While PCE inflation remains moderately above target at 3.1%, it is trending down and 5-year inflation expectations are well-anchored at 2.4%, reducing urgency for restrictive policy.",0.85,597
policy_persona,14,sc3,Scenario C,qwen-plus,dove,-25,4.75,unemployment,"The unemployment rate of 4.9% is above the FOMC's longer-run estimate of maximum employment (roughly 4.0–4.3%), and real GDP (99.5) remains slightly below potential GDP (100), signaling slack in the labor market and subdued output. While PCE inflation at 3.1% is still above target, it is moderating and 5-year inflation expectations remain well-anchored at 2.4%, supporting a cautious dovish adjustment.",0.82,593
policy_persona,15,sc3,Scenario C,qwen-plus,dove,-25,4.75,unemployment,"Unemployment at 4.9% is above the FOMC's longer-run estimate of the natural rate (≈4.3%), signaling slack in the labor market. Real GDP (99.5) remains below potential GDP (100), confirming output gap weakness — both warrant accommodative policy to support job growth. While PCE inflation (3.1%) is still above target, it’s moderating and 5-year inflation expectations (2.4%) are well-anchored, reducing urgency for restrictive policy.",0.85,595
policy_persona,1,sc1,Scenario A,qwen-plus,centrist,25,5.25,inflation,"PCE inflation remains elevated at 3.8%, well above the 2% target, and 5-year inflation expectations have risen to 2.7%, signaling potential de-anchoring of longer-term expectations. Although unemployment is low at 3.8%, real GDP (101.0) slightly exceeds potential GDP (100), indicating demand pressures that could sustain inflation. Financial stability indicators are stable, so the dominant risk remains persistent inflation.",0.82,579
policy_persona,2,sc1,Scenario A,qwen-plus,centrist,25,5.25,inflation,"PCE inflation remains elevated at 3.8%, well above the 2% target, and 5-year inflation expectations have crept up to 2.7%, signaling potential de-anchoring of longer-term expectations. Although unemployment is low at 3.8%, real GDP (101.0) modestly exceeds potential GDP (100), indicating demand pressures that could sustain inflationary momentum.",0.82,570
policy_persona,3,sc1,Scenario A,qwen-plus,centrist,25,5.25,inflation,"PCE inflation remains elevated at 3.8%, well above the 2% target, and 5-year inflation expectations have risen to 2.7%, signaling potential de-anchoring of long-term price expectations. Although unemployment is low at 3.8%, real GDP (101.0) modestly exceeds potential GDP (100), indicating demand pressures that could sustain inflationary momentum.",0.82,569
policy_persona,4,sc1,Scenario A,qwen-plus,centrist,25,5.25,inflation,"PCE inflation remains elevated at 3.8%, well above the 2% target, and 5-year inflation expectations have risen to 2.7%, signaling potential de-anchoring of longer-term expectations. Although unemployment is low at 3.8%, real GDP (101.0) modestly exceeds potential GDP (100), indicating demand pressures that could sustain inflation. Financial stability indicators are stable, so the dominant concern is restoring price stability.",0.82,581
policy_persona,5,sc1,Scenario A,qwen-plus,centrist,25,5.25,inflation,"PCE inflation remains elevated at 3.8%, well above the 2% target, and 5-year inflation expectations have risen to 2.7%, signaling potential de-anchoring of longer-term expectations. Although unemployment is low at 3.8%, real GDP (101.0) modestly exceeds potential GDP (100), indicating demand pressures that could sustain inflationary momentum.",0.82,568
policy_persona,6,sc1,Scenario A,qwen-plus,centrist,25,5.25,inflation,"PCE inflation remains elevated at 3.8%, well above the 2% target, and 5-year inflation expectations have risen to 2.7%, signaling potential de-anchoring of long-term price expectations. Although unemployment is low at 3.8%, real GDP (101.0) modestly exceeds potential GDP (100), indicating demand pressures that could sustain inflationary momentum.",0.82,569
policy_persona,7,sc1,Scenario A,qwen-plus,centrist,25,5.25,inflation,"PCE inflation remains elevated at 3.8%, well above the 2% target, and 5-year inflation expectations have crept up to 2.7%, signaling potential de-anchoring. Although unemployment is low at 3.8%, real GDP (101.0) modestly exceeds potential GDP (100), indicating demand pressures that could sustain inflation. Financial stability indicators are not flagged as stressed, so the priority is reinforcing credibility on price stability.",0.82,583
policy_persona,8,sc1,Scenario A,qwen-plus,centrist,25,5.25,inflation,"PCE inflation remains elevated at 3.8%, well above the 2% target, and 5-year inflation expectations (2.7%) signal potential de-anchoring of longer-term expectations. Although unemployment is low at 3.8%, real GDP (101.0) slightly exceeds potential GDP (100), indicating modest demand pressure that could sustain inflation. Financial stability indicators are not flagged, so the dominant concern is containing inflationary momentum.",0.85,580
policy_persona,9,sc1,Scenario A,qwen-plus,centrist,25,5.25,inflation,"PCE inflation remains elevated at 3.8%, well above the 2% target, and 5-year inflation expectations are sticky at 2.7%, suggesting embedded inflationary pressures. While unemployment is low at 3.8%, real GDP (101.0) modestly exceeds potential GDP (100), indicating demand-side overheating that warrants further tightening to anchor expectations.",0.82,566
policy_persona,10,sc1,Scenario A,qwen-plus,centrist,25,5.25,inflation,"PCE inflation remains elevated at 3.8%, well above the 2% target, and 5-year inflation expectations are sticky at 2.7%, suggesting embedded inflationary pressures. While unemployment is low at 3.8%, it remains near full employment and does not signal overheating on its own; however, real GDP (101.0) exceeds potential GDP (100), indicating demand-driven upward pressure on prices.",0.82,576
policy_persona,11,sc1,Scenario A,qwen-plus,centrist,25,5.25,inflation,"PCE inflation remains elevated at 3.8%, well above the 2% target, and 5-year inflation expectations have risen to 2.7%, signaling potential de-anchoring of longer-term expectations. Although unemployment is low at 3.8%, real GDP (101.0) modestly exceeds potential GDP (100), indicating demand pressures that could sustain inflation. Financial stability indicators are not flagged as acute, so the priority is reinforcing credibility on price stability.",0.82,585
policy_persona,12,sc1,Scenario A,qwen-plus,centrist,25,5.25,inflation,"PCE inflation remains elevated at 3.8%, well above the 2% target, and 5-year inflation expectations are sticky at 2.7%, suggesting embedded inflationary pressures. While unemployment is low at 3.8%, it is still consistent with maximum employment, and real GDP (101.0) modestly exceeds potential GDP (100), indicating demand-side overheating. These conditions warrant a modest hike to reinforce credibility on price stability.",0.82,581
policy_persona,13,sc1,Scenario A,qwen-plus,centrist,25,5.25,inflation,"PCE inflation remains elevated at 3.8%, well above the 2% target, and 5-year inflation expectations have crept up to 2.7%, signaling potential de-anchoring risks. While unemployment is low at 3.8%, real GDP (101.0) slightly exceeds potential GDP (100), suggesting demand pressures persist and warrant further tightening to restore price stability.",0.82,569
policy_persona,14,sc1,Scenario A,qwen-plus,centrist,-25,4.75,balanced,"Unemployment at 3.8% is below the natural rate estimate and signals tight labor conditions, while PCE inflation remains elevated at 3.8%, well above the 2% target. Although 5-year inflation expectations are modestly above target at 2.7%, they show some de-anchoring risk; real GDP (101.0) exceeds potential (100), indicating demand pressures persist. A modest 25 bps cut balances the need to support labor market sustainability without prematurely loosening amid still-high inflation.",0.82,596
policy_persona,15,sc1,Scenario A,qwen-plus,centrist,25,5.25,inflation,"PCE inflation remains elevated at 3.8%, well above the 2% target, and 5-year inflation expectations are sticky at 2.7%, signaling potential de-anchoring risk. Although unemployment is low at 3.8%, real GDP (101.0) slightly exceeds potential GDP (100), indicating demand pressures that could sustain inflation. Financial stability indicators are stable, so the dominant concern is containing inflation without triggering a sharp labor market reversal.",0.82,583
policy_persona,1,sc2,Scenario B,qwen-plus,centrist,-25,4.75,balanced,"Unemployment at 6.0% is meaningfully above the FOMC's longer-run estimate of NAIRU (~4.0%), signaling slack in labor markets, while PCE inflation at 2.1% is just inside the 2% target and anchored by 5-year inflation expectations also at 2.1%. Real GDP (98.5) remains below potential (100), indicating output gap pressure that warrants modest policy accommodation. As a centrist, I balance these signals with modest easing to support employment without risking inflation de-anchoring.",0.85,600
policy_persona,2,sc2,Scenario B,qwen-plus,centrist,-25,4.75,balanced,"Unemployment at 6.0% is above the estimated natural rate (~4.0–4.5%), signaling slack in labor markets and downward pressure on wages, while PCE inflation at 2.1% is at target and 5-year inflation expectations are well-anchored at 2.1%. Real GDP (98.5) remains below potential (100), indicating modest output gap, supporting a modest cut to support employment without risking inflation re-acceleration.",0.85,583
policy_persona,3,sc2,Scenario B,qwen-plus,centrist,-25,4.75,balanced,"Unemployment at 6.0% is above the natural rate estimate and signals slack in labor markets, while PCE inflation at 2.1% is at target and 5-year inflation expectations are well-anchored at 2.1%. Real GDP (98.5) remains below potential (100), indicating modest output gap pressure. A modest 25 bps cut balances support for employment without risking inflation de-anchoring.",0.85,576
policy_persona,4,sc2,Scenario B,qwen-plus,centrist,-25,4.75,balanced,"Unemployment at 6.0% is meaningfully above the estimated natural rate (~4.0–4.5%), signaling slack in labor markets, while PCE inflation is at target (2.1%) and inflation expectations are well-anchored at 2.1%. Real GDP (98.5) remains below potential (100), indicating output gap pressure that warrants modest policy accommodation without risking price stability.",0.85,570
policy_persona,5,sc2,Scenario B,qwen-plus,centrist,-25,4.75,balanced,"Unemployment at 6.0% is above the estimated natural rate and signals slack in labor markets, while PCE inflation at 2.1% is at target and 5-year inflation expectations are well-anchored at 2.1%. Real GDP (98.5) remains below potential (100), indicating subdued aggregate demand. A modest 25 bps cut balances support for employment without risking inflation de-anchoring.",0.85,575
policy_persona,6,sc2,Scenario B,qwen-plus,centrist,-25,4.75,balanced,"Unemployment at 6.0% is above the estimated natural rate and signals slack in labor markets, while PCE inflation at 2.1% is comfortably at target and 5-year inflation expectations are anchored at 2.1%. Real GDP (98.5) remains below potential (100), indicating output gap pressure warranting modest policy accommodation without risking inflation de-anchoring.",0.85,565
policy_persona,7,sc2,Scenario B,qwen-plus,centrist,-25,4.75,balanced,"Unemployment at 6.0% is above the estimated natural rate and signals slack in labor markets, while PCE inflation at 2.1% is at target and 5-year inflation expectations are well-anchored at 2.1%. Real GDP (98.5) remains below potential (100), indicating output gap pressure. Given the centrist stance, a modest cut balances support for employment without risking inflation de-anchoring.",0.85,576
policy_persona,8,sc2,Scenario B,qwen-plus,centrist,-25,4.75,balanced,"Inflation is at target (PCE at 2.1%) and inflation expectations are well-anchored at 2.1%, reducing urgency for restrictive policy. However, unemployment at 6.0% is above the estimated natural rate (~4.0–4.5%), and real GDP (98.5) remains below potential (100), signaling slack in labor and goods markets. A modest 25 bps cut balances support for employment without risking inflation de-anchoring.",0.85,586
policy_persona,9,sc2,Scenario B,qwen-plus,centrist,-25,4.75,balanced,"Unemployment at 6.0% is above the estimated natural rate, signaling slack in labor markets and downward pressure on wages. Meanwhile, PCE inflation at 2.1% and 5-year inflation expectations at 2.1% are firmly at target, indicating price stability is achieved. With real GDP (98.5) below potential (100), modest policy accommodation supports maximum employment without risking inflation re-acceleration.",0.85,573
policy_persona,10,sc2,Scenario B,qwen-plus,centrist,-25,4.75,balanced,"Unemployment at 6.0% is above the estimated natural rate and signals slack in labor markets, while PCE inflation at 2.1% is comfortably at target and 5-year inflation expectations are well-anchored at 2.1%. Real GDP (98.5) remains below potential (100), indicating output gap pressure warranting modest policy accommodation. Given the centrist stance, a modest cut balances support for employment without undermining price stability.",0.85,579
policy_persona,11,sc2,Scenario B,qwen-plus,centrist,-25,4.75,balanced,"Unemployment at 6.0% is meaningfully above the estimated natural rate (~4.0–4.5%), signaling slack in labor markets, while PCE inflation is at target (2.1%) and inflation expectations are well-anchored at 2.1%. Real GDP (98.5) is below potential (100), indicating output gap pressure, supporting modest easing to foster maximum employment without risking price stability.",0.85,573
policy_persona,12,sc2,Scenario B,qwen-plus,centrist,-25,4.75,balanced,"Unemployment at 6.0% is above the estimated natural rate (~4.0–4.5%), signaling slack in labor markets, while PCE inflation is exactly at the 2.1% target and 5-year inflation expectations are well-anchored at 2.1%, indicating price stability is achieved. Real GDP (98.5) remains below potential (100), suggesting modest output gap pressure warranting mild accommodation. A 25 bps cut balances support for employment without risking inflation re-acceleration.",0.82,594
policy_persona,13,sc2,Scenario B,qwen-plus,centrist,-25,4.75,balanced,"Unemployment at 6.0% is above the estimated natural rate and signals slack in labor markets, while PCE inflation at 2.1% is comfortably at target and 5-year inflation expectations are well-anchored at 2.1%. Real GDP (98.5) remains below potential (100), indicating output gap pressure—warranting modest accommodation to support employment without risking inflation overshoot.",0.85,570
policy_persona,14,sc2,Scenario B,qwen-plus,centrist,-25,4.75,balanced,"Unemployment at 6.0% is above the estimated natural rate (~4.0–4.5%), signaling slack in labor markets, while PCE inflation at 2.1% is just above target and well-anchored by stable 5-year inflation expectations at 2.1%. Real GDP at 98.5 versus potential GDP of 100 indicates modest output gap, supporting a modest easing to foster maximum employment without risking inflation re-acceleration.",0.82,581
policy_persona,15,sc2,Scenario B,qwen-plus,centrist,-25,4.75,balanced,"Unemployment at 6.0% is above the estimated natural rate (~4.0–4.5%), signaling slack in labor markets and downward pressure on wages, while PCE inflation is at 2.1% — comfortably at target and aligned with anchored 5-year inflation expectations. Real GDP (98.5) remains below potential (100), indicating output gap, supporting modest accommodation. Given the balanced stance of our dual mandate and absence of financial stability red flags, a modest 25 bps cut is appropriate to gently support employment without risking inflation re-acceleration.",0.85,604
policy_persona,1,sc3,Scenario C,qwen-plus,centrist,-25,4.75,balanced,"Unemployment at 4.9% is modestly above the estimated natural rate (~4.6%), suggesting some labor market slack, while PCE inflation at 3.1% remains above the 2% target but is trending downward and anchored by well-anchored 5-year inflation expectations at 2.4%. Real GDP (99.5) is slightly below potential (100), indicating subdued demand pressure, supporting a modest cut to sustain maximum employment without reigniting inflation.",0.82,584
policy_persona,2,sc3,Scenario C,qwen-plus,centrist,-25,4.75,balanced,"Inflation remains above the 2% target at 3.1% YoY PCE, but is moderating and anchored by well-anchored 5-year inflation expectations at 2.4%. Unemployment at 4.9% is near estimates of the natural rate, and real GDP (99.5) is slightly below potential (100), suggesting modest slack. Given the balanced risks—modest inflation progress without overheating labor market or financial stress—a cautious 25 bps cut supports gradual normalization while preserving price stability.",0.82,596
policy_persona,3,sc3,Scenario C,qwen-plus,centrist,-25,4.75,balanced,"Inflation remains above the 2% target at 3.1% YoY, but is moderating and anchored by well-anchored 5-year inflation expectations at 2.4%. Unemployment at 4.9% is near historical norms and only slightly above the estimated natural rate, while real GDP (99.5) sits just below potential (100), suggesting modest slack. A modest 25 bps cut balances continued disinflation progress with the need to avoid premature easing that could reignite price pressures.",0.85,593
policy_persona,4,sc3,Scenario C,qwen-plus,centrist,-25,4.75,balanced,"Unemployment at 4.9% is near the natural rate and consistent with maximum employment, while PCE inflation at 3.1% remains above the 2% target but is moderating; the 5-year inflation expectations of 2.4% suggest anchored medium-term expectations, supporting a modest cut to ease policy without risking de-anchoring. Real GDP (99.5) is slightly below potential (100), indicating modest slack.",0.82,577
policy_persona,5,sc3,Scenario C,qwen-plus,centrist,-25,4.75,balanced,"Inflation remains above the 2% target at 3.1% YoY PCE, but is moderating and anchored by well-anchored 5-year inflation expectations at 2.4%. Unemployment at 4.9% is near historical full-employment levels and real GDP (99.5) is slightly below potential (100), suggesting modest slack. A modest 25 bps cut balances continued disinflation progress with support for labor market stability and growth.",0.82,584
policy_persona,6,sc3,Scenario C,qwen-plus,centrist,-25,4.75,balanced,"Inflation remains above the 2% target at 3.1%, but is moderating and anchored by well-anchored 5-year inflation expectations at 2.4%. Unemployment at 4.9% is near historical norms and slightly above the estimated natural rate, while real GDP (99.5) is just below potential (100), suggesting modest slack. A modest 25 bps cut balances continued disinflation progress with support for labor market stability and growth.",0.85,584
policy_persona,7,sc3,Scenario C,qwen-plus,centrist,-25,4.75,balanced,"Inflation remains above the 2% target at 3.1% YoY, but is moderating and anchored by well-anchored 5-year inflation expectations at 2.4%. Unemployment is near full employment at 4.9%, and real GDP (99.5) is just below potential (100), suggesting modest slack. A modest 25 bps cut balances continued disinflation progress with the need to avoid premature easing.",0.82,578
policy_persona,8,sc3,Scenario C,qwen-plus,centrist,-25,4.75,balanced,"Inflation remains above the 2% target at 3.1%, but is moderating and anchored by well-anchored 5-year inflation expectations at 2.4%. Unemployment is near full employment at 4.9%, and real GDP (99.5) is slightly below potential (100), suggesting modest slack. A modest 25 bps cut balances continued disinflation progress with support for labor market stability and growth.",0.85,576
policy_persona,9,sc3,Scenario C,qwen-plus,centrist,-25,4.75,balanced,"Unemployment at 4.9% is near the natural rate but slightly above the Fed's long-run estimate, while PCE inflation at 3.1% remains above the 2% target though moderating; real GDP (99.5) is marginally below potential (100), suggesting modest slack. The 5-year inflation expectations at 2.4% indicate anchored medium-term expectations, supporting a modest cut to support employment without reigniting inflationary pressures.",0.82,581
policy_persona,10,sc3,Scenario C,qwen-plus,centrist,-25,4.75,balanced,"Unemployment at 4.9% is near the natural rate and slightly above the Fed's longer-run estimate, while PCE inflation at 3.1% remains modestly above the 2% target but is trending downward; real GDP at 99.5% of potential suggests mild slack, supporting a cautious easing to sustain labor market health without reigniting inflation. The 5-year inflation expectations at 2.4% indicate well-anchored expectations, reducing financial stability risks from premature tightening.",0.82,586
policy_persona,11,sc3,Scenario C,qwen-plus,centrist,-25,4.75,balanced,"Unemployment at 4.9% is modestly above the estimated natural rate (~4.6%), suggesting some labor market slack, while PCE inflation remains above the 2% target at 3.1%. Although 5-year inflation expectations are well-anchored at 2.4%, the persistent inflation print—combined with real GDP slightly below potential (99.5 vs. 100)—indicates subdued growth but still elevated price pressures. A modest 25 bps cut balances support for employment without undermining inflation credibility.",0.82,595
policy_persona,12,sc3,Scenario C,qwen-plus,centrist,-25,4.75,balanced,"Inflation remains above the 2% target at 3.1% YoY PCE, but is moderating and anchored by well-anchored 5-year inflation expectations at 2.4%. Unemployment at 4.9% is near full employment but slightly elevated relative to recent lows, and real GDP (99.5) sits just below potential (100), suggesting modest slack. A modest 25 bps cut balances continued progress on inflation with support for labor market stability and growth.",0.82,589
policy_persona,13,sc3,Scenario C,qwen-plus,centrist,-25,4.75,balanced,"Inflation remains above the 2% target at 3.1% PCE, but is moderating and anchored by well-behaved 5-year inflation expectations at 2.4%. Unemployment at 4.9% is near estimates of the natural rate, and real GDP (99.5) is slightly below potential (100), suggesting modest slack. A modest 25 bps cut balances continued disinflation progress with the need to sustain labor market stability and avoid premature easing.",0.82,587
policy_persona,14,sc3,Scenario C,qwen-plus,centrist,-25,4.75,balanced,"Inflation remains above the 2% target at 3.1% YoY PCE, but is moderating and anchored by well-behaved 5-year inflation expectations at 2.4%. Unemployment at 4.9% is near historical norms and slightly above the estimated natural rate, suggesting modest labor market cooling; real GDP at 99.5 vs. potential (100) indicates slight slack, supporting a modest cut to sustain maximum employment without reigniting inflation.",0.82,584
policy_persona,15,sc3,Scenario C,qwen-plus,centrist,-25,4.75,balanced,"Inflation remains above the 2% target at 3.1% YoY PCE, but is moderating and anchored by well-anchored 5-year inflation expectations at 2.4%. Unemployment at 4.9% is near full employment but slightly elevated relative to recent lows, and real GDP (99.5) sits just below potential (100), suggesting modest slack. A modest 25 bps cut balances continued disinflation progress with support for labor market stability and growth.",0.82,589
no_persona,1,sc1,Scenario A,qwen-plus,none,25,5.25,inflation,"PCE inflation remains elevated at 3.8%, well above the 2% target, and 5-year inflation expectations (2.7%) signal de-anchoring risk. Although unemployment is low at 3.8%, real GDP (101.0) exceeds potential GDP (100), indicating demand pressures that sustain inflationary momentum.",0.85,524
no_persona,2,sc1,Scenario A,qwen-plus,none,25,5.25,inflation,"PCE inflation remains elevated at 3.8%, well above the 2% target, and 5-year inflation expectations (2.7%) signal de-anchoring risk. While unemployment is low at 3.8%, real GDP (101.0) exceeds potential GDP (100), indicating demand pressures that sustain inflationary momentum.",0.85,524
no_persona,3,sc1,Scenario A,qwen-plus,none,25,5.25,inflation,"PCE inflation remains elevated at 3.8%, well above the 2% target, and unemployment is historically low at 3.8%, suggesting continued labor market tightness that could sustain wage-driven price pressures. Although 5-year inflation expectations are anchored at 2.7%, the gap between current PCE and target indicates insufficient progress on disinflation. The real GDP index (101.0) exceeds potential GDP (100), signaling demand-side overheating.",0.85,549
no_persona,4,sc1,Scenario A,qwen-plus,none,25,5.25,inflation,"PCE inflation remains elevated at 3.8%, well above the 2% target, and unemployment is historically low at 3.8%, suggesting continued labor market tightness that could sustain wage-driven price pressures. Although 5-year inflation expectations are modestly anchored at 2.7%, they remain above target and signal risk of de-anchoring if policy does not reinforce credibility. The real GDP index (101.0) exceeds potential GDP (100), confirming demand pressures in the economy.",0.87,556
no_persona,5,sc1,Scenario A,qwen-plus,none,25,5.25,inflation,"PCE inflation remains elevated at 3.8%, well above the 2% target, and exceeds both 5-year inflation expectations (2.7%) and the unemployment rate (3.8%), suggesting demand pressures persist. Real GDP (101.0) exceeds potential GDP (100), indicating positive output gap and overheating risks. With inflation unanchored relative to expectations and growth above trend, a 25 bps hike is warranted to reinforce credibility and curb second-round effects.",0.85,554
no_persona,6,sc1,Scenario A,qwen-plus,none,25,5.25,inflation,"PCE inflation remains elevated at 3.8%, well above the 2% target, and unemployment is historically low at 3.8%, suggesting continued labor market tightness that could sustain wage pressures. Although 5-year inflation expectations are anchored at 2.7%, the gap between current PCE and target indicates insufficient monetary restraint. Real GDP (101.0) exceeds potential GDP (100), confirming demand-driven inflationary pressure.",0.85,544
no_persona,7,sc1,Scenario A,qwen-plus,none,25,5.25,inflation,"PCE inflation remains elevated at 3.8%, well above the 2% target, and 5-year inflation expectations are also above target at 2.7%, signaling persistent inflationary pressures. Although unemployment is low at 3.8%, real GDP (101.0) exceeds potential GDP (100), indicating demand-driven overheating that warrants further tightening to anchor expectations and cool aggregate demand.",0.85,536
no_persona,8,sc1,Scenario A,qwen-plus,none,25,5.25,inflation,"PCE inflation remains elevated at 3.8%, well above the 2% target, and 5-year inflation expectations (2.7%) signal de-anchoring risk. While unemployment is low at 3.8%, real GDP (101.0) exceeds potential GDP (100), indicating demand pressures that sustain inflationary momentum.",0.87,524
no_persona,9,sc1,Scenario A,qwen-plus,none,25,5.25,inflation,"PCE inflation remains elevated at 3.8%, well above the 2% target, and unemployment is historically low at 3.8%, suggesting continued labor market tightness that could sustain wage pressures. Although 5-year inflation expectations are modestly anchored at 2.7%, the gap between current PCE and target indicates insufficient progress on disinflation. Real GDP (101.0) exceeds potential GDP (100), confirming demand-side overheating.",0.85,547
no_persona,10,sc1,Scenario A,qwen-plus,none,25,5.25,inflation,"PCE inflation remains elevated at 3.8%, well above the 2% target, and 5-year inflation expectations (2.7%) are modestly above target, signaling potential de-anchoring risk. Although unemployment is low at 3.8%, real GDP (101.0) slightly exceeds potential GDP (100), indicating demand pressures that could sustain inflation. A 25 bps hike reinforces the Fed's commitment to price stability.",0.85,547
no_persona,11,sc1,Scenario A,qwen-plus,none,25,5.25,inflation,"PCE inflation remains elevated at 3.8%, well above the 2% target, and unemployment is historically low at 3.8%, suggesting continued labor market tightness that could sustain wage pressures. Although 5-year inflation expectations are anchored at 2.7%, the gap between current PCE and target indicates insufficient progress on disinflation. Real GDP (101.0) exceeds potential GDP (100), confirming demand-side overheating.",0.87,545
no_persona,12,sc1,Scenario A,qwen-plus,none,25,5.25,inflation,"PCE inflation remains elevated at 3.8%, well above the Fed's 2% target, and 5-year inflation expectations (2.7%) show modest but persistent upside risk to price stability. Although unemployment is low at 3.8%, real GDP (101.0) exceeds potential GDP (100), indicating demand pressures that sustain inflationary momentum.",0.85,529
no_persona,13,sc1,Scenario A,qwen-plus,none,25,5.25,inflation,"PCE inflation remains elevated at 3.8%, well above the 2% target, and unemployment is historically low at 3.8%, suggesting continued labor market tightness that could sustain wage pressures. Although 5-year inflation expectations are modestly anchored at 2.7%, the gap between current PCE and target indicates insufficient policy restraint. Real GDP (101.0) exceeds potential GDP (100), confirming demand-side overheating.",0.85,545
no_persona,14,sc1,Scenario A,qwen-plus,none,25,5.25,inflation,"PCE inflation remains elevated at 3.8%, well above the Fed's 2% target, and unemployment is low at 3.8%, suggesting continued labor market tightness that could sustain wage-driven price pressures. Although 5-year inflation expectations are anchored at 2.7%, the gap between current PCE inflation and target warrants further restrictive policy to prevent de-anchoring. Real GDP (101.0) exceeds potential GDP (100), indicating demand-side overheating.",0.85,553
no_persona,15,sc1,Scenario A,qwen-plus,none,25,5.25,inflation,"PCE inflation remains elevated at 3.8%, well above the 2% target, and unemployment is historically low at 3.8%, suggesting continued labor market tightness that could sustain wage-driven price pressures. Although 5-year inflation expectations are anchored at 2.7%, the gap between current PCE and target indicates insufficient progress on disinflation. Real GDP (101.0) exceeds potential GDP (100), confirming demand-side overheating.",0.85,547
no_persona,1,sc2,Scenario B,qwen-plus,none,-25,4.75,unemployment,"The unemployment rate of 6.0% is notably above the FOMC's longer-run natural rate estimate (~4.0%), signaling meaningful labor market slack. Meanwhile, PCE inflation at 2.1% and 5-year inflation expectations also at 2.1% are firmly at target, removing inflationary justification for maintaining restrictive policy. Real GDP at 98.5 versus potential GDP of 100 implies a negative output gap of 1.5%, supporting accommodative action to stimulate demand.",0.87,556
no_persona,2,sc2,Scenario B,qwen-plus,none,-25,4.75,unemployment,"Unemployment at 6.0% is above the natural rate estimate implied by the output gap (real GDP at 98.5 vs. potential GDP at 100, indicating a -1.5% gap), signaling slack in labor markets. Meanwhile, PCE inflation and 5-year inflation expectations are both firmly at 2.1%, meeting the Fed's target and showing no upside pressure, justifying a modest cut to support employment without risking price stability.",0.85,547
no_persona,3,sc2,Scenario B,qwen-plus,none,-25,4.75,balanced,"Unemployment at 6.0% is above the Fed's longer-run estimate of the natural rate (~4.0%), signaling labor market slack, while PCE inflation at 2.1% is at target and 5-year inflation expectations are well-anchored at 2.1%. Real GDP (98.5) remains below potential GDP (100), indicating output gap contraction but not yet full recovery; a modest 25 bps cut balances support for employment and growth without risking inflation re-acceleration.",0.85,558
no_persona,4,sc2,Scenario B,qwen-plus,none,-25,4.75,unemployment,"Unemployment at 6.0% is above the FOMC's longer-run estimate of 4.0%, signaling labor market slack. Real GDP (98.5) remains below potential GDP (100), indicating negative output gap and subdued growth pressure. Meanwhile, PCE inflation (2.1%) and 5-year inflation expectations (2.1%) are both at target and well-anchored, reducing inflationary risk and allowing room for accommodation.",0.85,546
no_persona,5,sc2,Scenario B,qwen-plus,none,-25,4.75,unemployment,"Unemployment at 6.0% is above the Fed's longer-run estimate of the natural rate (~4.0%), signaling labor market slack. Real GDP (98.5) remains below potential GDP (100), indicating output gap contraction, while PCE inflation (2.1%) and 5-year inflation expectations (2.1%) are both at target — suggesting no inflationary pressure justifying a hold or hike.",0.85,539
no_persona,6,sc2,Scenario B,qwen-plus,none,-25,4.75,balanced,"Unemployment at 6.0% is above the Fed's longer-run estimate of the natural rate (~4.0%), signaling labor market slack, while PCE inflation is precisely at the 2.1% target and 5-year inflation expectations are anchored at 2.1%, indicating no upside inflation risk. Real GDP (98.5) remains below potential (100), confirming output gap weakness that warrants modest policy accommodation.",0.85,539
no_persona,7,sc2,Scenario B,qwen-plus,none,-25,4.75,unemployment,"Unemployment at 6.0% is above the FOMC's longer-run estimate of 4.0%, signaling labor market slack. Real GDP (98.5) remains below potential GDP (100), indicating negative output gap and subdued growth pressure. Meanwhile, PCE inflation (2.1%) and 5-year inflation expectations (2.1%) are both at target and well-anchored, reducing inflationary risk and allowing room for accommodation.",0.85,546
no_persona,8,sc2,Scenario B,qwen-plus,none,-25,4.75,balanced,"Unemployment at 6.0% is above the FOMC's longer-run estimate of the natural rate (~4.0%), signaling labor market slack, while PCE inflation is exactly at target (2.1%) and inflation expectations are well-anchored at 2.1%. Real GDP (98.5) remains below potential (100), indicating output gap contraction pressure. A modest 25 bps cut balances support for employment without risking inflation de-anchoring.",0.85,550
no_persona,9,sc2,Scenario B,qwen-plus,none,-25,4.75,unemployment,"Unemployment at 6.0% is significantly above the FOMC's longer-run estimate of 4.0%, indicating slack in the labor market. Meanwhile, PCE inflation is at 2.1% — firmly at target — and 5-year inflation expectations are well-anchored at 2.1%, reducing inflationary risk. With real GDP (98.5) below potential GDP (100), output gap suggests demand weakness warranting modest policy accommodation.",0.85,549
no_persona,10,sc2,Scenario B,qwen-plus,none,-25,4.75,unemployment,"Unemployment at 6.0% is notably above the estimated natural rate (~4.0–4.5%), signaling labor market slack and subdued wage pressures. Meanwhile, PCE inflation is at 2.1% — squarely at the Fed’s target — and 5-year inflation expectations are well-anchored at 2.1%, reducing inflationary risk. The real GDP index of 98.5 (vs. potential GDP of 100) confirms output gap contraction, supporting a modest easing to stimulate demand.",0.87,559
no_persona,11,sc2,Scenario B,qwen-plus,none,-25,4.75,unemployment,"Unemployment at 6.0% is above the estimated natural rate (~4.0%), signaling labor market slack and downward pressure on wages. Real GDP (98.5) remains below potential GDP (100), indicating output gap of -1.5%, supporting accommodative policy. Meanwhile, PCE inflation (2.1%) and 5-year inflation expectations (2.1%) are firmly at target, reducing inflationary risk.",0.85,541
no_persona,12,sc2,Scenario B,qwen-plus,none,-25,4.75,unemployment,"Unemployment at 6.0% is meaningfully above the FOMC's longer-run estimate of the natural rate (~4.0%), signaling slack in labor markets. Meanwhile, PCE inflation is at target (2.1%) and 5-year inflation expectations are well-anchored at 2.1%, reducing inflationary risk. The real GDP index (98.5) is below potential (100), confirming output gap weakness.",0.87,543
no_persona,13,sc2,Scenario B,qwen-plus,none,-25,4.75,unemployment,"Unemployment at 6.0% is meaningfully above the natural rate estimate (~4.0%), signaling labor market slack and subdued wage pressures. With PCE inflation at 2.1% — exactly at target — and 5-year inflation expectations anchored at 2.1%, there is no inflationary risk justifying a hold or hike. Real GDP at 98.5 vs. potential GDP of 100 confirms output gap of -1.5%, supporting modest monetary accommodation.",0.85,552
no_persona,14,sc2,Scenario B,qwen-plus,none,-25,4.75,unemployment,"Unemployment at 6.0% is meaningfully above the FOMC's longer-run estimate of the natural rate (~4.0%), signaling labor market slack. With PCE inflation at 2.1%—firmly at target—and 5-year inflation expectations anchored at 2.1%, upside inflation risks are muted, creating room to ease policy in support of employment. Real GDP (98.5) remains below potential GDP (100), confirming output gap pressure.",0.85,550
no_persona,15,sc2,Scenario B,qwen-plus,none,-25,4.75,unemployment,"Unemployment at 6.0% is above the estimated natural rate (~4.0–4.5%), signaling labor market slack and downward pressure on wages. Real GDP (98.5) remains below potential GDP (100), indicating output gap of -1.5%, supporting accommodative policy. PCE inflation at 2.1% and 5-year expectations anchored at 2.1% confirm inflation is sustainably at target, removing constraint on easing.",0.88,548
no_persona,1,sc3,Scenario C,qwen-plus,none,-25,4.75,inflation,"PCE inflation remains above the 2% target at 3.1%, though moderating from prior highs; however, unemployment is near full employment at 4.9% and real GDP (99.5) is slightly below potential (100), suggesting modest slack. With 5-year inflation expectations well-anchored at 2.4%, a modest 25 bps cut balances continued disinflation progress with the need to avoid premature easing. The slight output gap supports cautious easing without undermining inflation credibility.",0.82,557
no_persona,2,sc3,Scenario C,qwen-plus,none,-25,4.75,inflation,"PCE inflation remains above the 2% target at 3.1%, though moderating from prior highs; however, unemployment is near full employment at 4.9%, and real GDP (99.5) is slightly below potential (100), suggesting modest slack. With 5-year inflation expectations well-anchored at 2.4%, a modest 25 bps cut balances continued disinflation progress with the need to avoid premature easing.",0.82,545
no_persona,3,sc3,Scenario C,qwen-plus,none,-25,4.75,inflation,"PCE inflation remains above the 2% target at 3.1%, though it has moderated from prior highs and 5-year inflation expectations are well-anchored at 2.4%. The unemployment rate of 4.9% is near historical norms and slightly above the natural rate estimate, suggesting modest labor market cooling; combined with real GDP (99.5) falling just short of potential GDP (100), this supports a cautious, data-dependent easing. A 25 bps cut balances continued inflation vigilance with emerging signs of demand softening.",0.82,567
no_persona,4,sc3,Scenario C,qwen-plus,none,-25,4.75,inflation,"PCE inflation remains above the 2% target at 3.1%, though moderating from prior highs; however, unemployment is near full employment at 4.9%, and real GDP (99.5) is slightly below potential (100), suggesting modest slack. With 5-year inflation expectations well-anchored at 2.4%, a modest 25 bps cut balances continued disinflation progress with the need to avoid premature easing.",0.82,545
no_persona,5,sc3,Scenario C,qwen-plus,none,-25,4.75,inflation,"PCE inflation remains above the 2% target at 3.1%, though moderating from prior highs; however, unemployment is near full employment at 4.9% and real GDP (99.5) is slightly below potential (100), suggesting modest slack. With 5-year inflation expectations well-anchored at 2.4%, a modest 25 bps cut balances continued disinflation progress against the risk of premature easing.",0.82,544
no_persona,6,sc3,Scenario C,qwen-plus,none,-25,4.75,inflation,"PCE inflation remains above the 2% target at 3.1%, though moderating from prior highs; however, unemployment is near full employment at 4.9% and real GDP (99.5) is slightly below potential (100), suggesting modest slack. With 5-year inflation expectations well-anchored at 2.4%, a modest 25 bps cut balances continued disinflation progress with the need to avoid premature easing. The slight output gap supports cautious easing without risking inflation re-acceleration.",0.82,560
no_persona,7,sc3,Scenario C,qwen-plus,none,-25,4.75,inflation,"PCE inflation remains above the 2% target at 3.1%, though moderating from prior highs; however, unemployment is near full employment at 4.9% and real GDP (99.5) is slightly below potential (100), suggesting modest slack. With 5-year inflation expectations well-anchored at 2.4%, a modest 25 bps cut balances continued disinflation progress against the risk of premature easing.",0.82,544
no_persona,8,sc3,Scenario C,qwen-plus,none,-25,4.75,inflation,"PCE inflation remains above the 2% target at 3.1%, though moderating from prior highs; however, unemployment is near full employment at 4.9% and real GDP (99.5) is just below potential (100), suggesting limited slack but no overheating. With 5-year inflation expectations well-anchored at 2.4%, a modest 25 bps cut balances continued disinflation progress against premature easing. Financial stability indicators are not elevated, supporting a cautious pivot.",0.82,557
no_persona,9,sc3,Scenario C,qwen-plus,none,-25,4.75,inflation,"PCE inflation remains above the 2% target at 3.1%, though moderating from prior highs; however, unemployment is near full employment at 4.9% and real GDP (99.5) is slightly below potential (100), suggesting modest slack. With 5-year inflation expectations well-anchored at 2.4%, a modest 25 bps cut balances continued disinflation progress against the risk of premature easing.",0.82,544
no_persona,10,sc3,Scenario C,qwen-plus,none,-25,4.75,inflation,"PCE inflation remains above the 2% target at 3.1%, though it is moderating and 5-year inflation expectations are well-anchored at 2.4%. Unemployment is near full employment at 4.9%, and real GDP (99.5) is slightly below potential (100), suggesting modest slack — warranting a cautious, modest cut to support growth without reigniting inflationary pressures.",0.82,539
no_persona,11,sc3,Scenario C,qwen-plus,none,-25,4.75,inflation,"PCE inflation remains above the 2% target at 3.1%, though it is moderating and 5-year inflation expectations are well-anchored at 2.4%. Unemployment is slightly elevated at 4.9%, suggesting some labor market slack, and real GDP (99.5) is just below potential (100), indicating modest demand weakness. A modest 25 bps cut balances continued disinflation progress with the need to ensure inflation sustainably converges to target without reigniting price pressures.",0.82,559
no_persona,12,sc3,Scenario C,qwen-plus,none,-25,4.75,inflation,"PCE inflation remains above the 2% target at 3.1%, though it is moderating and 5-year inflation expectations are well-anchored at 2.4%. Unemployment is near full employment at 4.9%, and real GDP (99.5) is slightly below potential (100), suggesting modest slack. A modest 25 bps cut balances continued disinflation progress with the need to ensure inflation sustainably converges to target.",0.82,548
no_persona,13,sc3,Scenario C,qwen-plus,none,-25,4.75,inflation,"PCE inflation remains above the 2% target at 3.1%, though moderating from prior highs; however, unemployment is near full employment at 4.9% and real GDP (99.5) is slightly below potential (100), suggesting modest slack. With 5-year inflation expectations well-anchored at 2.4%, a modest 25 bps cut balances continued disinflation progress against premature easing. The slight output gap warrants cautious accommodation without undermining inflation credibility.",0.82,553
no_persona,14,sc3,Scenario C,qwen-plus,none,-25,4.75,inflation,"PCE inflation remains above the 2% target at 3.1%, though moderating from prior highs; however, unemployment is near full employment at 4.9% and real GDP (99.5) is slightly below potential (100), suggesting modest slack. With 5-year inflation expectations well-anchored at 2.4%, a cautious 25 bps cut balances continued disinflation progress against the risk of premature easing.",0.82,544
no_persona,15,sc3,Scenario C,qwen-plus,none,-25,4.75,inflation,"PCE inflation remains above the 2% target at 3.1%, though moderating from prior highs; however, unemployment is near full employment at 4.9% and real GDP (99.5) is slightly below potential (100), suggesting modest slack. With 5-year inflation expectations well-anchored at 2.4%, a cautious 25 bps cut balances continued disinflation progress against the risk of premature easing.",0.82,544
placebo,1,sc1,Scenario A,qwen-plus,placebo,25,5.25,inflation,"PCE inflation remains elevated at 3.8%, well above the 2% target, and 5-year inflation expectations are also high at 2.7%, suggesting embedded inflationary pressures may persist. Although unemployment is low at 3.8%, the economy is operating slightly above potential (GDP index 101.0 vs. potential 100), reinforcing demand-side inflation risks.",0.82,556
placebo,2,sc1,Scenario A,qwen-plus,placebo,25,5.25,inflation,"PCE inflation remains elevated at 3.8%, well above the 2% target, and 5-year inflation expectations are also high at 2.7%, suggesting entrenched inflationary pressures. Although unemployment is low at 3.8%, real GDP (101.0) slightly exceeds potential GDP (100), indicating demand-side overheating that warrants further tightening.",0.82,551
placebo,3,sc1,Scenario A,qwen-plus,placebo,25,5.25,inflation,"PCE inflation remains elevated at 3.8%, well above the 2% target, and exceeds both potential GDP growth (implied by real GDP at 101.0 vs. potential at 100) and 5-year inflation expectations of 2.7%, suggesting upside inflationary pressures may persist. The unemployment rate is low at 3.8%, indicating a tight labor market that could sustain wage-driven inflation. Holding or cutting would risk undermining credibility on price stability.",0.82,574
placebo,4,sc1,Scenario A,qwen-plus,placebo,25,5.25,inflation,"PCE inflation remains elevated at 3.8%, well above the 2% target, and 5-year inflation expectations have risen to 2.7%, signaling potential de-anchoring of longer-term expectations. Although unemployment is low at 3.8%, real GDP (101.0) slightly exceeds potential GDP (100), indicating demand pressures that could sustain inflation. A 25 bps hike reinforces the Fed's commitment to price stability.",0.82,569
placebo,5,sc1,Scenario A,qwen-plus,placebo,25,5.25,inflation,"PCE inflation remains elevated at 3.8%, well above the Fed's 2% target, and 5-year inflation expectations are anchored but still above target at 2.7%, suggesting embedded inflationary pressures. Although unemployment is low at 3.8%, real GDP (101.0) exceeds potential GDP (100), indicating demand-driven overheating that warrants further tightening to restore price stability.",0.82,559
placebo,6,sc1,Scenario A,qwen-plus,placebo,25,5.25,inflation,"PCE inflation remains elevated at 3.8%, well above the 2% target, and exceeds both potential GDP growth and the Fed's symmetric inflation goal. Although unemployment is low at 3.8%, it is not yet signaling overheating, but the gap between current PCE and 5-year inflation expectations (2.7%) suggests embedded inflationary pressures may persist without further tightening. Real GDP (101.0) slightly exceeds potential (100), indicating modest demand pressure.",0.78,575
placebo,7,sc1,Scenario A,qwen-plus,placebo,25,5.25,inflation,"PCE inflation remains elevated at 3.8%, well above the 2% target, and 5-year inflation expectations (2.7%) signal potential de-anchoring of longer-term expectations. Although unemployment is low at 3.8%, real GDP (101.0) slightly exceeds potential GDP (100), indicating demand pressures that could sustain inflation. A 25 bps hike reinforces the Fed's commitment to price stability without overtightening.",0.82,570
placebo,8,sc1,Scenario A,qwen-plus,placebo,25,5.25,inflation,"PCE inflation remains elevated at 3.8%, well above the 2% target, and 5-year inflation expectations are also above target at 2.7%, suggesting embedded inflationary pressures. Although unemployment is low at 3.8%, real GDP (101.0) slightly exceeds potential GDP (100), indicating demand-side overheating that warrants further tightening.",0.82,552
placebo,9,sc1,Scenario A,qwen-plus,placebo,25,5.25,inflation,"PCE inflation remains elevated at 3.8%, well above the 2% target, and 5-year inflation expectations are also high at 2.7%, suggesting entrenched inflationary pressures. Although unemployment is low at 3.8%, real GDP (101.0) slightly exceeds potential GDP (100), indicating demand-side overheating that warrants further tightening.",0.82,551
placebo,10,sc1,Scenario A,qwen-plus,placebo,25,5.25,inflation,"PCE inflation remains elevated at 3.8%, well above the 2% target, and 5-year inflation expectations have risen to 2.7%, signaling potential de-anchoring of longer-term expectations. Although unemployment is low at 3.8%, real GDP (101.0) slightly exceeds potential GDP (100), indicating demand pressures that could sustain inflation. A 25 bps hike reinforces the Fed's commitment to price stability.",0.82,569
placebo,11,sc1,Scenario A,qwen-plus,placebo,25,5.25,inflation,"PCE inflation remains elevated at 3.8%, well above the 2% target, and exceeds both potential GDP growth (implied by real GDP at 101.0 vs. potential at 100) and 5-year inflation expectations of 2.7%, suggesting upside inflationary pressures may persist. The unemployment rate is low at 3.8%, indicating a tight labor market that could sustain wage-driven inflation. Holding or cutting would risk undermining credibility on price stability.",0.82,574
placebo,12,sc1,Scenario A,qwen-plus,placebo,25,5.25,inflation,"PCE inflation remains elevated at 3.8%, well above the 2% target, and unemployment is historically low at 3.8%, suggesting continued labor market tightness that could sustain wage pressures. Although 5-year inflation expectations are anchored at 2.7%, the gap between current PCE and target indicates persistent underlying inflationary momentum requiring further tightening.",0.78,547
placebo,13,sc1,Scenario A,qwen-plus,placebo,25,5.25,inflation,"PCE inflation remains elevated at 3.8%, well above the Fed's 2% target, and exceeds both potential GDP growth (implied by real GDP at 101.0 vs. potential at 100) and 5-year inflation expectations (2.7%), suggesting embedded inflationary pressures persist. With unemployment low at 3.8%, labor market tightness likely sustains wage growth and price pressures, warranting a modest hike to reinforce credibility on disinflation.",0.82,574
placebo,14,sc1,Scenario A,qwen-plus,placebo,25,5.25,inflation,"PCE inflation remains elevated at 3.8%, well above the 2% target, and 5-year inflation expectations have risen to 2.7%, signaling potential de-anchoring of longer-term expectations. Although unemployment is low at 3.8%, real GDP (101.0) exceeds potential GDP (100), indicating demand pressures that sustain inflationary momentum.",0.82,553
placebo,15,sc1,Scenario A,qwen-plus,placebo,25,5.25,inflation,"PCE inflation remains elevated at 3.8%, well above the 2% target, and 5-year inflation expectations are also high at 2.7%, signaling potential de-anchoring of longer-term expectations. Although unemployment is low at 3.8%, real GDP (101.0) slightly exceeds potential GDP (100), indicating demand pressures that could sustain inflation. A 25 bps hike reinforces the Fed's commitment to price stability without overtightening given modest output gaps.",0.82,578
placebo,1,sc2,Scenario B,qwen-plus,placebo,-25,4.75,unemployment,"Unemployment at 6.0% is above the estimated natural rate (~4.0–4.5%), signaling labor market slack, while PCE inflation is at target (2.1%) and inflation expectations are well-anchored at 2.1%. The real GDP index of 98.5—below potential GDP (100)—confirms output gap weakness, warranting modest accommodation to support employment without risking inflation overshoot.",0.82,564
placebo,2,sc2,Scenario B,qwen-plus,placebo,-25,4.75,unemployment,"Unemployment at 6.0% is meaningfully above the natural rate estimate implied by the output gap (real GDP at 98.5 vs. potential GDP at 100, a -1.5% gap), signaling slack in labor markets. Meanwhile, PCE inflation and 5-year inflation expectations are both firmly at 2.1%, consistent with the Fed's target and showing no upward pressure. With inflation well-anchored and real economic activity below potential, a modest 25 bps cut supports labor market reabsorption without risking price stability.",0.85,590
placebo,3,sc2,Scenario B,qwen-plus,placebo,-25,4.75,balanced,"Unemployment at 6.0% is above the natural rate estimate implied by the output gap (real GDP at 98.5 vs potential of 100, indicating ~1.5% shortfall), suggesting slack in labor markets, while PCE inflation at 2.1% and 5-year inflation expectations at 2.1% are firmly at target — no inflationary pressure warrants holding or hiking. A modest 25 bps cut balances support for employment without risking de-anchoring of expectations.",0.82,578
placebo,4,sc2,Scenario B,qwen-plus,placebo,-25,4.75,balanced,"Unemployment at 6.0% is above the estimated natural rate (~4.0–4.5%), signaling labor market slack, while PCE inflation at 2.1% is at target and 5-year inflation expectations are anchored at 2.1%. Real GDP (98.5) remains below potential (100), indicating output gap pressure—warranting modest easing to support growth without reigniting inflation.",0.82,560
placebo,5,sc2,Scenario B,qwen-plus,placebo,-25,4.75,balanced,"Unemployment at 6.0% is above the estimated natural rate (~4.0–4.5%), signaling labor market slack, while PCE inflation at 2.1% is comfortably at target and matched by anchored 5-year inflation expectations. Real GDP (98.5) remains below potential (100), indicating output gap pressure warranting modest policy accommodation. A 25 bps cut balances inflation credibility with emerging softness in growth and employment.",0.82,568
placebo,6,sc2,Scenario B,qwen-plus,placebo,-25,4.75,balanced,"Unemployment at 6.0% is above the natural rate estimate implied by the GDP gap (real GDP at 98.5 vs potential at 100, indicating ~1.5% output shortfall), suggesting slack in labor markets. Meanwhile, PCE inflation and 5-year inflation expectations are both firmly at 2.1%, meeting the Fed's target and showing no upward pressure. With inflation on target but growth below potential and unemployment elevated, a modest 25 bps cut balances support for employment without risking inflation de-anchoring.",0.82,585
placebo,7,sc2,Scenario B,qwen-plus,placebo,-25,4.75,balanced,"Unemployment at 6.0% is above the natural rate estimate implied by the GDP gap (real GDP at 98.5 vs potential at 100, indicating ~1.5% output shortfall), suggesting slack in labor markets. Meanwhile, PCE inflation and 5-year inflation expectations are both firmly at 2.1%, meeting the Fed's target and showing no upward pressure. With inflation on target but growth below potential and unemployment elevated, a modest 25 bps cut balances support for employment without risking inflation de-anchoring.",0.82,585
placebo,8,sc2,Scenario B,qwen-plus,placebo,-25,4.75,balanced,"Unemployment at 6.0% is above the natural rate estimate implied by the GDP gap (real GDP at 98.5 vs potential at 100, indicating ~1.5% output shortfall), suggesting slack in labor markets. Meanwhile, PCE inflation and 5-year inflation expectations are both firmly at 2.1%, meeting the Fed's target and showing well-anchored expectations. With no inflationary pressure but clear evidence of demand weakness, a modest 25 bps cut balances support for employment without risking de-anchoring.",0.82,586
placebo,9,sc2,Scenario B,qwen-plus,placebo,-25,4.75,balanced,"Unemployment at 6.0% is above the natural rate estimate implied by full employment near potential GDP (98.5 vs. 100), suggesting slack in labor markets, while PCE inflation at 2.1% and 5-year inflation expectations at 2.1% are firmly at target — indicating no inflationary pressure warranting higher rates. With real GDP below potential and no signs of overheating or financial stress, a modest 25 bps cut supports labor market normalization without risking inflation re-acceleration.",0.85,582
placebo,10,sc2,Scenario B,qwen-plus,placebo,-25,4.75,balanced,"Unemployment at 6.0% is above the estimated natural rate (~4.0–4.5%), signaling labor market slack, while PCE inflation at 2.1% is at target and 5-year inflation expectations are well-anchored at 2.1%. Real GDP (98.5) remains below potential (100), indicating output gap pressure that warrants modest policy accommodation without risking inflation de-anchoring.",0.85,562
placebo,11,sc2,Scenario B,qwen-plus,placebo,-25,4.75,balanced,"Unemployment at 6.0% is above the natural rate estimate implied by the GDP gap (real GDP at 98.5 vs potential at 100, indicating ~1.5% output shortfall), suggesting slack in labor markets. Meanwhile, PCE inflation and 5-year inflation expectations are both firmly at 2.1%, meeting the Fed's target and showing well-anchored expectations. With no inflationary pressure but clear demand weakness, a modest 25 bps cut balances support for employment without risking de-anchoring.",0.85,584
placebo,12,sc2,Scenario B,qwen-plus,placebo,-25,4.75,balanced,"Unemployment at 6.0% is above the estimated natural rate (~4.0–4.5%), signaling slack in labor markets, while PCE inflation at 2.1% is at target and 5-year inflation expectations are well-anchored at 2.1%. Real GDP (98.5) remains below potential (100), indicating output gap of -1.5%, supporting modest accommodation. Given the symmetry of risks—no overheating but persistent softness—we ease slightly to support employment without reigniting inflation.",0.85,583
placebo,13,sc2,Scenario B,qwen-plus,placebo,-25,4.75,balanced,"Unemployment at 6.0% is above the natural rate estimate implied by full employment near potential GDP (98.5/100 = 98.5% capacity utilization), suggesting slack in labor markets, while PCE inflation at 2.1% and 5-year inflation expectations also at 2.1% are firmly at target—indicating no inflationary pressure warranting restriction. A modest 25 bps cut balances support for labor market normalization without risking inflation de-anchoring.",0.82,577
placebo,14,sc2,Scenario B,qwen-plus,placebo,-25,4.75,balanced,"Unemployment at 6.0% is above the natural rate estimate implied by the output gap (real GDP at 98.5 vs potential GDP at 100, indicating ~1.5% shortfall), suggesting slack in labor markets. Meanwhile, PCE inflation and 5-year inflation expectations both sit precisely at the Fed's 2.1% target, signaling price stability. With no inflationary pressure but clear real-sector weakness, a modest 25 bps cut balances support for employment without risking inflation de-anchoring.",0.85,582
placebo,15,sc2,Scenario B,qwen-plus,placebo,-25,4.75,balanced,"Unemployment at 6.0% is above the natural rate estimate implied by the GDP gap (real GDP at 98.5 vs potential 100, indicating ~1.5% output shortfall), suggesting slack in labor markets. Meanwhile, PCE inflation and 5-year inflation expectations are both firmly at 2.1%, consistent with the Fed's target and showing no upward pressure. With inflation anchored and growth below potential, a modest 25 bps cut supports labor market normalization without risking inflation de-anchoring.",0.82,581
placebo,1,sc3,Scenario C,qwen-plus,placebo,-25,4.75,inflation,"PCE inflation remains above the 2% target at 3.1%, though moderating; however, unemployment is near full employment at 4.9% and real GDP (99.5) is slightly below potential (100), suggesting modest slack. With 5-year inflation expectations well-anchored at 2.4%, a modest 25 bps cut balances continued disinflation progress against still-elevated headline inflation.",0.78,564
placebo,2,sc3,Scenario C,qwen-plus,placebo,-25,4.75,inflation,"PCE inflation remains above the 2% target at 3.1%, though moderating from prior highs; however, unemployment is near historical lows at 4.9%, limiting room for aggressive easing. The real GDP index (99.5) sits just below potential GDP (100), suggesting modest slack but not recessionary conditions. With 5-year inflation expectations well-anchored at 2.4%, a modest 25 bps cut balances disinflation progress against upside inflation risks.",0.78,576
placebo,3,sc3,Scenario C,qwen-plus,placebo,-25,4.75,inflation,"PCE inflation remains above the 2% target at 3.1%, though it is moderating and 5-year inflation expectations are well-anchored at 2.4%. The unemployment rate of 4.9% is slightly above the natural rate estimate, suggesting modest labor market slack, and real GDP (99.5) is just below potential (100), indicating limited upward pressure on prices. A modest 25 bps cut balances continued disinflation progress with the need to ensure inflation expectations remain anchored.",0.78,581
placebo,4,sc3,Scenario C,qwen-plus,placebo,-25,4.75,inflation,"PCE inflation remains above the 2% target at 3.1%, though moderating; unemployment is near full employment at 4.9%, limiting labor-market slack as a disinflationary force. Real GDP (99.5) is slightly below potential (100), suggesting modest demand weakness, supporting a cautious cut to avoid overtightening while keeping inflation expectations anchored at 2.4%. A 25 bps cut balances progress on inflation against still-elevated readings.",0.78,574
placebo,5,sc3,Scenario C,qwen-plus,placebo,-25,4.75,inflation,"PCE inflation remains above the 2% target at 3.1%, though moderating; unemployment is near full employment at 4.9%, limiting labor-market slack as a disinflationary force. Real GDP (99.5) is slightly below potential (100), suggesting modest demand weakness, supporting a cautious cut to avoid overtightening while keeping inflation expectations anchored at 2.4%. A 25 bps cut balances progress on inflation against still-elevated readings.",0.78,574
placebo,6,sc3,Scenario C,qwen-plus,placebo,-25,4.75,inflation,"PCE inflation remains above the 2% target at 3.1%, though moderating, and 5-year inflation expectations are well-anchored at 2.4%, suggesting underlying price pressures are receding. The unemployment rate of 4.9% is near full employment but not signaling overheating, and real GDP (99.5) is slightly below potential (100), supporting modest accommodation. A 25 bps cut balances continued disinflation progress with the need to avoid premature easing.",0.82,578
placebo,7,sc3,Scenario C,qwen-plus,placebo,-25,4.75,inflation,"PCE inflation remains above the 2% target at 3.1%, though moderating from prior highs; however, unemployment is near full employment at 4.9%, and real GDP (99.5) is slightly below potential (100), suggesting modest slack. With 5-year inflation expectations well-anchored at 2.4%, a modest 25 bps cut balances continued disinflation progress against the risk of premature easing.",0.82,566
placebo,8,sc3,Scenario C,qwen-plus,placebo,-25,4.75,inflation,"PCE inflation remains above the 2% target at 3.1%, though moderating; however, unemployment is near full employment at 4.9% and real GDP (99.5) is slightly below potential (100), suggesting limited slack but no overheating. With 5-year inflation expectations well-anchored at 2.4%, a modest 25 bps cut balances continued disinflation progress against premature easing.",0.78,564
placebo,9,sc3,Scenario C,qwen-plus,placebo,-25,4.75,inflation,"PCE inflation remains above the 2% target at 3.1%, though moderating; however, unemployment is near full employment at 4.9% and real GDP (99.5) is slightly below potential (100), suggesting modest slack. With 5-year inflation expectations well-anchored at 2.4%, a modest 25 bps cut balances continued disinflation progress with the need to avoid premature easing.",0.78,564
placebo,10,sc3,Scenario C,qwen-plus,placebo,-25,4.75,inflation,"PCE inflation remains above the 2% target at 3.1%, though moderating; however, unemployment is near full employment at 4.9% and real GDP (99.5) is slightly below potential (100), suggesting modest slack. With 5-year inflation expectations well-anchored at 2.4%, a modest 25 bps cut balances continued disinflation progress against risks of premature easing.",0.78,562
placebo,11,sc3,Scenario C,qwen-plus,placebo,-25,4.75,inflation,"PCE inflation remains above the 2% target at 3.1%, though moderating from prior highs; however, unemployment is near historical lows at 4.9%, limiting room for aggressive easing. The real GDP index (99.5) sits just below potential GDP (100), suggesting modest slack, supporting a cautious 25 bps cut to ease pressure without reigniting inflation. The 5-year inflation expectations (2.4%) remain well-anchored, reducing urgency for a larger move.",0.82,579
placebo,12,sc3,Scenario C,qwen-plus,placebo,-25,4.75,inflation,"PCE inflation remains elevated at 3.1%, above the Fed's 2% target, though moderating from prior highs; however, unemployment is near full employment at 4.9%, and real GDP (99.5) is slightly below potential (100), suggesting modest slack. The 5-year inflation expectations are well-anchored at 2.4%, supporting a cautious easing to avoid overtightening while still prioritizing inflation control.",0.82,567
placebo,13,sc3,Scenario C,qwen-plus,placebo,-25,4.75,inflation,"PCE inflation remains above the 2% target at 3.1%, though moderating, and 5-year inflation expectations are well-anchored at 2.4%. Unemployment is near full employment (4.9%), limiting scope for aggressive easing; however, real GDP (99.5) is slightly below potential (100), suggesting modest slack warrants a cautious cut to support demand without reigniting inflationary pressures.",0.82,562
placebo,14,sc3,Scenario C,qwen-plus,placebo,-25,4.75,inflation,"PCE inflation remains above the 2% target at 3.1%, though moderating; however, unemployment is near full employment at 4.9% and real GDP (99.5) is slightly below potential (100), suggesting modest slack. With 5-year inflation expectations well-anchored at 2.4%, a modest 25 bps cut balances continued disinflation progress against the risk of premature easing. The slight output gap supports cautious accommodation without undermining inflation credibility.",0.82,575
placebo,15,sc3,Scenario C,qwen-plus,placebo,-25,4.75,inflation,"PCE inflation remains above the Fed's 2% target at 3.1%, though moderating from prior highs; however, unemployment is near full employment at 4.9%, and real GDP (99.5) is slightly below potential (100), suggesting modest slack. With 5-year inflation expectations well-anchored at 2.4%, a modest 25 bps cut balances continued disinflation progress against still-elevated headline inflation.",0.78,569
